filename,label
/Users/tontran/Library/CloudStorage/OneDrive-VisualDefenceInc/Projects/road_object_shared/raw_frames/daytime/20250727123905_057507A/frame_00000.jpg,car
/Users/tontran/Library/CloudStorage/OneDrive-VisualDefenceInc/Projects/road_object_shared/raw_frames/daytime/20250727123905_057507A/frame_00001.jpg,car
/Users/tontran/Library/CloudStorage/OneDrive-VisualDefenceInc/Projects/road_object_shared/raw_frames/daytime/20250727123905_057507A/frame_00002.jpg,car
/Users/tontran/Library/CloudStorage/OneDrive-VisualDefenceInc/Projects/road_object_shared/raw_frames/daytime/20250727123905_057507A/frame_00003.jpg,car
/Users/tontran/Library/CloudStorage/OneDrive-VisualDefenceInc/Projects/road_object_shared/raw_frames/daytime/20250727123905_057507A/frame_00004.jpg,car
/Users/tontran/Library/CloudStorage/OneDrive-VisualDefenceInc/Projects/road_object_shared/raw_frames/daytime/20250727123905_057507A/frame_00005.jpg,car
/Users/tontran/Library/CloudStorage/OneDrive-VisualDefenceInc/Projects/road_object_shared/raw_frames/daytime/20250727123905_057507A/frame_00006.jpg,car
/Users/tontran/Library/CloudStorage/OneDrive-VisualDefenceInc/Projects/road_object_shared/raw_frames/daytime/20250727123905_057507A/frame_00007.jpg,car
/Users/tontran/Library/CloudStorage/OneDrive-VisualDefenceInc/Projects/road_object_shared/raw_frames/daytime/20250727123905_057507A/frame_00008.jpg,car
/Users/tontran/Library/CloudStorage/OneDrive-VisualDefenceInc/Projects/road_object_shared/raw_frames/daytime/20250727123905_057507A/frame_00009.jpg,car
/Users/tontran/Library/CloudStorage/OneDrive-VisualDefenceInc/Projects/road_object_shared/raw_frames/daytime/20250727123905_057507A/frame_00010.jpg,car
/Users/tontran/Library/CloudStorage/OneDrive-VisualDefenceInc/Projects/road_object_shared/raw_frames/daytime/20250727123905_057507A/frame_00011.jpg,car
/Users/tontran/Library/CloudStorage/OneDrive-VisualDefenceInc/Projects/road_object_shared/raw_frames/daytime/20250727123905_057507A/frame_00012.jpg,car
/Users/tontran/Library/CloudStorage/OneDrive-VisualDefenceInc/Projects/road_object_shared/raw_frames/daytime/20250727123905_057507A/frame_00013.jpg,car
/Users/tontran/Library/CloudStorage/OneDrive-VisualDefenceInc/Projects/road_object_shared/raw_frames/daytime/20250727123905_057507A/frame_00014.jpg,car
/Users/tontran/Library/CloudStorage/OneDrive-VisualDefenceInc/Projects/road_object_shared/raw_frames/daytime/20250727123905_057507A/frame_00015.jpg,car
/Users/tontran/Library/CloudStorage/OneDrive-VisualDefenceInc/Projects/road_object_shared/raw_frames/daytime/20250727123905_057507A/frame_00016.jpg,car
/Users/tontran/Library/CloudStorage/OneDrive-VisualDefenceInc/Projects/road_object_shared/raw_frames/daytime/20250727123905_057507A/frame_00017.jpg,car
/Users/tontran/Library/CloudStorage/OneDrive-VisualDefenceInc/Projects/road_object_shared/raw_frames/daytime/20250727123905_057507A/frame_00018.jpg,car
/Users/tontran/Library/CloudStorage/OneDrive-VisualDefenceInc/Projects/road_object_shared/raw_frames/daytime/20250727123905_057507A/frame_00019.jpg,car
/Users/tontran/Library/CloudStorage/OneDrive-VisualDefenceInc/Projects/road_object_shared/raw_frames/daytime/20250727123905_057507A/frame_00020.jpg,car
/Users/tontran/Library/CloudStorage/OneDrive-VisualDefenceInc/Projects/road_object_shared/raw_frames/daytime/20250727123905_057507A/frame_00021.jpg,car
/Users/tontran/Library/CloudStorage/OneDrive-VisualDefenceInc/Projects/road_object_shared/raw_frames/daytime/20250727123905_057507A/frame_00022.jpg,car
/Users/tontran/Library/CloudStorage/OneDrive-VisualDefenceInc/Projects/road_object_shared/raw_frames/daytime/20250727123905_057507A/frame_00023.jpg,car
/Users/tontran/Library/CloudStorage/OneDrive-VisualDefenceInc/Projects/road_object_shared/raw_frames/daytime/20250727123905_057507A/frame_00024.jpg,car
/Users/tontran/Library/CloudStorage/OneDrive-VisualDefenceInc/Projects/road_object_shared/raw_frames/daytime/20250727123905_057507A/frame_00025.jpg,car
/Users/tontran/Library/CloudStorage/OneDrive-VisualDefenceInc/Projects/road_object_shared/raw_frames/daytime/20250727123905_057507A/frame_00026.jpg,car
/Users/tontran/Library/CloudStorage/OneDrive-VisualDefenceInc/Projects/road_object_shared/raw_frames/daytime/20250727123905_057507A/frame_00027.jpg,car
/Users/tontran/Library/CloudStorage/OneDrive-VisualDefenceInc/Projects/road_object_shared/raw_frames/daytime/20250727123905_057507A/frame_00028.jpg,car
/Users/tontran/Library/CloudStorage/OneDrive-VisualDefenceInc/Projects/road_object_shared/raw_frames/daytime/20250727123905_057507A/frame_00029.jpg,car
/Users/tontran/Library/CloudStorage/OneDrive-VisualDefenceInc/Projects/road_object_shared/raw_frames/daytime/20250727123905_057507A/frame_00030.jpg,car
/Users/tontran/Library/CloudStorage/OneDrive-VisualDefenceInc/Projects/road_object_shared/raw_frames/daytime/20250727123905_057507A/frame_00031.jpg,car
/Users/tontran/Library/CloudStorage/OneDrive-VisualDefenceInc/Projects/road_object_shared/raw_frames/daytime/20250727123905_057507A/frame_00032.jpg,car
/Users/tontran/Library/CloudStorage/OneDrive-VisualDefenceInc/Projects/road_object_shared/raw_frames/daytime/20250727123905_057507A/frame_00033.jpg,human
/Users/tontran/Library/CloudStorage/OneDrive-VisualDefenceInc/Projects/road_object_shared/raw_frames/daytime/20250727123905_057507A/frame_00034.jpg,human
/Users/tontran/Library/CloudStorage/OneDrive-VisualDefenceInc/Projects/road_object_shared/raw_frames/daytime/20250727123905_057507A/frame_00035.jpg,human
/Users/tontran/Library/CloudStorage/OneDrive-VisualDefenceInc/Projects/road_object_shared/raw_frames/daytime/20250727123905_057507A/frame_00036.jpg,human
/Users/tontran/Library/CloudStorage/OneDrive-VisualDefenceInc/Projects/road_object_shared/raw_frames/daytime/20250727123905_057507A/frame_00037.jpg,human
/Users/tontran/Library/CloudStorage/OneDrive-VisualDefenceInc/Projects/road_object_shared/raw_frames/daytime/20250727123905_057507A/frame_00038.jpg,human
/Users/tontran/Library/CloudStorage/OneDrive-VisualDefenceInc/Projects/road_object_shared/raw_frames/daytime/20250727123905_057507A/frame_00039.jpg,human
/Users/tontran/Library/CloudStorage/OneDrive-VisualDefenceInc/Projects/road_object_shared/raw_frames/daytime/20250727123905_057507A/frame_00040.jpg,human
/Users/tontran/Library/CloudStorage/OneDrive-VisualDefenceInc/Projects/road_object_shared/raw_frames/daytime/20250727123905_057507A/frame_00041.jpg,car
/Users/tontran/Library/CloudStorage/OneDrive-VisualDefenceInc/Projects/road_object_shared/raw_frames/daytime/20250727123905_057507A/frame_00042.jpg,car
/Users/tontran/Library/CloudStorage/OneDrive-VisualDefenceInc/Projects/road_object_shared/raw_frames/daytime/20250727123905_057507A/frame_00043.jpg,car
/Users/tontran/Library/CloudStorage/OneDrive-VisualDefenceInc/Projects/road_object_shared/raw_frames/daytime/20250727123905_057507A/frame_00044.jpg,car
/Users/tontran/Library/CloudStorage/OneDrive-VisualDefenceInc/Projects/road_object_shared/raw_frames/daytime/20250727123905_057507A/frame_00045.jpg,car
/Users/tontran/Library/CloudStorage/OneDrive-VisualDefenceInc/Projects/road_object_shared/raw_frames/daytime/20250727123905_057507A/frame_00046.jpg,car
/Users/tontran/Library/CloudStorage/OneDrive-VisualDefenceInc/Projects/road_object_shared/raw_frames/daytime/20250727123905_057507A/frame_00047.jpg,car
/Users/tontran/Library/CloudStorage/OneDrive-VisualDefenceInc/Projects/road_object_shared/raw_frames/daytime/20250727124005_057509A/frame_00000.jpg,car
/Users/tontran/Library/CloudStorage/OneDrive-VisualDefenceInc/Projects/road_object_shared/raw_frames/daytime/20250727124005_057509A/frame_00001.jpg,car
/Users/tontran/Library/CloudStorage/OneDrive-VisualDefenceInc/Projects/road_object_shared/raw_frames/daytime/20250727124005_057509A/frame_00002.jpg,car
/Users/tontran/Library/CloudStorage/OneDrive-VisualDefenceInc/Projects/road_object_shared/raw_frames/daytime/20250727124005_057509A/frame_00003.jpg,car
/Users/tontran/Library/CloudStorage/OneDrive-VisualDefenceInc/Projects/road_object_shared/raw_frames/daytime/20250727124005_057509A/frame_00004.jpg,car
/Users/tontran/Library/CloudStorage/OneDrive-VisualDefenceInc/Projects/road_object_shared/raw_frames/daytime/20250727124005_057509A/frame_00005.jpg,car
/Users/tontran/Library/CloudStorage/OneDrive-VisualDefenceInc/Projects/road_object_shared/raw_frames/daytime/20250727124005_057509A/frame_00006.jpg,car
/Users/tontran/Library/CloudStorage/OneDrive-VisualDefenceInc/Projects/road_object_shared/raw_frames/daytime/20250727124005_057509A/frame_00007.jpg,car
/Users/tontran/Library/CloudStorage/OneDrive-VisualDefenceInc/Projects/road_object_shared/raw_frames/daytime/20250727124005_057509A/frame_00008.jpg,car
/Users/tontran/Library/CloudStorage/OneDrive-VisualDefenceInc/Projects/road_object_shared/raw_frames/daytime/20250727124005_057509A/frame_00009.jpg,
/Users/tontran/Library/CloudStorage/OneDrive-VisualDefenceInc/Projects/road_object_shared/raw_frames/daytime/20250727124005_057509A/frame_00010.jpg,
/Users/tontran/Library/CloudStorage/OneDrive-VisualDefenceInc/Projects/road_object_shared/raw_frames/daytime/20250727124005_057509A/frame_00011.jpg,
/Users/tontran/Library/CloudStorage/OneDrive-VisualDefenceInc/Projects/road_object_shared/raw_frames/daytime/20250727124005_057509A/frame_00012.jpg,
/Users/tontran/Library/CloudStorage/OneDrive-VisualDefenceInc/Projects/road_object_shared/raw_frames/daytime/20250727124005_057509A/frame_00013.jpg,
/Users/tontran/Library/CloudStorage/OneDrive-VisualDefenceInc/Projects/road_object_shared/raw_frames/daytime/20250727124005_057509A/frame_00014.jpg,
/Users/tontran/Library/CloudStorage/OneDrive-VisualDefenceInc/Projects/road_object_shared/raw_frames/daytime/20250727124005_057509A/frame_00015.jpg,
/Users/tontran/Library/CloudStorage/OneDrive-VisualDefenceInc/Projects/road_object_shared/raw_frames/daytime/20250727124005_057509A/frame_00016.jpg,
/Users/tontran/Library/CloudStorage/OneDrive-VisualDefenceInc/Projects/road_object_shared/raw_frames/daytime/20250727124005_057509A/frame_00017.jpg,
/Users/tontran/Library/CloudStorage/OneDrive-VisualDefenceInc/Projects/road_object_shared/raw_frames/daytime/20250727124005_057509A/frame_00018.jpg,
/Users/tontran/Library/CloudStorage/OneDrive-VisualDefenceInc/Projects/road_object_shared/raw_frames/daytime/20250727124005_057509A/frame_00019.jpg,car
/Users/tontran/Library/CloudStorage/OneDrive-VisualDefenceInc/Projects/road_object_shared/raw_frames/daytime/20250727124005_057509A/frame_00020.jpg,car
/Users/tontran/Library/CloudStorage/OneDrive-VisualDefenceInc/Projects/road_object_shared/raw_frames/daytime/20250727124005_057509A/frame_00021.jpg,car
/Users/tontran/Library/CloudStorage/OneDrive-VisualDefenceInc/Projects/road_object_shared/raw_frames/daytime/20250727124005_057509A/frame_00022.jpg,car
/Users/tontran/Library/CloudStorage/OneDrive-VisualDefenceInc/Projects/road_object_shared/raw_frames/daytime/20250727124005_057509A/frame_00023.jpg,car
/Users/tontran/Library/CloudStorage/OneDrive-VisualDefenceInc/Projects/road_object_shared/raw_frames/daytime/20250727124005_057509A/frame_00024.jpg,car
/Users/tontran/Library/CloudStorage/OneDrive-VisualDefenceInc/Projects/road_object_shared/raw_frames/daytime/20250727124005_057509A/frame_00025.jpg,car
/Users/tontran/Library/CloudStorage/OneDrive-VisualDefenceInc/Projects/road_object_shared/raw_frames/daytime/20250727124005_057509A/frame_00026.jpg,car
/Users/tontran/Library/CloudStorage/OneDrive-VisualDefenceInc/Projects/road_object_shared/raw_frames/daytime/20250727124005_057509A/frame_00027.jpg,car
/Users/tontran/Library/CloudStorage/OneDrive-VisualDefenceInc/Projects/road_object_shared/raw_frames/daytime/20250727124005_057509A/frame_00028.jpg,car
/Users/tontran/Library/CloudStorage/OneDrive-VisualDefenceInc/Projects/road_object_shared/raw_frames/daytime/20250727124005_057509A/frame_00029.jpg,car
/Users/tontran/Library/CloudStorage/OneDrive-VisualDefenceInc/Projects/road_object_shared/raw_frames/daytime/20250727124005_057509A/frame_00030.jpg,car
/Users/tontran/Library/CloudStorage/OneDrive-VisualDefenceInc/Projects/road_object_shared/raw_frames/daytime/20250727124005_057509A/frame_00031.jpg,car
/Users/tontran/Library/CloudStorage/OneDrive-VisualDefenceInc/Projects/road_object_shared/raw_frames/daytime/20250727124005_057509A/frame_00032.jpg,car
/Users/tontran/Library/CloudStorage/OneDrive-VisualDefenceInc/Projects/road_object_shared/raw_frames/daytime/20250727124005_057509A/frame_00033.jpg,car
/Users/tontran/Library/CloudStorage/OneDrive-VisualDefenceInc/Projects/road_object_shared/raw_frames/daytime/20250727124005_057509A/frame_00034.jpg,car
/Users/tontran/Library/CloudStorage/OneDrive-VisualDefenceInc/Projects/road_object_shared/raw_frames/daytime/20250727124005_057509A/frame_00035.jpg,car
/Users/tontran/Library/CloudStorage/OneDrive-VisualDefenceInc/Projects/road_object_shared/raw_frames/daytime/20250727124005_057509A/frame_00036.jpg,car
/Users/tontran/Library/CloudStorage/OneDrive-VisualDefenceInc/Projects/road_object_shared/raw_frames/daytime/20250727124005_057509A/frame_00037.jpg,car
/Users/tontran/Library/CloudStorage/OneDrive-VisualDefenceInc/Projects/road_object_shared/raw_frames/daytime/20250727124005_057509A/frame_00038.jpg,car
/Users/tontran/Library/CloudStorage/OneDrive-VisualDefenceInc/Projects/road_object_shared/raw_frames/daytime/20250727124005_057509A/frame_00039.jpg,car
/Users/tontran/Library/CloudStorage/OneDrive-VisualDefenceInc/Projects/road_object_shared/raw_frames/daytime/20250727124005_057509A/frame_00040.jpg,car
/Users/tontran/Library/CloudStorage/OneDrive-VisualDefenceInc/Projects/road_object_shared/raw_frames/daytime/20250727124005_057509A/frame_00041.jpg,car
/Users/tontran/Library/CloudStorage/OneDrive-VisualDefenceInc/Projects/road_object_shared/raw_frames/daytime/20250727124005_057509A/frame_00042.jpg,car
/Users/tontran/Library/CloudStorage/OneDrive-VisualDefenceInc/Projects/road_object_shared/raw_frames/daytime/20250727124005_057509A/frame_00043.jpg,car
/Users/tontran/Library/CloudStorage/OneDrive-VisualDefenceInc/Projects/road_object_shared/raw_frames/daytime/20250727124005_057509A/frame_00044.jpg,car
/Users/tontran/Library/CloudStorage/OneDrive-VisualDefenceInc/Projects/road_object_shared/raw_frames/daytime/20250727124005_057509A/frame_00045.jpg,car
/Users/tontran/Library/CloudStorage/OneDrive-VisualDefenceInc/Projects/road_object_shared/raw_frames/daytime/20250727124005_057509A/frame_00046.jpg,car
/Users/tontran/Library/CloudStorage/OneDrive-VisualDefenceInc/Projects/road_object_shared/raw_frames/daytime/20250727124005_057509A/frame_00047.jpg,car
/Users/tontran/Library/CloudStorage/OneDrive-VisualDefenceInc/Projects/road_object_shared/raw_frames/daytime/20250727124105_057511A/frame_00000.jpg,car
/Users/tontran/Library/CloudStorage/OneDrive-VisualDefenceInc/Projects/road_object_shared/raw_frames/daytime/20250727124105_057511A/frame_00001.jpg,car
/Users/tontran/Library/CloudStorage/OneDrive-VisualDefenceInc/Projects/road_object_shared/raw_frames/daytime/20250727124105_057511A/frame_00002.jpg,car
/Users/tontran/Library/CloudStorage/OneDrive-VisualDefenceInc/Projects/road_object_shared/raw_frames/daytime/20250727124105_057511A/frame_00003.jpg,car
/Users/tontran/Library/CloudStorage/OneDrive-VisualDefenceInc/Projects/road_object_shared/raw_frames/daytime/20250727124105_057511A/frame_00004.jpg,car
/Users/tontran/Library/CloudStorage/OneDrive-VisualDefenceInc/Projects/road_object_shared/raw_frames/daytime/20250727124105_057511A/frame_00005.jpg,car
/Users/tontran/Library/CloudStorage/OneDrive-VisualDefenceInc/Projects/road_object_shared/raw_frames/daytime/20250727124105_057511A/frame_00006.jpg,car
/Users/tontran/Library/CloudStorage/OneDrive-VisualDefenceInc/Projects/road_object_shared/raw_frames/daytime/20250727124105_057511A/frame_00007.jpg,car
/Users/tontran/Library/CloudStorage/OneDrive-VisualDefenceInc/Projects/road_object_shared/raw_frames/daytime/20250727124105_057511A/frame_00008.jpg,car
/Users/tontran/Library/CloudStorage/OneDrive-VisualDefenceInc/Projects/road_object_shared/raw_frames/daytime/20250727124105_057511A/frame_00009.jpg,car
/Users/tontran/Library/CloudStorage/OneDrive-VisualDefenceInc/Projects/road_object_shared/raw_frames/daytime/20250727124105_057511A/frame_00010.jpg,car
/Users/tontran/Library/CloudStorage/OneDrive-VisualDefenceInc/Projects/road_object_shared/raw_frames/daytime/20250727124105_057511A/frame_00011.jpg,car
/Users/tontran/Library/CloudStorage/OneDrive-VisualDefenceInc/Projects/road_object_shared/raw_frames/daytime/20250727124105_057511A/frame_00012.jpg,car
/Users/tontran/Library/CloudStorage/OneDrive-VisualDefenceInc/Projects/road_object_shared/raw_frames/daytime/20250727124105_057511A/frame_00013.jpg,car
/Users/tontran/Library/CloudStorage/OneDrive-VisualDefenceInc/Projects/road_object_shared/raw_frames/daytime/20250727124105_057511A/frame_00014.jpg,car
/Users/tontran/Library/CloudStorage/OneDrive-VisualDefenceInc/Projects/road_object_shared/raw_frames/daytime/20250727124105_057511A/frame_00015.jpg,car
/Users/tontran/Library/CloudStorage/OneDrive-VisualDefenceInc/Projects/road_object_shared/raw_frames/daytime/20250727124105_057511A/frame_00016.jpg,car
/Users/tontran/Library/CloudStorage/OneDrive-VisualDefenceInc/Projects/road_object_shared/raw_frames/daytime/20250727124105_057511A/frame_00017.jpg,car
/Users/tontran/Library/CloudStorage/OneDrive-VisualDefenceInc/Projects/road_object_shared/raw_frames/daytime/20250727124105_057511A/frame_00018.jpg,car
/Users/tontran/Library/CloudStorage/OneDrive-VisualDefenceInc/Projects/road_object_shared/raw_frames/daytime/20250727124105_057511A/frame_00019.jpg,car
/Users/tontran/Library/CloudStorage/OneDrive-VisualDefenceInc/Projects/road_object_shared/raw_frames/daytime/20250727124105_057511A/frame_00020.jpg,car
/Users/tontran/Library/CloudStorage/OneDrive-VisualDefenceInc/Projects/road_object_shared/raw_frames/daytime/20250727124105_057511A/frame_00021.jpg,car
/Users/tontran/Library/CloudStorage/OneDrive-VisualDefenceInc/Projects/road_object_shared/raw_frames/daytime/20250727124105_057511A/frame_00022.jpg,car
/Users/tontran/Library/CloudStorage/OneDrive-VisualDefenceInc/Projects/road_object_shared/raw_frames/daytime/20250727124105_057511A/frame_00023.jpg,car
/Users/tontran/Library/CloudStorage/OneDrive-VisualDefenceInc/Projects/road_object_shared/raw_frames/daytime/20250727124105_057511A/frame_00024.jpg,car
/Users/tontran/Library/CloudStorage/OneDrive-VisualDefenceInc/Projects/road_object_shared/raw_frames/daytime/20250727124105_057511A/frame_00025.jpg,car
/Users/tontran/Library/CloudStorage/OneDrive-VisualDefenceInc/Projects/road_object_shared/raw_frames/daytime/20250727124105_057511A/frame_00026.jpg,car
/Users/tontran/Library/CloudStorage/OneDrive-VisualDefenceInc/Projects/road_object_shared/raw_frames/daytime/20250727124105_057511A/frame_00027.jpg,car
/Users/tontran/Library/CloudStorage/OneDrive-VisualDefenceInc/Projects/road_object_shared/raw_frames/daytime/20250727124105_057511A/frame_00028.jpg,car
/Users/tontran/Library/CloudStorage/OneDrive-VisualDefenceInc/Projects/road_object_shared/raw_frames/daytime/20250727124105_057511A/frame_00029.jpg,car
/Users/tontran/Library/CloudStorage/OneDrive-VisualDefenceInc/Projects/road_object_shared/raw_frames/daytime/20250727124105_057511A/frame_00030.jpg,car
/Users/tontran/Library/CloudStorage/OneDrive-VisualDefenceInc/Projects/road_object_shared/raw_frames/daytime/20250727124105_057511A/frame_00031.jpg,car
/Users/tontran/Library/CloudStorage/OneDrive-VisualDefenceInc/Projects/road_object_shared/raw_frames/daytime/20250727124105_057511A/frame_00032.jpg,car
/Users/tontran/Library/CloudStorage/OneDrive-VisualDefenceInc/Projects/road_object_shared/raw_frames/daytime/20250727124105_057511A/frame_00033.jpg,car
/Users/tontran/Library/CloudStorage/OneDrive-VisualDefenceInc/Projects/road_object_shared/raw_frames/daytime/20250727124105_057511A/frame_00034.jpg,car
/Users/tontran/Library/CloudStorage/OneDrive-VisualDefenceInc/Projects/road_object_shared/raw_frames/daytime/20250727124105_057511A/frame_00035.jpg,car
/Users/tontran/Library/CloudStorage/OneDrive-VisualDefenceInc/Projects/road_object_shared/raw_frames/daytime/20250727124105_057511A/frame_00036.jpg,car
/Users/tontran/Library/CloudStorage/OneDrive-VisualDefenceInc/Projects/road_object_shared/raw_frames/daytime/20250727124105_057511A/frame_00037.jpg,car
/Users/tontran/Library/CloudStorage/OneDrive-VisualDefenceInc/Projects/road_object_shared/raw_frames/daytime/20250727124105_057511A/frame_00038.jpg,car
/Users/tontran/Library/CloudStorage/OneDrive-VisualDefenceInc/Projects/road_object_shared/raw_frames/daytime/20250727124105_057511A/frame_00039.jpg,car
/Users/tontran/Library/CloudStorage/OneDrive-VisualDefenceInc/Projects/road_object_shared/raw_frames/daytime/20250727124105_057511A/frame_00040.jpg,car
/Users/tontran/Library/CloudStorage/OneDrive-VisualDefenceInc/Projects/road_object_shared/raw_frames/daytime/20250727124105_057511A/frame_00041.jpg,car
/Users/tontran/Library/CloudStorage/OneDrive-VisualDefenceInc/Projects/road_object_shared/raw_frames/daytime/20250727124105_057511A/frame_00042.jpg,car
/Users/tontran/Library/CloudStorage/OneDrive-VisualDefenceInc/Projects/road_object_shared/raw_frames/daytime/20250727124105_057511A/frame_00043.jpg,car
/Users/tontran/Library/CloudStorage/OneDrive-VisualDefenceInc/Projects/road_object_shared/raw_frames/daytime/20250727124105_057511A/frame_00044.jpg,car
/Users/tontran/Library/CloudStorage/OneDrive-VisualDefenceInc/Projects/road_object_shared/raw_frames/daytime/20250727124105_057511A/frame_00045.jpg,car
/Users/tontran/Library/CloudStorage/OneDrive-VisualDefenceInc/Projects/road_object_shared/raw_frames/daytime/20250727124105_057511A/frame_00046.jpg,car
/Users/tontran/Library/CloudStorage/OneDrive-VisualDefenceInc/Projects/road_object_shared/raw_frames/daytime/20250727124105_057511A/frame_00047.jpg,car
/Users/tontran/Library/CloudStorage/OneDrive-VisualDefenceInc/Projects/road_object_shared/raw_frames/daytime/20250727124205_057513A/frame_00000.jpg,car
/Users/tontran/Library/CloudStorage/OneDrive-VisualDefenceInc/Projects/road_object_shared/raw_frames/daytime/20250727124205_057513A/frame_00001.jpg,car
/Users/tontran/Library/CloudStorage/OneDrive-VisualDefenceInc/Projects/road_object_shared/raw_frames/daytime/20250727124205_057513A/frame_00002.jpg,car
/Users/tontran/Library/CloudStorage/OneDrive-VisualDefenceInc/Projects/road_object_shared/raw_frames/daytime/20250727124205_057513A/frame_00003.jpg,car
/Users/tontran/Library/CloudStorage/OneDrive-VisualDefenceInc/Projects/road_object_shared/raw_frames/daytime/20250727124205_057513A/frame_00004.jpg,car
/Users/tontran/Library/CloudStorage/OneDrive-VisualDefenceInc/Projects/road_object_shared/raw_frames/daytime/20250727124205_057513A/frame_00005.jpg,car
/Users/tontran/Library/CloudStorage/OneDrive-VisualDefenceInc/Projects/road_object_shared/raw_frames/daytime/20250727124205_057513A/frame_00006.jpg,car
/Users/tontran/Library/CloudStorage/OneDrive-VisualDefenceInc/Projects/road_object_shared/raw_frames/daytime/20250727124205_057513A/frame_00007.jpg,car
/Users/tontran/Library/CloudStorage/OneDrive-VisualDefenceInc/Projects/road_object_shared/raw_frames/daytime/20250727124205_057513A/frame_00008.jpg,car
/Users/tontran/Library/CloudStorage/OneDrive-VisualDefenceInc/Projects/road_object_shared/raw_frames/daytime/20250727124205_057513A/frame_00009.jpg,car
/Users/tontran/Library/CloudStorage/OneDrive-VisualDefenceInc/Projects/road_object_shared/raw_frames/daytime/20250727124205_057513A/frame_00010.jpg,car
/Users/tontran/Library/CloudStorage/OneDrive-VisualDefenceInc/Projects/road_object_shared/raw_frames/daytime/20250727124205_057513A/frame_00011.jpg,car
/Users/tontran/Library/CloudStorage/OneDrive-VisualDefenceInc/Projects/road_object_shared/raw_frames/daytime/20250727124205_057513A/frame_00012.jpg,car
/Users/tontran/Library/CloudStorage/OneDrive-VisualDefenceInc/Projects/road_object_shared/raw_frames/daytime/20250727124205_057513A/frame_00013.jpg,car
/Users/tontran/Library/CloudStorage/OneDrive-VisualDefenceInc/Projects/road_object_shared/raw_frames/daytime/20250727124205_057513A/frame_00014.jpg,car
/Users/tontran/Library/CloudStorage/OneDrive-VisualDefenceInc/Projects/road_object_shared/raw_frames/daytime/20250727124205_057513A/frame_00015.jpg,car
/Users/tontran/Library/CloudStorage/OneDrive-VisualDefenceInc/Projects/road_object_shared/raw_frames/daytime/20250727124205_057513A/frame_00016.jpg,car
/Users/tontran/Library/CloudStorage/OneDrive-VisualDefenceInc/Projects/road_object_shared/raw_frames/daytime/20250727124205_057513A/frame_00017.jpg,car
/Users/tontran/Library/CloudStorage/OneDrive-VisualDefenceInc/Projects/road_object_shared/raw_frames/daytime/20250727124205_057513A/frame_00018.jpg,car
/Users/tontran/Library/CloudStorage/OneDrive-VisualDefenceInc/Projects/road_object_shared/raw_frames/daytime/20250727124205_057513A/frame_00019.jpg,car
/Users/tontran/Library/CloudStorage/OneDrive-VisualDefenceInc/Projects/road_object_shared/raw_frames/daytime/20250727124205_057513A/frame_00020.jpg,car
/Users/tontran/Library/CloudStorage/OneDrive-VisualDefenceInc/Projects/road_object_shared/raw_frames/daytime/20250727124205_057513A/frame_00021.jpg,car
/Users/tontran/Library/CloudStorage/OneDrive-VisualDefenceInc/Projects/road_object_shared/raw_frames/daytime/20250727124205_057513A/frame_00022.jpg,car
/Users/tontran/Library/CloudStorage/OneDrive-VisualDefenceInc/Projects/road_object_shared/raw_frames/daytime/20250727124205_057513A/frame_00023.jpg,car
/Users/tontran/Library/CloudStorage/OneDrive-VisualDefenceInc/Projects/road_object_shared/raw_frames/daytime/20250727124205_057513A/frame_00024.jpg,car
/Users/tontran/Library/CloudStorage/OneDrive-VisualDefenceInc/Projects/road_object_shared/raw_frames/daytime/20250727124205_057513A/frame_00025.jpg,car
/Users/tontran/Library/CloudStorage/OneDrive-VisualDefenceInc/Projects/road_object_shared/raw_frames/daytime/20250727124205_057513A/frame_00026.jpg,car
/Users/tontran/Library/CloudStorage/OneDrive-VisualDefenceInc/Projects/road_object_shared/raw_frames/daytime/20250727124205_057513A/frame_00027.jpg,car
/Users/tontran/Library/CloudStorage/OneDrive-VisualDefenceInc/Projects/road_object_shared/raw_frames/daytime/20250727124205_057513A/frame_00028.jpg,car
/Users/tontran/Library/CloudStorage/OneDrive-VisualDefenceInc/Projects/road_object_shared/raw_frames/daytime/20250727124205_057513A/frame_00029.jpg,car
/Users/tontran/Library/CloudStorage/OneDrive-VisualDefenceInc/Projects/road_object_shared/raw_frames/daytime/20250727124205_057513A/frame_00030.jpg,car
/Users/tontran/Library/CloudStorage/OneDrive-VisualDefenceInc/Projects/road_object_shared/raw_frames/daytime/20250727124205_057513A/frame_00031.jpg,car
/Users/tontran/Library/CloudStorage/OneDrive-VisualDefenceInc/Projects/road_object_shared/raw_frames/daytime/20250727124205_057513A/frame_00032.jpg,car
/Users/tontran/Library/CloudStorage/OneDrive-VisualDefenceInc/Projects/road_object_shared/raw_frames/daytime/20250727124205_057513A/frame_00033.jpg,car
/Users/tontran/Library/CloudStorage/OneDrive-VisualDefenceInc/Projects/road_object_shared/raw_frames/daytime/20250727124205_057513A/frame_00034.jpg,car
/Users/tontran/Library/CloudStorage/OneDrive-VisualDefenceInc/Projects/road_object_shared/raw_frames/daytime/20250727124205_057513A/frame_00035.jpg,car
/Users/tontran/Library/CloudStorage/OneDrive-VisualDefenceInc/Projects/road_object_shared/raw_frames/daytime/20250727124205_057513A/frame_00036.jpg,car
/Users/tontran/Library/CloudStorage/OneDrive-VisualDefenceInc/Projects/road_object_shared/raw_frames/daytime/20250727124205_057513A/frame_00037.jpg,car
/Users/tontran/Library/CloudStorage/OneDrive-VisualDefenceInc/Projects/road_object_shared/raw_frames/daytime/20250727124205_057513A/frame_00038.jpg,car
/Users/tontran/Library/CloudStorage/OneDrive-VisualDefenceInc/Projects/road_object_shared/raw_frames/daytime/20250727124205_057513A/frame_00039.jpg,car
/Users/tontran/Library/CloudStorage/OneDrive-VisualDefenceInc/Projects/road_object_shared/raw_frames/daytime/20250727124205_057513A/frame_00040.jpg,car
/Users/tontran/Library/CloudStorage/OneDrive-VisualDefenceInc/Projects/road_object_shared/raw_frames/daytime/20250727124205_057513A/frame_00041.jpg,car
/Users/tontran/Library/CloudStorage/OneDrive-VisualDefenceInc/Projects/road_object_shared/raw_frames/daytime/20250727124205_057513A/frame_00042.jpg,car
/Users/tontran/Library/CloudStorage/OneDrive-VisualDefenceInc/Projects/road_object_shared/raw_frames/daytime/20250727124205_057513A/frame_00043.jpg,car
/Users/tontran/Library/CloudStorage/OneDrive-VisualDefenceInc/Projects/road_object_shared/raw_frames/daytime/20250727124205_057513A/frame_00044.jpg,car
/Users/tontran/Library/CloudStorage/OneDrive-VisualDefenceInc/Projects/road_object_shared/raw_frames/daytime/20250727124205_057513A/frame_00045.jpg,car
/Users/tontran/Library/CloudStorage/OneDrive-VisualDefenceInc/Projects/road_object_shared/raw_frames/daytime/20250727124205_057513A/frame_00046.jpg,car
/Users/tontran/Library/CloudStorage/OneDrive-VisualDefenceInc/Projects/road_object_shared/raw_frames/daytime/20250727124205_057513A/frame_00047.jpg,car
/Users/tontran/Library/CloudStorage/OneDrive-VisualDefenceInc/Projects/road_object_shared/raw_frames/daytime/20250727124305_057515A/frame_00000.jpg,car
/Users/tontran/Library/CloudStorage/OneDrive-VisualDefenceInc/Projects/road_object_shared/raw_frames/daytime/20250727124305_057515A/frame_00001.jpg,car
/Users/tontran/Library/CloudStorage/OneDrive-VisualDefenceInc/Projects/road_object_shared/raw_frames/daytime/20250727124305_057515A/frame_00002.jpg,car
/Users/tontran/Library/CloudStorage/OneDrive-VisualDefenceInc/Projects/road_object_shared/raw_frames/daytime/20250727124305_057515A/frame_00003.jpg,car
/Users/tontran/Library/CloudStorage/OneDrive-VisualDefenceInc/Projects/road_object_shared/raw_frames/daytime/20250727124305_057515A/frame_00004.jpg,car
/Users/tontran/Library/CloudStorage/OneDrive-VisualDefenceInc/Projects/road_object_shared/raw_frames/daytime/20250727124305_057515A/frame_00005.jpg,car
/Users/tontran/Library/CloudStorage/OneDrive-VisualDefenceInc/Projects/road_object_shared/raw_frames/daytime/20250727124305_057515A/frame_00006.jpg,car
/Users/tontran/Library/CloudStorage/OneDrive-VisualDefenceInc/Projects/road_object_shared/raw_frames/daytime/20250727124305_057515A/frame_00007.jpg,car
/Users/tontran/Library/CloudStorage/OneDrive-VisualDefenceInc/Projects/road_object_shared/raw_frames/daytime/20250727124305_057515A/frame_00008.jpg,car
/Users/tontran/Library/CloudStorage/OneDrive-VisualDefenceInc/Projects/road_object_shared/raw_frames/daytime/20250727124305_057515A/frame_00009.jpg,car
/Users/tontran/Library/CloudStorage/OneDrive-VisualDefenceInc/Projects/road_object_shared/raw_frames/daytime/20250727124305_057515A/frame_00010.jpg,car
/Users/tontran/Library/CloudStorage/OneDrive-VisualDefenceInc/Projects/road_object_shared/raw_frames/daytime/20250727124305_057515A/frame_00011.jpg,car
/Users/tontran/Library/CloudStorage/OneDrive-VisualDefenceInc/Projects/road_object_shared/raw_frames/daytime/20250727124305_057515A/frame_00012.jpg,car
/Users/tontran/Library/CloudStorage/OneDrive-VisualDefenceInc/Projects/road_object_shared/raw_frames/daytime/20250727124305_057515A/frame_00013.jpg,car
/Users/tontran/Library/CloudStorage/OneDrive-VisualDefenceInc/Projects/road_object_shared/raw_frames/daytime/20250727124305_057515A/frame_00014.jpg,car
/Users/tontran/Library/CloudStorage/OneDrive-VisualDefenceInc/Projects/road_object_shared/raw_frames/daytime/20250727124305_057515A/frame_00015.jpg,car
/Users/tontran/Library/CloudStorage/OneDrive-VisualDefenceInc/Projects/road_object_shared/raw_frames/daytime/20250727124305_057515A/frame_00016.jpg,car
/Users/tontran/Library/CloudStorage/OneDrive-VisualDefenceInc/Projects/road_object_shared/raw_frames/daytime/20250727124305_057515A/frame_00017.jpg,car
/Users/tontran/Library/CloudStorage/OneDrive-VisualDefenceInc/Projects/road_object_shared/raw_frames/daytime/20250727124305_057515A/frame_00018.jpg,car
/Users/tontran/Library/CloudStorage/OneDrive-VisualDefenceInc/Projects/road_object_shared/raw_frames/daytime/20250727124305_057515A/frame_00019.jpg,car
/Users/tontran/Library/CloudStorage/OneDrive-VisualDefenceInc/Projects/road_object_shared/raw_frames/daytime/20250727124305_057515A/frame_00020.jpg,car
/Users/tontran/Library/CloudStorage/OneDrive-VisualDefenceInc/Projects/road_object_shared/raw_frames/daytime/20250727124305_057515A/frame_00021.jpg,car
/Users/tontran/Library/CloudStorage/OneDrive-VisualDefenceInc/Projects/road_object_shared/raw_frames/daytime/20250727124305_057515A/frame_00022.jpg,car
/Users/tontran/Library/CloudStorage/OneDrive-VisualDefenceInc/Projects/road_object_shared/raw_frames/daytime/20250727124305_057515A/frame_00023.jpg,car
/Users/tontran/Library/CloudStorage/OneDrive-VisualDefenceInc/Projects/road_object_shared/raw_frames/daytime/20250727124305_057515A/frame_00024.jpg,car
/Users/tontran/Library/CloudStorage/OneDrive-VisualDefenceInc/Projects/road_object_shared/raw_frames/daytime/20250727124305_057515A/frame_00025.jpg,car
/Users/tontran/Library/CloudStorage/OneDrive-VisualDefenceInc/Projects/road_object_shared/raw_frames/daytime/20250727124305_057515A/frame_00026.jpg,car
/Users/tontran/Library/CloudStorage/OneDrive-VisualDefenceInc/Projects/road_object_shared/raw_frames/daytime/20250727124305_057515A/frame_00027.jpg,car
/Users/tontran/Library/CloudStorage/OneDrive-VisualDefenceInc/Projects/road_object_shared/raw_frames/daytime/20250727124305_057515A/frame_00028.jpg,car
/Users/tontran/Library/CloudStorage/OneDrive-VisualDefenceInc/Projects/road_object_shared/raw_frames/daytime/20250727124305_057515A/frame_00029.jpg,car
/Users/tontran/Library/CloudStorage/OneDrive-VisualDefenceInc/Projects/road_object_shared/raw_frames/daytime/20250727124305_057515A/frame_00030.jpg,car
/Users/tontran/Library/CloudStorage/OneDrive-VisualDefenceInc/Projects/road_object_shared/raw_frames/daytime/20250727124305_057515A/frame_00031.jpg,car
/Users/tontran/Library/CloudStorage/OneDrive-VisualDefenceInc/Projects/road_object_shared/raw_frames/daytime/20250727124305_057515A/frame_00032.jpg,car
/Users/tontran/Library/CloudStorage/OneDrive-VisualDefenceInc/Projects/road_object_shared/raw_frames/daytime/20250727124305_057515A/frame_00033.jpg,car
/Users/tontran/Library/CloudStorage/OneDrive-VisualDefenceInc/Projects/road_object_shared/raw_frames/daytime/20250727124305_057515A/frame_00034.jpg,car
/Users/tontran/Library/CloudStorage/OneDrive-VisualDefenceInc/Projects/road_object_shared/raw_frames/daytime/20250727124305_057515A/frame_00035.jpg,car
/Users/tontran/Library/CloudStorage/OneDrive-VisualDefenceInc/Projects/road_object_shared/raw_frames/daytime/20250727124305_057515A/frame_00036.jpg,car
/Users/tontran/Library/CloudStorage/OneDrive-VisualDefenceInc/Projects/road_object_shared/raw_frames/daytime/20250727124305_057515A/frame_00037.jpg,car
/Users/tontran/Library/CloudStorage/OneDrive-VisualDefenceInc/Projects/road_object_shared/raw_frames/daytime/20250727124305_057515A/frame_00038.jpg,car
/Users/tontran/Library/CloudStorage/OneDrive-VisualDefenceInc/Projects/road_object_shared/raw_frames/daytime/20250727124305_057515A/frame_00039.jpg,car
/Users/tontran/Library/CloudStorage/OneDrive-VisualDefenceInc/Projects/road_object_shared/raw_frames/daytime/20250727124305_057515A/frame_00040.jpg,car
/Users/tontran/Library/CloudStorage/OneDrive-VisualDefenceInc/Projects/road_object_shared/raw_frames/daytime/20250727124305_057515A/frame_00041.jpg,car
/Users/tontran/Library/CloudStorage/OneDrive-VisualDefenceInc/Projects/road_object_shared/raw_frames/daytime/20250727124305_057515A/frame_00042.jpg,car
/Users/tontran/Library/CloudStorage/OneDrive-VisualDefenceInc/Projects/road_object_shared/raw_frames/daytime/20250727124305_057515A/frame_00043.jpg,car
/Users/tontran/Library/CloudStorage/OneDrive-VisualDefenceInc/Projects/road_object_shared/raw_frames/daytime/20250727124305_057515A/frame_00044.jpg,car
/Users/tontran/Library/CloudStorage/OneDrive-VisualDefenceInc/Projects/road_object_shared/raw_frames/daytime/20250727124305_057515A/frame_00045.jpg,car
/Users/tontran/Library/CloudStorage/OneDrive-VisualDefenceInc/Projects/road_object_shared/raw_frames/daytime/20250727124305_057515A/frame_00046.jpg,car
/Users/tontran/Library/CloudStorage/OneDrive-VisualDefenceInc/Projects/road_object_shared/raw_frames/daytime/20250727124305_057515A/frame_00047.jpg,car
/Users/tontran/Library/CloudStorage/OneDrive-VisualDefenceInc/Projects/road_object_shared/raw_frames/daytime/20250727124405_057517A/frame_00000.jpg,car
/Users/tontran/Library/CloudStorage/OneDrive-VisualDefenceInc/Projects/road_object_shared/raw_frames/daytime/20250727124405_057517A/frame_00001.jpg,car
/Users/tontran/Library/CloudStorage/OneDrive-VisualDefenceInc/Projects/road_object_shared/raw_frames/daytime/20250727124405_057517A/frame_00002.jpg,car
/Users/tontran/Library/CloudStorage/OneDrive-VisualDefenceInc/Projects/road_object_shared/raw_frames/daytime/20250727124405_057517A/frame_00003.jpg,car
/Users/tontran/Library/CloudStorage/OneDrive-VisualDefenceInc/Projects/road_object_shared/raw_frames/daytime/20250727124405_057517A/frame_00004.jpg,car
/Users/tontran/Library/CloudStorage/OneDrive-VisualDefenceInc/Projects/road_object_shared/raw_frames/daytime/20250727124405_057517A/frame_00005.jpg,car
/Users/tontran/Library/CloudStorage/OneDrive-VisualDefenceInc/Projects/road_object_shared/raw_frames/daytime/20250727124405_057517A/frame_00006.jpg,car
/Users/tontran/Library/CloudStorage/OneDrive-VisualDefenceInc/Projects/road_object_shared/raw_frames/daytime/20250727124405_057517A/frame_00007.jpg,car
/Users/tontran/Library/CloudStorage/OneDrive-VisualDefenceInc/Projects/road_object_shared/raw_frames/daytime/20250727124405_057517A/frame_00008.jpg,car
/Users/tontran/Library/CloudStorage/OneDrive-VisualDefenceInc/Projects/road_object_shared/raw_frames/daytime/20250727124405_057517A/frame_00009.jpg,car
/Users/tontran/Library/CloudStorage/OneDrive-VisualDefenceInc/Projects/road_object_shared/raw_frames/daytime/20250727124405_057517A/frame_00010.jpg,car
/Users/tontran/Library/CloudStorage/OneDrive-VisualDefenceInc/Projects/road_object_shared/raw_frames/daytime/20250727124405_057517A/frame_00011.jpg,car
/Users/tontran/Library/CloudStorage/OneDrive-VisualDefenceInc/Projects/road_object_shared/raw_frames/daytime/20250727124405_057517A/frame_00012.jpg,car
/Users/tontran/Library/CloudStorage/OneDrive-VisualDefenceInc/Projects/road_object_shared/raw_frames/daytime/20250727124405_057517A/frame_00013.jpg,car
/Users/tontran/Library/CloudStorage/OneDrive-VisualDefenceInc/Projects/road_object_shared/raw_frames/daytime/20250727124405_057517A/frame_00014.jpg,car
/Users/tontran/Library/CloudStorage/OneDrive-VisualDefenceInc/Projects/road_object_shared/raw_frames/daytime/20250727124405_057517A/frame_00015.jpg,car
/Users/tontran/Library/CloudStorage/OneDrive-VisualDefenceInc/Projects/road_object_shared/raw_frames/daytime/20250727124405_057517A/frame_00016.jpg,car
/Users/tontran/Library/CloudStorage/OneDrive-VisualDefenceInc/Projects/road_object_shared/raw_frames/daytime/20250727124405_057517A/frame_00017.jpg,car
/Users/tontran/Library/CloudStorage/OneDrive-VisualDefenceInc/Projects/road_object_shared/raw_frames/daytime/20250727124405_057517A/frame_00018.jpg,car
/Users/tontran/Library/CloudStorage/OneDrive-VisualDefenceInc/Projects/road_object_shared/raw_frames/daytime/20250727124405_057517A/frame_00019.jpg,car
/Users/tontran/Library/CloudStorage/OneDrive-VisualDefenceInc/Projects/road_object_shared/raw_frames/daytime/20250727124405_057517A/frame_00020.jpg,car
/Users/tontran/Library/CloudStorage/OneDrive-VisualDefenceInc/Projects/road_object_shared/raw_frames/daytime/20250727124405_057517A/frame_00021.jpg,car
/Users/tontran/Library/CloudStorage/OneDrive-VisualDefenceInc/Projects/road_object_shared/raw_frames/daytime/20250727124405_057517A/frame_00022.jpg,car
/Users/tontran/Library/CloudStorage/OneDrive-VisualDefenceInc/Projects/road_object_shared/raw_frames/daytime/20250727124405_057517A/frame_00023.jpg,car
/Users/tontran/Library/CloudStorage/OneDrive-VisualDefenceInc/Projects/road_object_shared/raw_frames/daytime/20250727124405_057517A/frame_00024.jpg,car
/Users/tontran/Library/CloudStorage/OneDrive-VisualDefenceInc/Projects/road_object_shared/raw_frames/daytime/20250727124405_057517A/frame_00025.jpg,car
/Users/tontran/Library/CloudStorage/OneDrive-VisualDefenceInc/Projects/road_object_shared/raw_frames/daytime/20250727124405_057517A/frame_00026.jpg,car
/Users/tontran/Library/CloudStorage/OneDrive-VisualDefenceInc/Projects/road_object_shared/raw_frames/daytime/20250727124405_057517A/frame_00027.jpg,car
/Users/tontran/Library/CloudStorage/OneDrive-VisualDefenceInc/Projects/road_object_shared/raw_frames/daytime/20250727124405_057517A/frame_00028.jpg,car
/Users/tontran/Library/CloudStorage/OneDrive-VisualDefenceInc/Projects/road_object_shared/raw_frames/daytime/20250727124405_057517A/frame_00029.jpg,car
/Users/tontran/Library/CloudStorage/OneDrive-VisualDefenceInc/Projects/road_object_shared/raw_frames/daytime/20250727124405_057517A/frame_00030.jpg,car
/Users/tontran/Library/CloudStorage/OneDrive-VisualDefenceInc/Projects/road_object_shared/raw_frames/daytime/20250727124405_057517A/frame_00031.jpg,car
/Users/tontran/Library/CloudStorage/OneDrive-VisualDefenceInc/Projects/road_object_shared/raw_frames/daytime/20250727124405_057517A/frame_00032.jpg,car
/Users/tontran/Library/CloudStorage/OneDrive-VisualDefenceInc/Projects/road_object_shared/raw_frames/daytime/20250727124405_057517A/frame_00033.jpg,car
/Users/tontran/Library/CloudStorage/OneDrive-VisualDefenceInc/Projects/road_object_shared/raw_frames/daytime/20250727124405_057517A/frame_00034.jpg,car
/Users/tontran/Library/CloudStorage/OneDrive-VisualDefenceInc/Projects/road_object_shared/raw_frames/daytime/20250727124405_057517A/frame_00035.jpg,car
/Users/tontran/Library/CloudStorage/OneDrive-VisualDefenceInc/Projects/road_object_shared/raw_frames/daytime/20250727124405_057517A/frame_00036.jpg,car
/Users/tontran/Library/CloudStorage/OneDrive-VisualDefenceInc/Projects/road_object_shared/raw_frames/daytime/20250727124405_057517A/frame_00037.jpg,car
/Users/tontran/Library/CloudStorage/OneDrive-VisualDefenceInc/Projects/road_object_shared/raw_frames/daytime/20250727124405_057517A/frame_00038.jpg,car
/Users/tontran/Library/CloudStorage/OneDrive-VisualDefenceInc/Projects/road_object_shared/raw_frames/daytime/20250727124405_057517A/frame_00039.jpg,car
/Users/tontran/Library/CloudStorage/OneDrive-VisualDefenceInc/Projects/road_object_shared/raw_frames/daytime/20250727124405_057517A/frame_00040.jpg,car
/Users/tontran/Library/CloudStorage/OneDrive-VisualDefenceInc/Projects/road_object_shared/raw_frames/daytime/20250727124405_057517A/frame_00041.jpg,car
/Users/tontran/Library/CloudStorage/OneDrive-VisualDefenceInc/Projects/road_object_shared/raw_frames/daytime/20250727124405_057517A/frame_00042.jpg,car
/Users/tontran/Library/CloudStorage/OneDrive-VisualDefenceInc/Projects/road_object_shared/raw_frames/daytime/20250727124405_057517A/frame_00043.jpg,car
/Users/tontran/Library/CloudStorage/OneDrive-VisualDefenceInc/Projects/road_object_shared/raw_frames/daytime/20250727124405_057517A/frame_00044.jpg,car
/Users/tontran/Library/CloudStorage/OneDrive-VisualDefenceInc/Projects/road_object_shared/raw_frames/daytime/20250727124405_057517A/frame_00045.jpg,truck
/Users/tontran/Library/CloudStorage/OneDrive-VisualDefenceInc/Projects/road_object_shared/raw_frames/daytime/20250727124405_057517A/frame_00046.jpg,car
/Users/tontran/Library/CloudStorage/OneDrive-VisualDefenceInc/Projects/road_object_shared/raw_frames/daytime/20250727124405_057517A/frame_00047.jpg,car
/Users/tontran/Library/CloudStorage/OneDrive-VisualDefenceInc/Projects/road_object_shared/raw_frames/daytime/20250727124505_057519A/frame_00000.jpg,car
/Users/tontran/Library/CloudStorage/OneDrive-VisualDefenceInc/Projects/road_object_shared/raw_frames/daytime/20250727124505_057519A/frame_00001.jpg,car
/Users/tontran/Library/CloudStorage/OneDrive-VisualDefenceInc/Projects/road_object_shared/raw_frames/daytime/20250727124505_057519A/frame_00002.jpg,car
/Users/tontran/Library/CloudStorage/OneDrive-VisualDefenceInc/Projects/road_object_shared/raw_frames/daytime/20250727124505_057519A/frame_00003.jpg,car
/Users/tontran/Library/CloudStorage/OneDrive-VisualDefenceInc/Projects/road_object_shared/raw_frames/daytime/20250727124505_057519A/frame_00004.jpg,car
/Users/tontran/Library/CloudStorage/OneDrive-VisualDefenceInc/Projects/road_object_shared/raw_frames/daytime/20250727124505_057519A/frame_00005.jpg,car
/Users/tontran/Library/CloudStorage/OneDrive-VisualDefenceInc/Projects/road_object_shared/raw_frames/daytime/20250727124505_057519A/frame_00006.jpg,car
/Users/tontran/Library/CloudStorage/OneDrive-VisualDefenceInc/Projects/road_object_shared/raw_frames/daytime/20250727124505_057519A/frame_00007.jpg,car
/Users/tontran/Library/CloudStorage/OneDrive-VisualDefenceInc/Projects/road_object_shared/raw_frames/daytime/20250727124505_057519A/frame_00008.jpg,car
/Users/tontran/Library/CloudStorage/OneDrive-VisualDefenceInc/Projects/road_object_shared/raw_frames/daytime/20250727124505_057519A/frame_00009.jpg,car
/Users/tontran/Library/CloudStorage/OneDrive-VisualDefenceInc/Projects/road_object_shared/raw_frames/daytime/20250727124505_057519A/frame_00010.jpg,car
/Users/tontran/Library/CloudStorage/OneDrive-VisualDefenceInc/Projects/road_object_shared/raw_frames/daytime/20250727124505_057519A/frame_00011.jpg,car
/Users/tontran/Library/CloudStorage/OneDrive-VisualDefenceInc/Projects/road_object_shared/raw_frames/daytime/20250727124505_057519A/frame_00012.jpg,car
/Users/tontran/Library/CloudStorage/OneDrive-VisualDefenceInc/Projects/road_object_shared/raw_frames/daytime/20250727124505_057519A/frame_00013.jpg,car
/Users/tontran/Library/CloudStorage/OneDrive-VisualDefenceInc/Projects/road_object_shared/raw_frames/daytime/20250727124505_057519A/frame_00014.jpg,car
/Users/tontran/Library/CloudStorage/OneDrive-VisualDefenceInc/Projects/road_object_shared/raw_frames/daytime/20250727124505_057519A/frame_00015.jpg,car
/Users/tontran/Library/CloudStorage/OneDrive-VisualDefenceInc/Projects/road_object_shared/raw_frames/daytime/20250727124505_057519A/frame_00016.jpg,car
/Users/tontran/Library/CloudStorage/OneDrive-VisualDefenceInc/Projects/road_object_shared/raw_frames/daytime/20250727124505_057519A/frame_00017.jpg,car
/Users/tontran/Library/CloudStorage/OneDrive-VisualDefenceInc/Projects/road_object_shared/raw_frames/daytime/20250727124505_057519A/frame_00018.jpg,car
/Users/tontran/Library/CloudStorage/OneDrive-VisualDefenceInc/Projects/road_object_shared/raw_frames/daytime/20250727124505_057519A/frame_00019.jpg,car
/Users/tontran/Library/CloudStorage/OneDrive-VisualDefenceInc/Projects/road_object_shared/raw_frames/daytime/20250727124505_057519A/frame_00020.jpg,car
/Users/tontran/Library/CloudStorage/OneDrive-VisualDefenceInc/Projects/road_object_shared/raw_frames/daytime/20250727124505_057519A/frame_00021.jpg,car
/Users/tontran/Library/CloudStorage/OneDrive-VisualDefenceInc/Projects/road_object_shared/raw_frames/daytime/20250727124505_057519A/frame_00022.jpg,car
/Users/tontran/Library/CloudStorage/OneDrive-VisualDefenceInc/Projects/road_object_shared/raw_frames/daytime/20250727124505_057519A/frame_00023.jpg,car
/Users/tontran/Library/CloudStorage/OneDrive-VisualDefenceInc/Projects/road_object_shared/raw_frames/daytime/20250727124505_057519A/frame_00024.jpg,car
/Users/tontran/Library/CloudStorage/OneDrive-VisualDefenceInc/Projects/road_object_shared/raw_frames/daytime/20250727124505_057519A/frame_00025.jpg,car
/Users/tontran/Library/CloudStorage/OneDrive-VisualDefenceInc/Projects/road_object_shared/raw_frames/daytime/20250727124505_057519A/frame_00026.jpg,car
/Users/tontran/Library/CloudStorage/OneDrive-VisualDefenceInc/Projects/road_object_shared/raw_frames/daytime/20250727124505_057519A/frame_00027.jpg,car
/Users/tontran/Library/CloudStorage/OneDrive-VisualDefenceInc/Projects/road_object_shared/raw_frames/daytime/20250727124505_057519A/frame_00028.jpg,car
/Users/tontran/Library/CloudStorage/OneDrive-VisualDefenceInc/Projects/road_object_shared/raw_frames/daytime/20250727124505_057519A/frame_00029.jpg,car
/Users/tontran/Library/CloudStorage/OneDrive-VisualDefenceInc/Projects/road_object_shared/raw_frames/daytime/20250727124505_057519A/frame_00030.jpg,car
/Users/tontran/Library/CloudStorage/OneDrive-VisualDefenceInc/Projects/road_object_shared/raw_frames/daytime/20250727124505_057519A/frame_00031.jpg,car
/Users/tontran/Library/CloudStorage/OneDrive-VisualDefenceInc/Projects/road_object_shared/raw_frames/daytime/20250727124505_057519A/frame_00032.jpg,car
/Users/tontran/Library/CloudStorage/OneDrive-VisualDefenceInc/Projects/road_object_shared/raw_frames/daytime/20250727124505_057519A/frame_00033.jpg,car
/Users/tontran/Library/CloudStorage/OneDrive-VisualDefenceInc/Projects/road_object_shared/raw_frames/daytime/20250727124505_057519A/frame_00034.jpg,car
/Users/tontran/Library/CloudStorage/OneDrive-VisualDefenceInc/Projects/road_object_shared/raw_frames/daytime/20250727124505_057519A/frame_00035.jpg,car
/Users/tontran/Library/CloudStorage/OneDrive-VisualDefenceInc/Projects/road_object_shared/raw_frames/daytime/20250727124505_057519A/frame_00036.jpg,car
/Users/tontran/Library/CloudStorage/OneDrive-VisualDefenceInc/Projects/road_object_shared/raw_frames/daytime/20250727124505_057519A/frame_00037.jpg,car
/Users/tontran/Library/CloudStorage/OneDrive-VisualDefenceInc/Projects/road_object_shared/raw_frames/daytime/20250727124505_057519A/frame_00038.jpg,car
/Users/tontran/Library/CloudStorage/OneDrive-VisualDefenceInc/Projects/road_object_shared/raw_frames/daytime/20250727124505_057519A/frame_00039.jpg,car
/Users/tontran/Library/CloudStorage/OneDrive-VisualDefenceInc/Projects/road_object_shared/raw_frames/daytime/20250727124505_057519A/frame_00040.jpg,car
/Users/tontran/Library/CloudStorage/OneDrive-VisualDefenceInc/Projects/road_object_shared/raw_frames/daytime/20250727124505_057519A/frame_00041.jpg,car
/Users/tontran/Library/CloudStorage/OneDrive-VisualDefenceInc/Projects/road_object_shared/raw_frames/daytime/20250727124505_057519A/frame_00042.jpg,car
/Users/tontran/Library/CloudStorage/OneDrive-VisualDefenceInc/Projects/road_object_shared/raw_frames/daytime/20250727124505_057519A/frame_00043.jpg,car
/Users/tontran/Library/CloudStorage/OneDrive-VisualDefenceInc/Projects/road_object_shared/raw_frames/daytime/20250727124505_057519A/frame_00044.jpg,car
/Users/tontran/Library/CloudStorage/OneDrive-VisualDefenceInc/Projects/road_object_shared/raw_frames/daytime/20250727124505_057519A/frame_00045.jpg,car
/Users/tontran/Library/CloudStorage/OneDrive-VisualDefenceInc/Projects/road_object_shared/raw_frames/daytime/20250727124505_057519A/frame_00046.jpg,car
/Users/tontran/Library/CloudStorage/OneDrive-VisualDefenceInc/Projects/road_object_shared/raw_frames/daytime/20250727124505_057519A/frame_00047.jpg,car
/Users/tontran/Library/CloudStorage/OneDrive-VisualDefenceInc/Projects/road_object_shared/raw_frames/daytime/20250727124605_057521A/frame_00000.jpg,car
/Users/tontran/Library/CloudStorage/OneDrive-VisualDefenceInc/Projects/road_object_shared/raw_frames/daytime/20250727124605_057521A/frame_00001.jpg,car
/Users/tontran/Library/CloudStorage/OneDrive-VisualDefenceInc/Projects/road_object_shared/raw_frames/daytime/20250727124605_057521A/frame_00002.jpg,car
/Users/tontran/Library/CloudStorage/OneDrive-VisualDefenceInc/Projects/road_object_shared/raw_frames/daytime/20250727124605_057521A/frame_00003.jpg,car
/Users/tontran/Library/CloudStorage/OneDrive-VisualDefenceInc/Projects/road_object_shared/raw_frames/daytime/20250727124605_057521A/frame_00004.jpg,car
/Users/tontran/Library/CloudStorage/OneDrive-VisualDefenceInc/Projects/road_object_shared/raw_frames/daytime/20250727124605_057521A/frame_00005.jpg,car
/Users/tontran/Library/CloudStorage/OneDrive-VisualDefenceInc/Projects/road_object_shared/raw_frames/daytime/20250727124605_057521A/frame_00006.jpg,car
/Users/tontran/Library/CloudStorage/OneDrive-VisualDefenceInc/Projects/road_object_shared/raw_frames/daytime/20250727124605_057521A/frame_00007.jpg,car
/Users/tontran/Library/CloudStorage/OneDrive-VisualDefenceInc/Projects/road_object_shared/raw_frames/daytime/20250727124605_057521A/frame_00008.jpg,car
/Users/tontran/Library/CloudStorage/OneDrive-VisualDefenceInc/Projects/road_object_shared/raw_frames/daytime/20250727124605_057521A/frame_00009.jpg,car
/Users/tontran/Library/CloudStorage/OneDrive-VisualDefenceInc/Projects/road_object_shared/raw_frames/daytime/20250727124605_057521A/frame_00010.jpg,car
/Users/tontran/Library/CloudStorage/OneDrive-VisualDefenceInc/Projects/road_object_shared/raw_frames/daytime/20250727124605_057521A/frame_00011.jpg,car
/Users/tontran/Library/CloudStorage/OneDrive-VisualDefenceInc/Projects/road_object_shared/raw_frames/daytime/20250727124605_057521A/frame_00012.jpg,car
/Users/tontran/Library/CloudStorage/OneDrive-VisualDefenceInc/Projects/road_object_shared/raw_frames/daytime/20250727124605_057521A/frame_00013.jpg,car
/Users/tontran/Library/CloudStorage/OneDrive-VisualDefenceInc/Projects/road_object_shared/raw_frames/daytime/20250727124605_057521A/frame_00014.jpg,car
/Users/tontran/Library/CloudStorage/OneDrive-VisualDefenceInc/Projects/road_object_shared/raw_frames/daytime/20250727124605_057521A/frame_00015.jpg,car
/Users/tontran/Library/CloudStorage/OneDrive-VisualDefenceInc/Projects/road_object_shared/raw_frames/daytime/20250727124605_057521A/frame_00016.jpg,car
/Users/tontran/Library/CloudStorage/OneDrive-VisualDefenceInc/Projects/road_object_shared/raw_frames/daytime/20250727124605_057521A/frame_00017.jpg,car
/Users/tontran/Library/CloudStorage/OneDrive-VisualDefenceInc/Projects/road_object_shared/raw_frames/daytime/20250727124605_057521A/frame_00018.jpg,car
/Users/tontran/Library/CloudStorage/OneDrive-VisualDefenceInc/Projects/road_object_shared/raw_frames/daytime/20250727124605_057521A/frame_00019.jpg,car
/Users/tontran/Library/CloudStorage/OneDrive-VisualDefenceInc/Projects/road_object_shared/raw_frames/daytime/20250727124605_057521A/frame_00020.jpg,car
/Users/tontran/Library/CloudStorage/OneDrive-VisualDefenceInc/Projects/road_object_shared/raw_frames/daytime/20250727124605_057521A/frame_00021.jpg,car
/Users/tontran/Library/CloudStorage/OneDrive-VisualDefenceInc/Projects/road_object_shared/raw_frames/daytime/20250727124605_057521A/frame_00022.jpg,car
/Users/tontran/Library/CloudStorage/OneDrive-VisualDefenceInc/Projects/road_object_shared/raw_frames/daytime/20250727124605_057521A/frame_00023.jpg,car
/Users/tontran/Library/CloudStorage/OneDrive-VisualDefenceInc/Projects/road_object_shared/raw_frames/daytime/20250727124605_057521A/frame_00024.jpg,car
/Users/tontran/Library/CloudStorage/OneDrive-VisualDefenceInc/Projects/road_object_shared/raw_frames/daytime/20250727124605_057521A/frame_00025.jpg,car
/Users/tontran/Library/CloudStorage/OneDrive-VisualDefenceInc/Projects/road_object_shared/raw_frames/daytime/20250727124605_057521A/frame_00026.jpg,car
/Users/tontran/Library/CloudStorage/OneDrive-VisualDefenceInc/Projects/road_object_shared/raw_frames/daytime/20250727124605_057521A/frame_00027.jpg,car
/Users/tontran/Library/CloudStorage/OneDrive-VisualDefenceInc/Projects/road_object_shared/raw_frames/daytime/20250727124605_057521A/frame_00028.jpg,car
/Users/tontran/Library/CloudStorage/OneDrive-VisualDefenceInc/Projects/road_object_shared/raw_frames/daytime/20250727124605_057521A/frame_00029.jpg,car
/Users/tontran/Library/CloudStorage/OneDrive-VisualDefenceInc/Projects/road_object_shared/raw_frames/daytime/20250727124605_057521A/frame_00030.jpg,car
/Users/tontran/Library/CloudStorage/OneDrive-VisualDefenceInc/Projects/road_object_shared/raw_frames/daytime/20250727124605_057521A/frame_00031.jpg,car
/Users/tontran/Library/CloudStorage/OneDrive-VisualDefenceInc/Projects/road_object_shared/raw_frames/daytime/20250727124605_057521A/frame_00032.jpg,car
/Users/tontran/Library/CloudStorage/OneDrive-VisualDefenceInc/Projects/road_object_shared/raw_frames/daytime/20250727124605_057521A/frame_00033.jpg,car
/Users/tontran/Library/CloudStorage/OneDrive-VisualDefenceInc/Projects/road_object_shared/raw_frames/daytime/20250727124605_057521A/frame_00034.jpg,car
/Users/tontran/Library/CloudStorage/OneDrive-VisualDefenceInc/Projects/road_object_shared/raw_frames/daytime/20250727124605_057521A/frame_00035.jpg,car
/Users/tontran/Library/CloudStorage/OneDrive-VisualDefenceInc/Projects/road_object_shared/raw_frames/daytime/20250727124605_057521A/frame_00036.jpg,car
/Users/tontran/Library/CloudStorage/OneDrive-VisualDefenceInc/Projects/road_object_shared/raw_frames/daytime/20250727124605_057521A/frame_00037.jpg,car
/Users/tontran/Library/CloudStorage/OneDrive-VisualDefenceInc/Projects/road_object_shared/raw_frames/daytime/20250727124605_057521A/frame_00038.jpg,car
/Users/tontran/Library/CloudStorage/OneDrive-VisualDefenceInc/Projects/road_object_shared/raw_frames/daytime/20250727124605_057521A/frame_00039.jpg,car
/Users/tontran/Library/CloudStorage/OneDrive-VisualDefenceInc/Projects/road_object_shared/raw_frames/daytime/20250727124605_057521A/frame_00040.jpg,car
/Users/tontran/Library/CloudStorage/OneDrive-VisualDefenceInc/Projects/road_object_shared/raw_frames/daytime/20250727124605_057521A/frame_00041.jpg,car
/Users/tontran/Library/CloudStorage/OneDrive-VisualDefenceInc/Projects/road_object_shared/raw_frames/daytime/20250727124605_057521A/frame_00042.jpg,car
/Users/tontran/Library/CloudStorage/OneDrive-VisualDefenceInc/Projects/road_object_shared/raw_frames/daytime/20250727124605_057521A/frame_00043.jpg,car
/Users/tontran/Library/CloudStorage/OneDrive-VisualDefenceInc/Projects/road_object_shared/raw_frames/daytime/20250727124605_057521A/frame_00044.jpg,car
/Users/tontran/Library/CloudStorage/OneDrive-VisualDefenceInc/Projects/road_object_shared/raw_frames/daytime/20250727124605_057521A/frame_00045.jpg,car
/Users/tontran/Library/CloudStorage/OneDrive-VisualDefenceInc/Projects/road_object_shared/raw_frames/daytime/20250727124605_057521A/frame_00046.jpg,car
/Users/tontran/Library/CloudStorage/OneDrive-VisualDefenceInc/Projects/road_object_shared/raw_frames/daytime/20250727124605_057521A/frame_00047.jpg,car
/Users/tontran/Library/CloudStorage/OneDrive-VisualDefenceInc/Projects/road_object_shared/raw_frames/daytime/20250727124705_057523A/frame_00000.jpg,car
/Users/tontran/Library/CloudStorage/OneDrive-VisualDefenceInc/Projects/road_object_shared/raw_frames/daytime/20250727124705_057523A/frame_00001.jpg,car
/Users/tontran/Library/CloudStorage/OneDrive-VisualDefenceInc/Projects/road_object_shared/raw_frames/daytime/20250727124705_057523A/frame_00002.jpg,car
/Users/tontran/Library/CloudStorage/OneDrive-VisualDefenceInc/Projects/road_object_shared/raw_frames/daytime/20250727124705_057523A/frame_00003.jpg,car
/Users/tontran/Library/CloudStorage/OneDrive-VisualDefenceInc/Projects/road_object_shared/raw_frames/daytime/20250727124705_057523A/frame_00004.jpg,car
/Users/tontran/Library/CloudStorage/OneDrive-VisualDefenceInc/Projects/road_object_shared/raw_frames/daytime/20250727124705_057523A/frame_00005.jpg,car
/Users/tontran/Library/CloudStorage/OneDrive-VisualDefenceInc/Projects/road_object_shared/raw_frames/daytime/20250727124705_057523A/frame_00006.jpg,car
/Users/tontran/Library/CloudStorage/OneDrive-VisualDefenceInc/Projects/road_object_shared/raw_frames/daytime/20250727124705_057523A/frame_00007.jpg,car
/Users/tontran/Library/CloudStorage/OneDrive-VisualDefenceInc/Projects/road_object_shared/raw_frames/daytime/20250727124705_057523A/frame_00008.jpg,car
/Users/tontran/Library/CloudStorage/OneDrive-VisualDefenceInc/Projects/road_object_shared/raw_frames/daytime/20250727124705_057523A/frame_00009.jpg,car
/Users/tontran/Library/CloudStorage/OneDrive-VisualDefenceInc/Projects/road_object_shared/raw_frames/daytime/20250727124705_057523A/frame_00010.jpg,car
/Users/tontran/Library/CloudStorage/OneDrive-VisualDefenceInc/Projects/road_object_shared/raw_frames/daytime/20250727124705_057523A/frame_00011.jpg,car
/Users/tontran/Library/CloudStorage/OneDrive-VisualDefenceInc/Projects/road_object_shared/raw_frames/daytime/20250727124705_057523A/frame_00012.jpg,car
/Users/tontran/Library/CloudStorage/OneDrive-VisualDefenceInc/Projects/road_object_shared/raw_frames/daytime/20250727124705_057523A/frame_00013.jpg,car
/Users/tontran/Library/CloudStorage/OneDrive-VisualDefenceInc/Projects/road_object_shared/raw_frames/daytime/20250727124705_057523A/frame_00014.jpg,car
/Users/tontran/Library/CloudStorage/OneDrive-VisualDefenceInc/Projects/road_object_shared/raw_frames/daytime/20250727124705_057523A/frame_00015.jpg,car
/Users/tontran/Library/CloudStorage/OneDrive-VisualDefenceInc/Projects/road_object_shared/raw_frames/daytime/20250727124705_057523A/frame_00016.jpg,car
/Users/tontran/Library/CloudStorage/OneDrive-VisualDefenceInc/Projects/road_object_shared/raw_frames/daytime/20250727124705_057523A/frame_00017.jpg,car
/Users/tontran/Library/CloudStorage/OneDrive-VisualDefenceInc/Projects/road_object_shared/raw_frames/daytime/20250727124705_057523A/frame_00018.jpg,car
/Users/tontran/Library/CloudStorage/OneDrive-VisualDefenceInc/Projects/road_object_shared/raw_frames/daytime/20250727124705_057523A/frame_00019.jpg,car
/Users/tontran/Library/CloudStorage/OneDrive-VisualDefenceInc/Projects/road_object_shared/raw_frames/daytime/20250727124705_057523A/frame_00020.jpg,car
/Users/tontran/Library/CloudStorage/OneDrive-VisualDefenceInc/Projects/road_object_shared/raw_frames/daytime/20250727124705_057523A/frame_00021.jpg,car
/Users/tontran/Library/CloudStorage/OneDrive-VisualDefenceInc/Projects/road_object_shared/raw_frames/daytime/20250727124705_057523A/frame_00022.jpg,car
/Users/tontran/Library/CloudStorage/OneDrive-VisualDefenceInc/Projects/road_object_shared/raw_frames/daytime/20250727124705_057523A/frame_00023.jpg,car
/Users/tontran/Library/CloudStorage/OneDrive-VisualDefenceInc/Projects/road_object_shared/raw_frames/daytime/20250727124705_057523A/frame_00024.jpg,car
/Users/tontran/Library/CloudStorage/OneDrive-VisualDefenceInc/Projects/road_object_shared/raw_frames/daytime/20250727124705_057523A/frame_00025.jpg,car
/Users/tontran/Library/CloudStorage/OneDrive-VisualDefenceInc/Projects/road_object_shared/raw_frames/daytime/20250727124705_057523A/frame_00026.jpg,car
/Users/tontran/Library/CloudStorage/OneDrive-VisualDefenceInc/Projects/road_object_shared/raw_frames/daytime/20250727124705_057523A/frame_00027.jpg,car
/Users/tontran/Library/CloudStorage/OneDrive-VisualDefenceInc/Projects/road_object_shared/raw_frames/daytime/20250727124705_057523A/frame_00028.jpg,car
/Users/tontran/Library/CloudStorage/OneDrive-VisualDefenceInc/Projects/road_object_shared/raw_frames/daytime/20250727124705_057523A/frame_00029.jpg,car
/Users/tontran/Library/CloudStorage/OneDrive-VisualDefenceInc/Projects/road_object_shared/raw_frames/daytime/20250727124705_057523A/frame_00030.jpg,car
/Users/tontran/Library/CloudStorage/OneDrive-VisualDefenceInc/Projects/road_object_shared/raw_frames/daytime/20250727124705_057523A/frame_00031.jpg,car
/Users/tontran/Library/CloudStorage/OneDrive-VisualDefenceInc/Projects/road_object_shared/raw_frames/daytime/20250727124705_057523A/frame_00032.jpg,car
/Users/tontran/Library/CloudStorage/OneDrive-VisualDefenceInc/Projects/road_object_shared/raw_frames/daytime/20250727124705_057523A/frame_00033.jpg,car
/Users/tontran/Library/CloudStorage/OneDrive-VisualDefenceInc/Projects/road_object_shared/raw_frames/daytime/20250727124705_057523A/frame_00034.jpg,car
/Users/tontran/Library/CloudStorage/OneDrive-VisualDefenceInc/Projects/road_object_shared/raw_frames/daytime/20250727124705_057523A/frame_00035.jpg,car
/Users/tontran/Library/CloudStorage/OneDrive-VisualDefenceInc/Projects/road_object_shared/raw_frames/daytime/20250727124705_057523A/frame_00036.jpg,car
/Users/tontran/Library/CloudStorage/OneDrive-VisualDefenceInc/Projects/road_object_shared/raw_frames/daytime/20250727124705_057523A/frame_00037.jpg,car
/Users/tontran/Library/CloudStorage/OneDrive-VisualDefenceInc/Projects/road_object_shared/raw_frames/daytime/20250727124705_057523A/frame_00038.jpg,car
/Users/tontran/Library/CloudStorage/OneDrive-VisualDefenceInc/Projects/road_object_shared/raw_frames/daytime/20250727124705_057523A/frame_00039.jpg,car
/Users/tontran/Library/CloudStorage/OneDrive-VisualDefenceInc/Projects/road_object_shared/raw_frames/daytime/20250727124705_057523A/frame_00040.jpg,car
/Users/tontran/Library/CloudStorage/OneDrive-VisualDefenceInc/Projects/road_object_shared/raw_frames/daytime/20250727124705_057523A/frame_00041.jpg,car
/Users/tontran/Library/CloudStorage/OneDrive-VisualDefenceInc/Projects/road_object_shared/raw_frames/daytime/20250727124705_057523A/frame_00042.jpg,car
/Users/tontran/Library/CloudStorage/OneDrive-VisualDefenceInc/Projects/road_object_shared/raw_frames/daytime/20250727124705_057523A/frame_00043.jpg,car
/Users/tontran/Library/CloudStorage/OneDrive-VisualDefenceInc/Projects/road_object_shared/raw_frames/daytime/20250727124705_057523A/frame_00044.jpg,car
/Users/tontran/Library/CloudStorage/OneDrive-VisualDefenceInc/Projects/road_object_shared/raw_frames/daytime/20250727124705_057523A/frame_00045.jpg,car
/Users/tontran/Library/CloudStorage/OneDrive-VisualDefenceInc/Projects/road_object_shared/raw_frames/daytime/20250727124705_057523A/frame_00046.jpg,car
/Users/tontran/Library/CloudStorage/OneDrive-VisualDefenceInc/Projects/road_object_shared/raw_frames/daytime/20250727124705_057523A/frame_00047.jpg,car
/Users/tontran/Library/CloudStorage/OneDrive-VisualDefenceInc/Projects/road_object_shared/raw_frames/daytime/20250727124805_057525A/frame_00000.jpg,car
/Users/tontran/Library/CloudStorage/OneDrive-VisualDefenceInc/Projects/road_object_shared/raw_frames/daytime/20250727124805_057525A/frame_00001.jpg,car
/Users/tontran/Library/CloudStorage/OneDrive-VisualDefenceInc/Projects/road_object_shared/raw_frames/daytime/20250727124805_057525A/frame_00002.jpg,car
/Users/tontran/Library/CloudStorage/OneDrive-VisualDefenceInc/Projects/road_object_shared/raw_frames/daytime/20250727124805_057525A/frame_00003.jpg,car
/Users/tontran/Library/CloudStorage/OneDrive-VisualDefenceInc/Projects/road_object_shared/raw_frames/daytime/20250727124805_057525A/frame_00004.jpg,car
/Users/tontran/Library/CloudStorage/OneDrive-VisualDefenceInc/Projects/road_object_shared/raw_frames/daytime/20250727124805_057525A/frame_00005.jpg,car
/Users/tontran/Library/CloudStorage/OneDrive-VisualDefenceInc/Projects/road_object_shared/raw_frames/daytime/20250727124805_057525A/frame_00006.jpg,car
/Users/tontran/Library/CloudStorage/OneDrive-VisualDefenceInc/Projects/road_object_shared/raw_frames/daytime/20250727124805_057525A/frame_00007.jpg,car
/Users/tontran/Library/CloudStorage/OneDrive-VisualDefenceInc/Projects/road_object_shared/raw_frames/daytime/20250727124805_057525A/frame_00008.jpg,car
/Users/tontran/Library/CloudStorage/OneDrive-VisualDefenceInc/Projects/road_object_shared/raw_frames/daytime/20250727124805_057525A/frame_00009.jpg,car
/Users/tontran/Library/CloudStorage/OneDrive-VisualDefenceInc/Projects/road_object_shared/raw_frames/daytime/20250727124805_057525A/frame_00010.jpg,car
/Users/tontran/Library/CloudStorage/OneDrive-VisualDefenceInc/Projects/road_object_shared/raw_frames/daytime/20250727124805_057525A/frame_00011.jpg,car
/Users/tontran/Library/CloudStorage/OneDrive-VisualDefenceInc/Projects/road_object_shared/raw_frames/daytime/20250727124805_057525A/frame_00012.jpg,car
/Users/tontran/Library/CloudStorage/OneDrive-VisualDefenceInc/Projects/road_object_shared/raw_frames/daytime/20250727124805_057525A/frame_00013.jpg,car
/Users/tontran/Library/CloudStorage/OneDrive-VisualDefenceInc/Projects/road_object_shared/raw_frames/daytime/20250727124805_057525A/frame_00014.jpg,car
/Users/tontran/Library/CloudStorage/OneDrive-VisualDefenceInc/Projects/road_object_shared/raw_frames/daytime/20250727124805_057525A/frame_00015.jpg,car
/Users/tontran/Library/CloudStorage/OneDrive-VisualDefenceInc/Projects/road_object_shared/raw_frames/daytime/20250727124805_057525A/frame_00016.jpg,car
/Users/tontran/Library/CloudStorage/OneDrive-VisualDefenceInc/Projects/road_object_shared/raw_frames/daytime/20250727124805_057525A/frame_00017.jpg,car
/Users/tontran/Library/CloudStorage/OneDrive-VisualDefenceInc/Projects/road_object_shared/raw_frames/daytime/20250727124805_057525A/frame_00018.jpg,car
/Users/tontran/Library/CloudStorage/OneDrive-VisualDefenceInc/Projects/road_object_shared/raw_frames/daytime/20250727124805_057525A/frame_00019.jpg,car
/Users/tontran/Library/CloudStorage/OneDrive-VisualDefenceInc/Projects/road_object_shared/raw_frames/daytime/20250727124805_057525A/frame_00020.jpg,car
/Users/tontran/Library/CloudStorage/OneDrive-VisualDefenceInc/Projects/road_object_shared/raw_frames/daytime/20250727124805_057525A/frame_00021.jpg,car
/Users/tontran/Library/CloudStorage/OneDrive-VisualDefenceInc/Projects/road_object_shared/raw_frames/daytime/20250727124805_057525A/frame_00022.jpg,car
/Users/tontran/Library/CloudStorage/OneDrive-VisualDefenceInc/Projects/road_object_shared/raw_frames/daytime/20250727124805_057525A/frame_00023.jpg,car
/Users/tontran/Library/CloudStorage/OneDrive-VisualDefenceInc/Projects/road_object_shared/raw_frames/daytime/20250727124805_057525A/frame_00024.jpg,car
/Users/tontran/Library/CloudStorage/OneDrive-VisualDefenceInc/Projects/road_object_shared/raw_frames/daytime/20250727124805_057525A/frame_00025.jpg,car
/Users/tontran/Library/CloudStorage/OneDrive-VisualDefenceInc/Projects/road_object_shared/raw_frames/daytime/20250727124805_057525A/frame_00026.jpg,car
/Users/tontran/Library/CloudStorage/OneDrive-VisualDefenceInc/Projects/road_object_shared/raw_frames/daytime/20250727124805_057525A/frame_00027.jpg,car
/Users/tontran/Library/CloudStorage/OneDrive-VisualDefenceInc/Projects/road_object_shared/raw_frames/daytime/20250727124805_057525A/frame_00028.jpg,car
/Users/tontran/Library/CloudStorage/OneDrive-VisualDefenceInc/Projects/road_object_shared/raw_frames/daytime/20250727124805_057525A/frame_00029.jpg,car
/Users/tontran/Library/CloudStorage/OneDrive-VisualDefenceInc/Projects/road_object_shared/raw_frames/daytime/20250727124805_057525A/frame_00030.jpg,car
/Users/tontran/Library/CloudStorage/OneDrive-VisualDefenceInc/Projects/road_object_shared/raw_frames/daytime/20250727124805_057525A/frame_00031.jpg,car
/Users/tontran/Library/CloudStorage/OneDrive-VisualDefenceInc/Projects/road_object_shared/raw_frames/daytime/20250727124805_057525A/frame_00032.jpg,car
/Users/tontran/Library/CloudStorage/OneDrive-VisualDefenceInc/Projects/road_object_shared/raw_frames/daytime/20250727124805_057525A/frame_00033.jpg,car
/Users/tontran/Library/CloudStorage/OneDrive-VisualDefenceInc/Projects/road_object_shared/raw_frames/daytime/20250727124805_057525A/frame_00034.jpg,car
/Users/tontran/Library/CloudStorage/OneDrive-VisualDefenceInc/Projects/road_object_shared/raw_frames/daytime/20250727124805_057525A/frame_00035.jpg,car
/Users/tontran/Library/CloudStorage/OneDrive-VisualDefenceInc/Projects/road_object_shared/raw_frames/daytime/20250727124805_057525A/frame_00036.jpg,car
/Users/tontran/Library/CloudStorage/OneDrive-VisualDefenceInc/Projects/road_object_shared/raw_frames/daytime/20250727124805_057525A/frame_00037.jpg,car
/Users/tontran/Library/CloudStorage/OneDrive-VisualDefenceInc/Projects/road_object_shared/raw_frames/daytime/20250727124805_057525A/frame_00038.jpg,car
/Users/tontran/Library/CloudStorage/OneDrive-VisualDefenceInc/Projects/road_object_shared/raw_frames/daytime/20250727124805_057525A/frame_00039.jpg,car
/Users/tontran/Library/CloudStorage/OneDrive-VisualDefenceInc/Projects/road_object_shared/raw_frames/daytime/20250727124805_057525A/frame_00040.jpg,car
/Users/tontran/Library/CloudStorage/OneDrive-VisualDefenceInc/Projects/road_object_shared/raw_frames/daytime/20250727124805_057525A/frame_00041.jpg,car
/Users/tontran/Library/CloudStorage/OneDrive-VisualDefenceInc/Projects/road_object_shared/raw_frames/daytime/20250727124805_057525A/frame_00042.jpg,car
/Users/tontran/Library/CloudStorage/OneDrive-VisualDefenceInc/Projects/road_object_shared/raw_frames/daytime/20250727124805_057525A/frame_00043.jpg,car
/Users/tontran/Library/CloudStorage/OneDrive-VisualDefenceInc/Projects/road_object_shared/raw_frames/daytime/20250727124805_057525A/frame_00044.jpg,car
/Users/tontran/Library/CloudStorage/OneDrive-VisualDefenceInc/Projects/road_object_shared/raw_frames/daytime/20250727124805_057525A/frame_00045.jpg,car
/Users/tontran/Library/CloudStorage/OneDrive-VisualDefenceInc/Projects/road_object_shared/raw_frames/daytime/20250727124805_057525A/frame_00046.jpg,car
/Users/tontran/Library/CloudStorage/OneDrive-VisualDefenceInc/Projects/road_object_shared/raw_frames/daytime/20250727124805_057525A/frame_00047.jpg,car
/Users/tontran/Library/CloudStorage/OneDrive-VisualDefenceInc/Projects/road_object_shared/raw_frames/daytime/20250727124905_057527A/frame_00000.jpg,car
/Users/tontran/Library/CloudStorage/OneDrive-VisualDefenceInc/Projects/road_object_shared/raw_frames/daytime/20250727124905_057527A/frame_00001.jpg,car
/Users/tontran/Library/CloudStorage/OneDrive-VisualDefenceInc/Projects/road_object_shared/raw_frames/daytime/20250727124905_057527A/frame_00002.jpg,car
/Users/tontran/Library/CloudStorage/OneDrive-VisualDefenceInc/Projects/road_object_shared/raw_frames/daytime/20250727124905_057527A/frame_00003.jpg,car
/Users/tontran/Library/CloudStorage/OneDrive-VisualDefenceInc/Projects/road_object_shared/raw_frames/daytime/20250727124905_057527A/frame_00004.jpg,car
/Users/tontran/Library/CloudStorage/OneDrive-VisualDefenceInc/Projects/road_object_shared/raw_frames/daytime/20250727124905_057527A/frame_00005.jpg,car
/Users/tontran/Library/CloudStorage/OneDrive-VisualDefenceInc/Projects/road_object_shared/raw_frames/daytime/20250727124905_057527A/frame_00006.jpg,car
/Users/tontran/Library/CloudStorage/OneDrive-VisualDefenceInc/Projects/road_object_shared/raw_frames/daytime/20250727124905_057527A/frame_00007.jpg,car
/Users/tontran/Library/CloudStorage/OneDrive-VisualDefenceInc/Projects/road_object_shared/raw_frames/daytime/20250727124905_057527A/frame_00008.jpg,car
/Users/tontran/Library/CloudStorage/OneDrive-VisualDefenceInc/Projects/road_object_shared/raw_frames/daytime/20250727124905_057527A/frame_00009.jpg,car
/Users/tontran/Library/CloudStorage/OneDrive-VisualDefenceInc/Projects/road_object_shared/raw_frames/daytime/20250727124905_057527A/frame_00010.jpg,car
/Users/tontran/Library/CloudStorage/OneDrive-VisualDefenceInc/Projects/road_object_shared/raw_frames/daytime/20250727124905_057527A/frame_00011.jpg,car
/Users/tontran/Library/CloudStorage/OneDrive-VisualDefenceInc/Projects/road_object_shared/raw_frames/daytime/20250727124905_057527A/frame_00012.jpg,car
/Users/tontran/Library/CloudStorage/OneDrive-VisualDefenceInc/Projects/road_object_shared/raw_frames/daytime/20250727124905_057527A/frame_00013.jpg,car
/Users/tontran/Library/CloudStorage/OneDrive-VisualDefenceInc/Projects/road_object_shared/raw_frames/daytime/20250727124905_057527A/frame_00014.jpg,car
/Users/tontran/Library/CloudStorage/OneDrive-VisualDefenceInc/Projects/road_object_shared/raw_frames/daytime/20250727124905_057527A/frame_00015.jpg,car
/Users/tontran/Library/CloudStorage/OneDrive-VisualDefenceInc/Projects/road_object_shared/raw_frames/daytime/20250727124905_057527A/frame_00016.jpg,car
/Users/tontran/Library/CloudStorage/OneDrive-VisualDefenceInc/Projects/road_object_shared/raw_frames/daytime/20250727124905_057527A/frame_00017.jpg,car
/Users/tontran/Library/CloudStorage/OneDrive-VisualDefenceInc/Projects/road_object_shared/raw_frames/daytime/20250727124905_057527A/frame_00018.jpg,car
/Users/tontran/Library/CloudStorage/OneDrive-VisualDefenceInc/Projects/road_object_shared/raw_frames/daytime/20250727124905_057527A/frame_00019.jpg,car
/Users/tontran/Library/CloudStorage/OneDrive-VisualDefenceInc/Projects/road_object_shared/raw_frames/daytime/20250727124905_057527A/frame_00020.jpg,car
/Users/tontran/Library/CloudStorage/OneDrive-VisualDefenceInc/Projects/road_object_shared/raw_frames/daytime/20250727124905_057527A/frame_00021.jpg,car
/Users/tontran/Library/CloudStorage/OneDrive-VisualDefenceInc/Projects/road_object_shared/raw_frames/daytime/20250727124905_057527A/frame_00022.jpg,car
/Users/tontran/Library/CloudStorage/OneDrive-VisualDefenceInc/Projects/road_object_shared/raw_frames/daytime/20250727124905_057527A/frame_00023.jpg,car
/Users/tontran/Library/CloudStorage/OneDrive-VisualDefenceInc/Projects/road_object_shared/raw_frames/daytime/20250727124905_057527A/frame_00024.jpg,car
/Users/tontran/Library/CloudStorage/OneDrive-VisualDefenceInc/Projects/road_object_shared/raw_frames/daytime/20250727124905_057527A/frame_00025.jpg,car
/Users/tontran/Library/CloudStorage/OneDrive-VisualDefenceInc/Projects/road_object_shared/raw_frames/daytime/20250727124905_057527A/frame_00026.jpg,car
/Users/tontran/Library/CloudStorage/OneDrive-VisualDefenceInc/Projects/road_object_shared/raw_frames/daytime/20250727124905_057527A/frame_00027.jpg,car
/Users/tontran/Library/CloudStorage/OneDrive-VisualDefenceInc/Projects/road_object_shared/raw_frames/daytime/20250727124905_057527A/frame_00028.jpg,car
/Users/tontran/Library/CloudStorage/OneDrive-VisualDefenceInc/Projects/road_object_shared/raw_frames/daytime/20250727124905_057527A/frame_00029.jpg,car
/Users/tontran/Library/CloudStorage/OneDrive-VisualDefenceInc/Projects/road_object_shared/raw_frames/daytime/20250727124905_057527A/frame_00030.jpg,car
/Users/tontran/Library/CloudStorage/OneDrive-VisualDefenceInc/Projects/road_object_shared/raw_frames/daytime/20250727124905_057527A/frame_00031.jpg,car
/Users/tontran/Library/CloudStorage/OneDrive-VisualDefenceInc/Projects/road_object_shared/raw_frames/daytime/20250727124905_057527A/frame_00032.jpg,car
/Users/tontran/Library/CloudStorage/OneDrive-VisualDefenceInc/Projects/road_object_shared/raw_frames/daytime/20250727124905_057527A/frame_00033.jpg,car
/Users/tontran/Library/CloudStorage/OneDrive-VisualDefenceInc/Projects/road_object_shared/raw_frames/daytime/20250727124905_057527A/frame_00034.jpg,car
/Users/tontran/Library/CloudStorage/OneDrive-VisualDefenceInc/Projects/road_object_shared/raw_frames/daytime/20250727124905_057527A/frame_00035.jpg,
/Users/tontran/Library/CloudStorage/OneDrive-VisualDefenceInc/Projects/road_object_shared/raw_frames/daytime/20250727124905_057527A/frame_00036.jpg,
/Users/tontran/Library/CloudStorage/OneDrive-VisualDefenceInc/Projects/road_object_shared/raw_frames/daytime/20250727124905_057527A/frame_00037.jpg,
/Users/tontran/Library/CloudStorage/OneDrive-VisualDefenceInc/Projects/road_object_shared/raw_frames/daytime/20250727124905_057527A/frame_00038.jpg,
/Users/tontran/Library/CloudStorage/OneDrive-VisualDefenceInc/Projects/road_object_shared/raw_frames/daytime/20250727124905_057527A/frame_00039.jpg,
/Users/tontran/Library/CloudStorage/OneDrive-VisualDefenceInc/Projects/road_object_shared/raw_frames/daytime/20250727124905_057527A/frame_00040.jpg,
/Users/tontran/Library/CloudStorage/OneDrive-VisualDefenceInc/Projects/road_object_shared/raw_frames/daytime/20250727124905_057527A/frame_00041.jpg,
/Users/tontran/Library/CloudStorage/OneDrive-VisualDefenceInc/Projects/road_object_shared/raw_frames/daytime/20250727124905_057527A/frame_00042.jpg,
/Users/tontran/Library/CloudStorage/OneDrive-VisualDefenceInc/Projects/road_object_shared/raw_frames/daytime/20250727124905_057527A/frame_00043.jpg,
/Users/tontran/Library/CloudStorage/OneDrive-VisualDefenceInc/Projects/road_object_shared/raw_frames/daytime/20250727124905_057527A/frame_00044.jpg,
/Users/tontran/Library/CloudStorage/OneDrive-VisualDefenceInc/Projects/road_object_shared/raw_frames/daytime/20250727124905_057527A/frame_00045.jpg,
/Users/tontran/Library/CloudStorage/OneDrive-VisualDefenceInc/Projects/road_object_shared/raw_frames/daytime/20250727124905_057527A/frame_00046.jpg,
/Users/tontran/Library/CloudStorage/OneDrive-VisualDefenceInc/Projects/road_object_shared/raw_frames/daytime/20250727124905_057527A/frame_00047.jpg,
/Users/tontran/Library/CloudStorage/OneDrive-VisualDefenceInc/Projects/road_object_shared/raw_frames/daytime/20250727125005_057529A/frame_00000.jpg,
/Users/tontran/Library/CloudStorage/OneDrive-VisualDefenceInc/Projects/road_object_shared/raw_frames/daytime/20250727125005_057529A/frame_00001.jpg,
/Users/tontran/Library/CloudStorage/OneDrive-VisualDefenceInc/Projects/road_object_shared/raw_frames/daytime/20250727125005_057529A/frame_00002.jpg,
/Users/tontran/Library/CloudStorage/OneDrive-VisualDefenceInc/Projects/road_object_shared/raw_frames/daytime/20250727125005_057529A/frame_00003.jpg,
/Users/tontran/Library/CloudStorage/OneDrive-VisualDefenceInc/Projects/road_object_shared/raw_frames/daytime/20250727125005_057529A/frame_00004.jpg,
/Users/tontran/Library/CloudStorage/OneDrive-VisualDefenceInc/Projects/road_object_shared/raw_frames/daytime/20250727125005_057529A/frame_00005.jpg,
/Users/tontran/Library/CloudStorage/OneDrive-VisualDefenceInc/Projects/road_object_shared/raw_frames/daytime/20250727125005_057529A/frame_00006.jpg,
/Users/tontran/Library/CloudStorage/OneDrive-VisualDefenceInc/Projects/road_object_shared/raw_frames/daytime/20250727125005_057529A/frame_00007.jpg,
/Users/tontran/Library/CloudStorage/OneDrive-VisualDefenceInc/Projects/road_object_shared/raw_frames/daytime/20250727125005_057529A/frame_00008.jpg,
/Users/tontran/Library/CloudStorage/OneDrive-VisualDefenceInc/Projects/road_object_shared/raw_frames/daytime/20250727125005_057529A/frame_00009.jpg,
/Users/tontran/Library/CloudStorage/OneDrive-VisualDefenceInc/Projects/road_object_shared/raw_frames/daytime/20250727125005_057529A/frame_00010.jpg,
/Users/tontran/Library/CloudStorage/OneDrive-VisualDefenceInc/Projects/road_object_shared/raw_frames/daytime/20250727125005_057529A/frame_00011.jpg,
/Users/tontran/Library/CloudStorage/OneDrive-VisualDefenceInc/Projects/road_object_shared/raw_frames/daytime/20250727125005_057529A/frame_00012.jpg,
/Users/tontran/Library/CloudStorage/OneDrive-VisualDefenceInc/Projects/road_object_shared/raw_frames/daytime/20250727125005_057529A/frame_00013.jpg,
/Users/tontran/Library/CloudStorage/OneDrive-VisualDefenceInc/Projects/road_object_shared/raw_frames/daytime/20250727125005_057529A/frame_00014.jpg,
/Users/tontran/Library/CloudStorage/OneDrive-VisualDefenceInc/Projects/road_object_shared/raw_frames/daytime/20250727125005_057529A/frame_00015.jpg,
/Users/tontran/Library/CloudStorage/OneDrive-VisualDefenceInc/Projects/road_object_shared/raw_frames/daytime/20250727125005_057529A/frame_00016.jpg,
/Users/tontran/Library/CloudStorage/OneDrive-VisualDefenceInc/Projects/road_object_shared/raw_frames/daytime/20250727125005_057529A/frame_00017.jpg,
/Users/tontran/Library/CloudStorage/OneDrive-VisualDefenceInc/Projects/road_object_shared/raw_frames/daytime/20250727125005_057529A/frame_00018.jpg,
/Users/tontran/Library/CloudStorage/OneDrive-VisualDefenceInc/Projects/road_object_shared/raw_frames/daytime/20250727125005_057529A/frame_00019.jpg,
/Users/tontran/Library/CloudStorage/OneDrive-VisualDefenceInc/Projects/road_object_shared/raw_frames/daytime/20250727125005_057529A/frame_00020.jpg,
/Users/tontran/Library/CloudStorage/OneDrive-VisualDefenceInc/Projects/road_object_shared/raw_frames/daytime/20250727125005_057529A/frame_00021.jpg,
/Users/tontran/Library/CloudStorage/OneDrive-VisualDefenceInc/Projects/road_object_shared/raw_frames/daytime/20250727125005_057529A/frame_00022.jpg,car
/Users/tontran/Library/CloudStorage/OneDrive-VisualDefenceInc/Projects/road_object_shared/raw_frames/daytime/20250727125005_057529A/frame_00023.jpg,car
/Users/tontran/Library/CloudStorage/OneDrive-VisualDefenceInc/Projects/road_object_shared/raw_frames/daytime/20250727125005_057529A/frame_00024.jpg,car
/Users/tontran/Library/CloudStorage/OneDrive-VisualDefenceInc/Projects/road_object_shared/raw_frames/daytime/20250727125005_057529A/frame_00025.jpg,car
/Users/tontran/Library/CloudStorage/OneDrive-VisualDefenceInc/Projects/road_object_shared/raw_frames/daytime/20250727125005_057529A/frame_00026.jpg,car
/Users/tontran/Library/CloudStorage/OneDrive-VisualDefenceInc/Projects/road_object_shared/raw_frames/daytime/20250727125005_057529A/frame_00027.jpg,car
/Users/tontran/Library/CloudStorage/OneDrive-VisualDefenceInc/Projects/road_object_shared/raw_frames/daytime/20250727125005_057529A/frame_00028.jpg,car
/Users/tontran/Library/CloudStorage/OneDrive-VisualDefenceInc/Projects/road_object_shared/raw_frames/daytime/20250727125005_057529A/frame_00029.jpg,car
/Users/tontran/Library/CloudStorage/OneDrive-VisualDefenceInc/Projects/road_object_shared/raw_frames/daytime/20250727125005_057529A/frame_00030.jpg,car
/Users/tontran/Library/CloudStorage/OneDrive-VisualDefenceInc/Projects/road_object_shared/raw_frames/daytime/20250727125005_057529A/frame_00031.jpg,car
/Users/tontran/Library/CloudStorage/OneDrive-VisualDefenceInc/Projects/road_object_shared/raw_frames/daytime/20250727125005_057529A/frame_00032.jpg,car
/Users/tontran/Library/CloudStorage/OneDrive-VisualDefenceInc/Projects/road_object_shared/raw_frames/daytime/20250727125005_057529A/frame_00033.jpg,car
/Users/tontran/Library/CloudStorage/OneDrive-VisualDefenceInc/Projects/road_object_shared/raw_frames/daytime/20250727125005_057529A/frame_00034.jpg,car
/Users/tontran/Library/CloudStorage/OneDrive-VisualDefenceInc/Projects/road_object_shared/raw_frames/daytime/20250727125005_057529A/frame_00035.jpg,car
/Users/tontran/Library/CloudStorage/OneDrive-VisualDefenceInc/Projects/road_object_shared/raw_frames/daytime/20250727125005_057529A/frame_00036.jpg,car
/Users/tontran/Library/CloudStorage/OneDrive-VisualDefenceInc/Projects/road_object_shared/raw_frames/daytime/20250727125005_057529A/frame_00037.jpg,car
/Users/tontran/Library/CloudStorage/OneDrive-VisualDefenceInc/Projects/road_object_shared/raw_frames/daytime/20250727125005_057529A/frame_00038.jpg,car
/Users/tontran/Library/CloudStorage/OneDrive-VisualDefenceInc/Projects/road_object_shared/raw_frames/daytime/20250727125005_057529A/frame_00039.jpg,car
/Users/tontran/Library/CloudStorage/OneDrive-VisualDefenceInc/Projects/road_object_shared/raw_frames/daytime/20250727125005_057529A/frame_00040.jpg,car
/Users/tontran/Library/CloudStorage/OneDrive-VisualDefenceInc/Projects/road_object_shared/raw_frames/daytime/20250727125005_057529A/frame_00041.jpg,car
/Users/tontran/Library/CloudStorage/OneDrive-VisualDefenceInc/Projects/road_object_shared/raw_frames/daytime/20250727125005_057529A/frame_00042.jpg,car
/Users/tontran/Library/CloudStorage/OneDrive-VisualDefenceInc/Projects/road_object_shared/raw_frames/daytime/20250727125005_057529A/frame_00043.jpg,car
/Users/tontran/Library/CloudStorage/OneDrive-VisualDefenceInc/Projects/road_object_shared/raw_frames/daytime/20250727125005_057529A/frame_00044.jpg,car
/Users/tontran/Library/CloudStorage/OneDrive-VisualDefenceInc/Projects/road_object_shared/raw_frames/daytime/20250727125005_057529A/frame_00045.jpg,car
/Users/tontran/Library/CloudStorage/OneDrive-VisualDefenceInc/Projects/road_object_shared/raw_frames/daytime/20250727125005_057529A/frame_00046.jpg,car
/Users/tontran/Library/CloudStorage/OneDrive-VisualDefenceInc/Projects/road_object_shared/raw_frames/daytime/20250727125005_057529A/frame_00047.jpg,car
/Users/tontran/Library/CloudStorage/OneDrive-VisualDefenceInc/Projects/road_object_shared/raw_frames/daytime/20250727125105_057531A/frame_00000.jpg,car
/Users/tontran/Library/CloudStorage/OneDrive-VisualDefenceInc/Projects/road_object_shared/raw_frames/daytime/20250727125105_057531A/frame_00001.jpg,car
/Users/tontran/Library/CloudStorage/OneDrive-VisualDefenceInc/Projects/road_object_shared/raw_frames/daytime/20250727125105_057531A/frame_00002.jpg,car
/Users/tontran/Library/CloudStorage/OneDrive-VisualDefenceInc/Projects/road_object_shared/raw_frames/daytime/20250727125105_057531A/frame_00003.jpg,car
/Users/tontran/Library/CloudStorage/OneDrive-VisualDefenceInc/Projects/road_object_shared/raw_frames/daytime/20250727125105_057531A/frame_00004.jpg,car
/Users/tontran/Library/CloudStorage/OneDrive-VisualDefenceInc/Projects/road_object_shared/raw_frames/daytime/20250727125105_057531A/frame_00005.jpg,car
/Users/tontran/Library/CloudStorage/OneDrive-VisualDefenceInc/Projects/road_object_shared/raw_frames/daytime/20250727125105_057531A/frame_00006.jpg,car
/Users/tontran/Library/CloudStorage/OneDrive-VisualDefenceInc/Projects/road_object_shared/raw_frames/daytime/20250727125105_057531A/frame_00007.jpg,car
/Users/tontran/Library/CloudStorage/OneDrive-VisualDefenceInc/Projects/road_object_shared/raw_frames/daytime/20250727125105_057531A/frame_00008.jpg,car
/Users/tontran/Library/CloudStorage/OneDrive-VisualDefenceInc/Projects/road_object_shared/raw_frames/daytime/20250727125105_057531A/frame_00009.jpg,car
/Users/tontran/Library/CloudStorage/OneDrive-VisualDefenceInc/Projects/road_object_shared/raw_frames/daytime/20250727125105_057531A/frame_00010.jpg,car
/Users/tontran/Library/CloudStorage/OneDrive-VisualDefenceInc/Projects/road_object_shared/raw_frames/daytime/20250727125105_057531A/frame_00011.jpg,car
/Users/tontran/Library/CloudStorage/OneDrive-VisualDefenceInc/Projects/road_object_shared/raw_frames/daytime/20250727125105_057531A/frame_00012.jpg,car
/Users/tontran/Library/CloudStorage/OneDrive-VisualDefenceInc/Projects/road_object_shared/raw_frames/daytime/20250727125105_057531A/frame_00013.jpg,car
/Users/tontran/Library/CloudStorage/OneDrive-VisualDefenceInc/Projects/road_object_shared/raw_frames/daytime/20250727125105_057531A/frame_00014.jpg,car
/Users/tontran/Library/CloudStorage/OneDrive-VisualDefenceInc/Projects/road_object_shared/raw_frames/daytime/20250727125105_057531A/frame_00015.jpg,car
/Users/tontran/Library/CloudStorage/OneDrive-VisualDefenceInc/Projects/road_object_shared/raw_frames/daytime/20250727125105_057531A/frame_00016.jpg,car
/Users/tontran/Library/CloudStorage/OneDrive-VisualDefenceInc/Projects/road_object_shared/raw_frames/daytime/20250727125105_057531A/frame_00017.jpg,car
/Users/tontran/Library/CloudStorage/OneDrive-VisualDefenceInc/Projects/road_object_shared/raw_frames/daytime/20250727125105_057531A/frame_00018.jpg,car
/Users/tontran/Library/CloudStorage/OneDrive-VisualDefenceInc/Projects/road_object_shared/raw_frames/daytime/20250727125105_057531A/frame_00019.jpg,car
/Users/tontran/Library/CloudStorage/OneDrive-VisualDefenceInc/Projects/road_object_shared/raw_frames/daytime/20250727125105_057531A/frame_00020.jpg,car
/Users/tontran/Library/CloudStorage/OneDrive-VisualDefenceInc/Projects/road_object_shared/raw_frames/daytime/20250727125105_057531A/frame_00021.jpg,car
/Users/tontran/Library/CloudStorage/OneDrive-VisualDefenceInc/Projects/road_object_shared/raw_frames/daytime/20250727125105_057531A/frame_00022.jpg,car
/Users/tontran/Library/CloudStorage/OneDrive-VisualDefenceInc/Projects/road_object_shared/raw_frames/daytime/20250727125105_057531A/frame_00023.jpg,car
/Users/tontran/Library/CloudStorage/OneDrive-VisualDefenceInc/Projects/road_object_shared/raw_frames/daytime/20250727125105_057531A/frame_00024.jpg,car
/Users/tontran/Library/CloudStorage/OneDrive-VisualDefenceInc/Projects/road_object_shared/raw_frames/daytime/20250727125105_057531A/frame_00025.jpg,car
/Users/tontran/Library/CloudStorage/OneDrive-VisualDefenceInc/Projects/road_object_shared/raw_frames/daytime/20250727125105_057531A/frame_00026.jpg,car
/Users/tontran/Library/CloudStorage/OneDrive-VisualDefenceInc/Projects/road_object_shared/raw_frames/daytime/20250727125105_057531A/frame_00027.jpg,car
/Users/tontran/Library/CloudStorage/OneDrive-VisualDefenceInc/Projects/road_object_shared/raw_frames/daytime/20250727125105_057531A/frame_00028.jpg,car
/Users/tontran/Library/CloudStorage/OneDrive-VisualDefenceInc/Projects/road_object_shared/raw_frames/daytime/20250727125105_057531A/frame_00029.jpg,car
/Users/tontran/Library/CloudStorage/OneDrive-VisualDefenceInc/Projects/road_object_shared/raw_frames/daytime/20250727125105_057531A/frame_00030.jpg,car
/Users/tontran/Library/CloudStorage/OneDrive-VisualDefenceInc/Projects/road_object_shared/raw_frames/daytime/20250727125105_057531A/frame_00031.jpg,car
/Users/tontran/Library/CloudStorage/OneDrive-VisualDefenceInc/Projects/road_object_shared/raw_frames/daytime/20250727125105_057531A/frame_00032.jpg,car
/Users/tontran/Library/CloudStorage/OneDrive-VisualDefenceInc/Projects/road_object_shared/raw_frames/daytime/20250727125105_057531A/frame_00033.jpg,car
/Users/tontran/Library/CloudStorage/OneDrive-VisualDefenceInc/Projects/road_object_shared/raw_frames/daytime/20250727125105_057531A/frame_00034.jpg,car
/Users/tontran/Library/CloudStorage/OneDrive-VisualDefenceInc/Projects/road_object_shared/raw_frames/daytime/20250727125105_057531A/frame_00035.jpg,car
/Users/tontran/Library/CloudStorage/OneDrive-VisualDefenceInc/Projects/road_object_shared/raw_frames/daytime/20250727125105_057531A/frame_00036.jpg,car
/Users/tontran/Library/CloudStorage/OneDrive-VisualDefenceInc/Projects/road_object_shared/raw_frames/daytime/20250727125105_057531A/frame_00037.jpg,car
/Users/tontran/Library/CloudStorage/OneDrive-VisualDefenceInc/Projects/road_object_shared/raw_frames/daytime/20250727125105_057531A/frame_00038.jpg,car
/Users/tontran/Library/CloudStorage/OneDrive-VisualDefenceInc/Projects/road_object_shared/raw_frames/daytime/20250727125105_057531A/frame_00039.jpg,car
/Users/tontran/Library/CloudStorage/OneDrive-VisualDefenceInc/Projects/road_object_shared/raw_frames/daytime/20250727125105_057531A/frame_00040.jpg,car
/Users/tontran/Library/CloudStorage/OneDrive-VisualDefenceInc/Projects/road_object_shared/raw_frames/daytime/20250727125105_057531A/frame_00041.jpg,car
/Users/tontran/Library/CloudStorage/OneDrive-VisualDefenceInc/Projects/road_object_shared/raw_frames/daytime/20250727125105_057531A/frame_00042.jpg,car
/Users/tontran/Library/CloudStorage/OneDrive-VisualDefenceInc/Projects/road_object_shared/raw_frames/daytime/20250727125105_057531A/frame_00043.jpg,car
/Users/tontran/Library/CloudStorage/OneDrive-VisualDefenceInc/Projects/road_object_shared/raw_frames/daytime/20250727125105_057531A/frame_00044.jpg,car
/Users/tontran/Library/CloudStorage/OneDrive-VisualDefenceInc/Projects/road_object_shared/raw_frames/daytime/20250727125105_057531A/frame_00045.jpg,car
/Users/tontran/Library/CloudStorage/OneDrive-VisualDefenceInc/Projects/road_object_shared/raw_frames/daytime/20250727125105_057531A/frame_00046.jpg,car
/Users/tontran/Library/CloudStorage/OneDrive-VisualDefenceInc/Projects/road_object_shared/raw_frames/daytime/20250727125105_057531A/frame_00047.jpg,car
/Users/tontran/Library/CloudStorage/OneDrive-VisualDefenceInc/Projects/road_object_shared/raw_frames/daytime/20250727125205_057533A/frame_00000.jpg,car
/Users/tontran/Library/CloudStorage/OneDrive-VisualDefenceInc/Projects/road_object_shared/raw_frames/daytime/20250727125205_057533A/frame_00001.jpg,car
/Users/tontran/Library/CloudStorage/OneDrive-VisualDefenceInc/Projects/road_object_shared/raw_frames/daytime/20250727125205_057533A/frame_00002.jpg,car
/Users/tontran/Library/CloudStorage/OneDrive-VisualDefenceInc/Projects/road_object_shared/raw_frames/daytime/20250727125205_057533A/frame_00003.jpg,car
/Users/tontran/Library/CloudStorage/OneDrive-VisualDefenceInc/Projects/road_object_shared/raw_frames/daytime/20250727125205_057533A/frame_00004.jpg,car
/Users/tontran/Library/CloudStorage/OneDrive-VisualDefenceInc/Projects/road_object_shared/raw_frames/daytime/20250727125205_057533A/frame_00005.jpg,car
/Users/tontran/Library/CloudStorage/OneDrive-VisualDefenceInc/Projects/road_object_shared/raw_frames/daytime/20250727125205_057533A/frame_00006.jpg,car
/Users/tontran/Library/CloudStorage/OneDrive-VisualDefenceInc/Projects/road_object_shared/raw_frames/daytime/20250727125205_057533A/frame_00007.jpg,car
/Users/tontran/Library/CloudStorage/OneDrive-VisualDefenceInc/Projects/road_object_shared/raw_frames/daytime/20250727125205_057533A/frame_00008.jpg,car
/Users/tontran/Library/CloudStorage/OneDrive-VisualDefenceInc/Projects/road_object_shared/raw_frames/daytime/20250727125205_057533A/frame_00009.jpg,car
/Users/tontran/Library/CloudStorage/OneDrive-VisualDefenceInc/Projects/road_object_shared/raw_frames/daytime/20250727125205_057533A/frame_00010.jpg,car
/Users/tontran/Library/CloudStorage/OneDrive-VisualDefenceInc/Projects/road_object_shared/raw_frames/daytime/20250727125205_057533A/frame_00011.jpg,car
/Users/tontran/Library/CloudStorage/OneDrive-VisualDefenceInc/Projects/road_object_shared/raw_frames/daytime/20250727125205_057533A/frame_00012.jpg,car
/Users/tontran/Library/CloudStorage/OneDrive-VisualDefenceInc/Projects/road_object_shared/raw_frames/daytime/20250727125205_057533A/frame_00013.jpg,car
/Users/tontran/Library/CloudStorage/OneDrive-VisualDefenceInc/Projects/road_object_shared/raw_frames/daytime/20250727125205_057533A/frame_00014.jpg,car
/Users/tontran/Library/CloudStorage/OneDrive-VisualDefenceInc/Projects/road_object_shared/raw_frames/daytime/20250727125205_057533A/frame_00015.jpg,car
/Users/tontran/Library/CloudStorage/OneDrive-VisualDefenceInc/Projects/road_object_shared/raw_frames/daytime/20250727125205_057533A/frame_00016.jpg,car
/Users/tontran/Library/CloudStorage/OneDrive-VisualDefenceInc/Projects/road_object_shared/raw_frames/daytime/20250727125205_057533A/frame_00017.jpg,car
/Users/tontran/Library/CloudStorage/OneDrive-VisualDefenceInc/Projects/road_object_shared/raw_frames/daytime/20250727125205_057533A/frame_00018.jpg,car
/Users/tontran/Library/CloudStorage/OneDrive-VisualDefenceInc/Projects/road_object_shared/raw_frames/daytime/20250727125205_057533A/frame_00019.jpg,car
/Users/tontran/Library/CloudStorage/OneDrive-VisualDefenceInc/Projects/road_object_shared/raw_frames/daytime/20250727125205_057533A/frame_00020.jpg,car
/Users/tontran/Library/CloudStorage/OneDrive-VisualDefenceInc/Projects/road_object_shared/raw_frames/daytime/20250727125205_057533A/frame_00021.jpg,car
/Users/tontran/Library/CloudStorage/OneDrive-VisualDefenceInc/Projects/road_object_shared/raw_frames/daytime/20250727125205_057533A/frame_00022.jpg,car
/Users/tontran/Library/CloudStorage/OneDrive-VisualDefenceInc/Projects/road_object_shared/raw_frames/daytime/20250727125205_057533A/frame_00023.jpg,car
/Users/tontran/Library/CloudStorage/OneDrive-VisualDefenceInc/Projects/road_object_shared/raw_frames/daytime/20250727125205_057533A/frame_00024.jpg,car
/Users/tontran/Library/CloudStorage/OneDrive-VisualDefenceInc/Projects/road_object_shared/raw_frames/daytime/20250727125205_057533A/frame_00025.jpg,car
/Users/tontran/Library/CloudStorage/OneDrive-VisualDefenceInc/Projects/road_object_shared/raw_frames/daytime/20250727125205_057533A/frame_00026.jpg,car
/Users/tontran/Library/CloudStorage/OneDrive-VisualDefenceInc/Projects/road_object_shared/raw_frames/daytime/20250727125205_057533A/frame_00027.jpg,car
/Users/tontran/Library/CloudStorage/OneDrive-VisualDefenceInc/Projects/road_object_shared/raw_frames/daytime/20250727125205_057533A/frame_00028.jpg,car
/Users/tontran/Library/CloudStorage/OneDrive-VisualDefenceInc/Projects/road_object_shared/raw_frames/daytime/20250727125205_057533A/frame_00029.jpg,car
/Users/tontran/Library/CloudStorage/OneDrive-VisualDefenceInc/Projects/road_object_shared/raw_frames/daytime/20250727125205_057533A/frame_00030.jpg,car
/Users/tontran/Library/CloudStorage/OneDrive-VisualDefenceInc/Projects/road_object_shared/raw_frames/daytime/20250727125205_057533A/frame_00031.jpg,car
/Users/tontran/Library/CloudStorage/OneDrive-VisualDefenceInc/Projects/road_object_shared/raw_frames/daytime/20250727125205_057533A/frame_00032.jpg,car
/Users/tontran/Library/CloudStorage/OneDrive-VisualDefenceInc/Projects/road_object_shared/raw_frames/daytime/20250727125205_057533A/frame_00033.jpg,car
/Users/tontran/Library/CloudStorage/OneDrive-VisualDefenceInc/Projects/road_object_shared/raw_frames/daytime/20250727125205_057533A/frame_00034.jpg,car
/Users/tontran/Library/CloudStorage/OneDrive-VisualDefenceInc/Projects/road_object_shared/raw_frames/daytime/20250727125205_057533A/frame_00035.jpg,car
/Users/tontran/Library/CloudStorage/OneDrive-VisualDefenceInc/Projects/road_object_shared/raw_frames/daytime/20250727125205_057533A/frame_00036.jpg,car
/Users/tontran/Library/CloudStorage/OneDrive-VisualDefenceInc/Projects/road_object_shared/raw_frames/daytime/20250727125205_057533A/frame_00037.jpg,car
/Users/tontran/Library/CloudStorage/OneDrive-VisualDefenceInc/Projects/road_object_shared/raw_frames/daytime/20250727125205_057533A/frame_00038.jpg,car
/Users/tontran/Library/CloudStorage/OneDrive-VisualDefenceInc/Projects/road_object_shared/raw_frames/daytime/20250727125205_057533A/frame_00039.jpg,car
/Users/tontran/Library/CloudStorage/OneDrive-VisualDefenceInc/Projects/road_object_shared/raw_frames/daytime/20250727125205_057533A/frame_00040.jpg,car
/Users/tontran/Library/CloudStorage/OneDrive-VisualDefenceInc/Projects/road_object_shared/raw_frames/daytime/20250727125205_057533A/frame_00041.jpg,car
/Users/tontran/Library/CloudStorage/OneDrive-VisualDefenceInc/Projects/road_object_shared/raw_frames/daytime/20250727125205_057533A/frame_00042.jpg,car
/Users/tontran/Library/CloudStorage/OneDrive-VisualDefenceInc/Projects/road_object_shared/raw_frames/daytime/20250727125205_057533A/frame_00043.jpg,car
/Users/tontran/Library/CloudStorage/OneDrive-VisualDefenceInc/Projects/road_object_shared/raw_frames/daytime/20250727125205_057533A/frame_00044.jpg,car
/Users/tontran/Library/CloudStorage/OneDrive-VisualDefenceInc/Projects/road_object_shared/raw_frames/daytime/20250727125205_057533A/frame_00045.jpg,car
/Users/tontran/Library/CloudStorage/OneDrive-VisualDefenceInc/Projects/road_object_shared/raw_frames/daytime/20250727125205_057533A/frame_00046.jpg,car
/Users/tontran/Library/CloudStorage/OneDrive-VisualDefenceInc/Projects/road_object_shared/raw_frames/daytime/20250727125205_057533A/frame_00047.jpg,car
/Users/tontran/Library/CloudStorage/OneDrive-VisualDefenceInc/Projects/road_object_shared/raw_frames/daytime/20250727125305_057535A/frame_00000.jpg,car
/Users/tontran/Library/CloudStorage/OneDrive-VisualDefenceInc/Projects/road_object_shared/raw_frames/daytime/20250727125305_057535A/frame_00001.jpg,car
/Users/tontran/Library/CloudStorage/OneDrive-VisualDefenceInc/Projects/road_object_shared/raw_frames/daytime/20250727125305_057535A/frame_00002.jpg,car
/Users/tontran/Library/CloudStorage/OneDrive-VisualDefenceInc/Projects/road_object_shared/raw_frames/daytime/20250727125305_057535A/frame_00003.jpg,car
/Users/tontran/Library/CloudStorage/OneDrive-VisualDefenceInc/Projects/road_object_shared/raw_frames/daytime/20250727125305_057535A/frame_00004.jpg,car
/Users/tontran/Library/CloudStorage/OneDrive-VisualDefenceInc/Projects/road_object_shared/raw_frames/daytime/20250727125305_057535A/frame_00005.jpg,car
/Users/tontran/Library/CloudStorage/OneDrive-VisualDefenceInc/Projects/road_object_shared/raw_frames/daytime/20250727125305_057535A/frame_00006.jpg,car
/Users/tontran/Library/CloudStorage/OneDrive-VisualDefenceInc/Projects/road_object_shared/raw_frames/daytime/20250727125305_057535A/frame_00007.jpg,car
/Users/tontran/Library/CloudStorage/OneDrive-VisualDefenceInc/Projects/road_object_shared/raw_frames/daytime/20250727125305_057535A/frame_00008.jpg,car
/Users/tontran/Library/CloudStorage/OneDrive-VisualDefenceInc/Projects/road_object_shared/raw_frames/daytime/20250727125305_057535A/frame_00009.jpg,car
/Users/tontran/Library/CloudStorage/OneDrive-VisualDefenceInc/Projects/road_object_shared/raw_frames/daytime/20250727125305_057535A/frame_00010.jpg,car
/Users/tontran/Library/CloudStorage/OneDrive-VisualDefenceInc/Projects/road_object_shared/raw_frames/daytime/20250727125305_057535A/frame_00011.jpg,car
/Users/tontran/Library/CloudStorage/OneDrive-VisualDefenceInc/Projects/road_object_shared/raw_frames/daytime/20250727125305_057535A/frame_00012.jpg,car
/Users/tontran/Library/CloudStorage/OneDrive-VisualDefenceInc/Projects/road_object_shared/raw_frames/daytime/20250727125305_057535A/frame_00013.jpg,car
/Users/tontran/Library/CloudStorage/OneDrive-VisualDefenceInc/Projects/road_object_shared/raw_frames/daytime/20250727125305_057535A/frame_00014.jpg,car
/Users/tontran/Library/CloudStorage/OneDrive-VisualDefenceInc/Projects/road_object_shared/raw_frames/daytime/20250727125305_057535A/frame_00015.jpg,car
/Users/tontran/Library/CloudStorage/OneDrive-VisualDefenceInc/Projects/road_object_shared/raw_frames/daytime/20250727125305_057535A/frame_00016.jpg,car
/Users/tontran/Library/CloudStorage/OneDrive-VisualDefenceInc/Projects/road_object_shared/raw_frames/daytime/20250727125305_057535A/frame_00017.jpg,car
/Users/tontran/Library/CloudStorage/OneDrive-VisualDefenceInc/Projects/road_object_shared/raw_frames/daytime/20250727125305_057535A/frame_00018.jpg,car
/Users/tontran/Library/CloudStorage/OneDrive-VisualDefenceInc/Projects/road_object_shared/raw_frames/daytime/20250727125305_057535A/frame_00019.jpg,car
/Users/tontran/Library/CloudStorage/OneDrive-VisualDefenceInc/Projects/road_object_shared/raw_frames/daytime/20250727125305_057535A/frame_00020.jpg,car
/Users/tontran/Library/CloudStorage/OneDrive-VisualDefenceInc/Projects/road_object_shared/raw_frames/daytime/20250727125305_057535A/frame_00021.jpg,car
/Users/tontran/Library/CloudStorage/OneDrive-VisualDefenceInc/Projects/road_object_shared/raw_frames/daytime/20250727125305_057535A/frame_00022.jpg,car
/Users/tontran/Library/CloudStorage/OneDrive-VisualDefenceInc/Projects/road_object_shared/raw_frames/daytime/20250727125305_057535A/frame_00023.jpg,car
/Users/tontran/Library/CloudStorage/OneDrive-VisualDefenceInc/Projects/road_object_shared/raw_frames/daytime/20250727125305_057535A/frame_00024.jpg,car
/Users/tontran/Library/CloudStorage/OneDrive-VisualDefenceInc/Projects/road_object_shared/raw_frames/daytime/20250727125305_057535A/frame_00025.jpg,car
/Users/tontran/Library/CloudStorage/OneDrive-VisualDefenceInc/Projects/road_object_shared/raw_frames/daytime/20250727125305_057535A/frame_00026.jpg,car
/Users/tontran/Library/CloudStorage/OneDrive-VisualDefenceInc/Projects/road_object_shared/raw_frames/daytime/20250727125305_057535A/frame_00027.jpg,car
/Users/tontran/Library/CloudStorage/OneDrive-VisualDefenceInc/Projects/road_object_shared/raw_frames/daytime/20250727125305_057535A/frame_00028.jpg,car
/Users/tontran/Library/CloudStorage/OneDrive-VisualDefenceInc/Projects/road_object_shared/raw_frames/daytime/20250727125305_057535A/frame_00029.jpg,car
/Users/tontran/Library/CloudStorage/OneDrive-VisualDefenceInc/Projects/road_object_shared/raw_frames/daytime/20250727125305_057535A/frame_00030.jpg,car
/Users/tontran/Library/CloudStorage/OneDrive-VisualDefenceInc/Projects/road_object_shared/raw_frames/daytime/20250727125305_057535A/frame_00031.jpg,car
/Users/tontran/Library/CloudStorage/OneDrive-VisualDefenceInc/Projects/road_object_shared/raw_frames/daytime/20250727125305_057535A/frame_00032.jpg,car
/Users/tontran/Library/CloudStorage/OneDrive-VisualDefenceInc/Projects/road_object_shared/raw_frames/daytime/20250727125305_057535A/frame_00033.jpg,car
/Users/tontran/Library/CloudStorage/OneDrive-VisualDefenceInc/Projects/road_object_shared/raw_frames/daytime/20250727125305_057535A/frame_00034.jpg,car
/Users/tontran/Library/CloudStorage/OneDrive-VisualDefenceInc/Projects/road_object_shared/raw_frames/daytime/20250727125305_057535A/frame_00035.jpg,car
/Users/tontran/Library/CloudStorage/OneDrive-VisualDefenceInc/Projects/road_object_shared/raw_frames/daytime/20250727125305_057535A/frame_00036.jpg,car
/Users/tontran/Library/CloudStorage/OneDrive-VisualDefenceInc/Projects/road_object_shared/raw_frames/daytime/20250727125305_057535A/frame_00037.jpg,car
/Users/tontran/Library/CloudStorage/OneDrive-VisualDefenceInc/Projects/road_object_shared/raw_frames/daytime/20250727125305_057535A/frame_00038.jpg,car
/Users/tontran/Library/CloudStorage/OneDrive-VisualDefenceInc/Projects/road_object_shared/raw_frames/daytime/20250727125305_057535A/frame_00039.jpg,car
/Users/tontran/Library/CloudStorage/OneDrive-VisualDefenceInc/Projects/road_object_shared/raw_frames/daytime/20250727125305_057535A/frame_00040.jpg,car
/Users/tontran/Library/CloudStorage/OneDrive-VisualDefenceInc/Projects/road_object_shared/raw_frames/daytime/20250727125305_057535A/frame_00041.jpg,car
/Users/tontran/Library/CloudStorage/OneDrive-VisualDefenceInc/Projects/road_object_shared/raw_frames/daytime/20250727125305_057535A/frame_00042.jpg,car
/Users/tontran/Library/CloudStorage/OneDrive-VisualDefenceInc/Projects/road_object_shared/raw_frames/daytime/20250727125305_057535A/frame_00043.jpg,car
/Users/tontran/Library/CloudStorage/OneDrive-VisualDefenceInc/Projects/road_object_shared/raw_frames/daytime/20250727125305_057535A/frame_00044.jpg,car
/Users/tontran/Library/CloudStorage/OneDrive-VisualDefenceInc/Projects/road_object_shared/raw_frames/daytime/20250727125305_057535A/frame_00045.jpg,car
/Users/tontran/Library/CloudStorage/OneDrive-VisualDefenceInc/Projects/road_object_shared/raw_frames/daytime/20250727125305_057535A/frame_00046.jpg,car
/Users/tontran/Library/CloudStorage/OneDrive-VisualDefenceInc/Projects/road_object_shared/raw_frames/daytime/20250727125305_057535A/frame_00047.jpg,car
/Users/tontran/Library/CloudStorage/OneDrive-VisualDefenceInc/Projects/road_object_shared/raw_frames/daytime/20250727125405_057537A/frame_00000.jpg,car
/Users/tontran/Library/CloudStorage/OneDrive-VisualDefenceInc/Projects/road_object_shared/raw_frames/daytime/20250727125405_057537A/frame_00001.jpg,car
/Users/tontran/Library/CloudStorage/OneDrive-VisualDefenceInc/Projects/road_object_shared/raw_frames/daytime/20250727125405_057537A/frame_00002.jpg,car
/Users/tontran/Library/CloudStorage/OneDrive-VisualDefenceInc/Projects/road_object_shared/raw_frames/daytime/20250727125405_057537A/frame_00003.jpg,car
/Users/tontran/Library/CloudStorage/OneDrive-VisualDefenceInc/Projects/road_object_shared/raw_frames/daytime/20250727125405_057537A/frame_00004.jpg,car
/Users/tontran/Library/CloudStorage/OneDrive-VisualDefenceInc/Projects/road_object_shared/raw_frames/daytime/20250727125405_057537A/frame_00005.jpg,car
/Users/tontran/Library/CloudStorage/OneDrive-VisualDefenceInc/Projects/road_object_shared/raw_frames/daytime/20250727125405_057537A/frame_00006.jpg,car
/Users/tontran/Library/CloudStorage/OneDrive-VisualDefenceInc/Projects/road_object_shared/raw_frames/daytime/20250727125405_057537A/frame_00007.jpg,car
/Users/tontran/Library/CloudStorage/OneDrive-VisualDefenceInc/Projects/road_object_shared/raw_frames/daytime/20250727125405_057537A/frame_00008.jpg,car
/Users/tontran/Library/CloudStorage/OneDrive-VisualDefenceInc/Projects/road_object_shared/raw_frames/daytime/20250727125405_057537A/frame_00009.jpg,car
/Users/tontran/Library/CloudStorage/OneDrive-VisualDefenceInc/Projects/road_object_shared/raw_frames/daytime/20250727125405_057537A/frame_00010.jpg,car
/Users/tontran/Library/CloudStorage/OneDrive-VisualDefenceInc/Projects/road_object_shared/raw_frames/daytime/20250727125405_057537A/frame_00011.jpg,car
/Users/tontran/Library/CloudStorage/OneDrive-VisualDefenceInc/Projects/road_object_shared/raw_frames/daytime/20250727125405_057537A/frame_00012.jpg,car
/Users/tontran/Library/CloudStorage/OneDrive-VisualDefenceInc/Projects/road_object_shared/raw_frames/daytime/20250727125405_057537A/frame_00013.jpg,car
/Users/tontran/Library/CloudStorage/OneDrive-VisualDefenceInc/Projects/road_object_shared/raw_frames/daytime/20250727125405_057537A/frame_00014.jpg,car
/Users/tontran/Library/CloudStorage/OneDrive-VisualDefenceInc/Projects/road_object_shared/raw_frames/daytime/20250727125405_057537A/frame_00015.jpg,car
/Users/tontran/Library/CloudStorage/OneDrive-VisualDefenceInc/Projects/road_object_shared/raw_frames/daytime/20250727125405_057537A/frame_00016.jpg,car
/Users/tontran/Library/CloudStorage/OneDrive-VisualDefenceInc/Projects/road_object_shared/raw_frames/daytime/20250727125405_057537A/frame_00017.jpg,car
/Users/tontran/Library/CloudStorage/OneDrive-VisualDefenceInc/Projects/road_object_shared/raw_frames/daytime/20250727125405_057537A/frame_00018.jpg,car
/Users/tontran/Library/CloudStorage/OneDrive-VisualDefenceInc/Projects/road_object_shared/raw_frames/daytime/20250727125405_057537A/frame_00019.jpg,car
/Users/tontran/Library/CloudStorage/OneDrive-VisualDefenceInc/Projects/road_object_shared/raw_frames/daytime/20250727125405_057537A/frame_00020.jpg,car
/Users/tontran/Library/CloudStorage/OneDrive-VisualDefenceInc/Projects/road_object_shared/raw_frames/daytime/20250727125405_057537A/frame_00021.jpg,car
/Users/tontran/Library/CloudStorage/OneDrive-VisualDefenceInc/Projects/road_object_shared/raw_frames/daytime/20250727125405_057537A/frame_00022.jpg,car
/Users/tontran/Library/CloudStorage/OneDrive-VisualDefenceInc/Projects/road_object_shared/raw_frames/daytime/20250727125405_057537A/frame_00023.jpg,car
/Users/tontran/Library/CloudStorage/OneDrive-VisualDefenceInc/Projects/road_object_shared/raw_frames/daytime/20250727125405_057537A/frame_00024.jpg,car
/Users/tontran/Library/CloudStorage/OneDrive-VisualDefenceInc/Projects/road_object_shared/raw_frames/daytime/20250727125405_057537A/frame_00025.jpg,car
/Users/tontran/Library/CloudStorage/OneDrive-VisualDefenceInc/Projects/road_object_shared/raw_frames/daytime/20250727125405_057537A/frame_00026.jpg,car
/Users/tontran/Library/CloudStorage/OneDrive-VisualDefenceInc/Projects/road_object_shared/raw_frames/daytime/20250727125405_057537A/frame_00027.jpg,car
/Users/tontran/Library/CloudStorage/OneDrive-VisualDefenceInc/Projects/road_object_shared/raw_frames/daytime/20250727125405_057537A/frame_00028.jpg,car
/Users/tontran/Library/CloudStorage/OneDrive-VisualDefenceInc/Projects/road_object_shared/raw_frames/daytime/20250727125405_057537A/frame_00029.jpg,car
/Users/tontran/Library/CloudStorage/OneDrive-VisualDefenceInc/Projects/road_object_shared/raw_frames/daytime/20250727125405_057537A/frame_00030.jpg,car
/Users/tontran/Library/CloudStorage/OneDrive-VisualDefenceInc/Projects/road_object_shared/raw_frames/daytime/20250727125405_057537A/frame_00031.jpg,car
/Users/tontran/Library/CloudStorage/OneDrive-VisualDefenceInc/Projects/road_object_shared/raw_frames/daytime/20250727125405_057537A/frame_00032.jpg,car
/Users/tontran/Library/CloudStorage/OneDrive-VisualDefenceInc/Projects/road_object_shared/raw_frames/daytime/20250727125405_057537A/frame_00033.jpg,car
/Users/tontran/Library/CloudStorage/OneDrive-VisualDefenceInc/Projects/road_object_shared/raw_frames/daytime/20250727125405_057537A/frame_00034.jpg,car
/Users/tontran/Library/CloudStorage/OneDrive-VisualDefenceInc/Projects/road_object_shared/raw_frames/daytime/20250727125405_057537A/frame_00035.jpg,car
/Users/tontran/Library/CloudStorage/OneDrive-VisualDefenceInc/Projects/road_object_shared/raw_frames/daytime/20250727125405_057537A/frame_00036.jpg,car
/Users/tontran/Library/CloudStorage/OneDrive-VisualDefenceInc/Projects/road_object_shared/raw_frames/daytime/20250727125405_057537A/frame_00037.jpg,car
/Users/tontran/Library/CloudStorage/OneDrive-VisualDefenceInc/Projects/road_object_shared/raw_frames/daytime/20250727125405_057537A/frame_00038.jpg,car
/Users/tontran/Library/CloudStorage/OneDrive-VisualDefenceInc/Projects/road_object_shared/raw_frames/daytime/20250727125405_057537A/frame_00039.jpg,car
/Users/tontran/Library/CloudStorage/OneDrive-VisualDefenceInc/Projects/road_object_shared/raw_frames/daytime/20250727125405_057537A/frame_00040.jpg,car
/Users/tontran/Library/CloudStorage/OneDrive-VisualDefenceInc/Projects/road_object_shared/raw_frames/daytime/20250727125405_057537A/frame_00041.jpg,car
/Users/tontran/Library/CloudStorage/OneDrive-VisualDefenceInc/Projects/road_object_shared/raw_frames/daytime/20250727125405_057537A/frame_00042.jpg,car
/Users/tontran/Library/CloudStorage/OneDrive-VisualDefenceInc/Projects/road_object_shared/raw_frames/daytime/20250727125405_057537A/frame_00043.jpg,car
/Users/tontran/Library/CloudStorage/OneDrive-VisualDefenceInc/Projects/road_object_shared/raw_frames/daytime/20250727125405_057537A/frame_00044.jpg,car
/Users/tontran/Library/CloudStorage/OneDrive-VisualDefenceInc/Projects/road_object_shared/raw_frames/daytime/20250727125405_057537A/frame_00045.jpg,car
/Users/tontran/Library/CloudStorage/OneDrive-VisualDefenceInc/Projects/road_object_shared/raw_frames/daytime/20250727125405_057537A/frame_00046.jpg,car
/Users/tontran/Library/CloudStorage/OneDrive-VisualDefenceInc/Projects/road_object_shared/raw_frames/daytime/20250727125405_057537A/frame_00047.jpg,car
/Users/tontran/Library/CloudStorage/OneDrive-VisualDefenceInc/Projects/road_object_shared/raw_frames/daytime/20250727125505_057539A/frame_00000.jpg,car
/Users/tontran/Library/CloudStorage/OneDrive-VisualDefenceInc/Projects/road_object_shared/raw_frames/daytime/20250727125505_057539A/frame_00001.jpg,car
/Users/tontran/Library/CloudStorage/OneDrive-VisualDefenceInc/Projects/road_object_shared/raw_frames/daytime/20250727125505_057539A/frame_00002.jpg,car
/Users/tontran/Library/CloudStorage/OneDrive-VisualDefenceInc/Projects/road_object_shared/raw_frames/daytime/20250727125505_057539A/frame_00003.jpg,car
/Users/tontran/Library/CloudStorage/OneDrive-VisualDefenceInc/Projects/road_object_shared/raw_frames/daytime/20250727125505_057539A/frame_00004.jpg,car
/Users/tontran/Library/CloudStorage/OneDrive-VisualDefenceInc/Projects/road_object_shared/raw_frames/daytime/20250727125505_057539A/frame_00005.jpg,car
/Users/tontran/Library/CloudStorage/OneDrive-VisualDefenceInc/Projects/road_object_shared/raw_frames/daytime/20250727125505_057539A/frame_00006.jpg,car
/Users/tontran/Library/CloudStorage/OneDrive-VisualDefenceInc/Projects/road_object_shared/raw_frames/daytime/20250727125505_057539A/frame_00007.jpg,car
/Users/tontran/Library/CloudStorage/OneDrive-VisualDefenceInc/Projects/road_object_shared/raw_frames/daytime/20250727125505_057539A/frame_00008.jpg,car
/Users/tontran/Library/CloudStorage/OneDrive-VisualDefenceInc/Projects/road_object_shared/raw_frames/daytime/20250727125505_057539A/frame_00009.jpg,car
/Users/tontran/Library/CloudStorage/OneDrive-VisualDefenceInc/Projects/road_object_shared/raw_frames/daytime/20250727125505_057539A/frame_00010.jpg,car
/Users/tontran/Library/CloudStorage/OneDrive-VisualDefenceInc/Projects/road_object_shared/raw_frames/daytime/20250727125505_057539A/frame_00011.jpg,car
/Users/tontran/Library/CloudStorage/OneDrive-VisualDefenceInc/Projects/road_object_shared/raw_frames/daytime/20250727125505_057539A/frame_00012.jpg,car
/Users/tontran/Library/CloudStorage/OneDrive-VisualDefenceInc/Projects/road_object_shared/raw_frames/daytime/20250727125505_057539A/frame_00013.jpg,car
/Users/tontran/Library/CloudStorage/OneDrive-VisualDefenceInc/Projects/road_object_shared/raw_frames/daytime/20250727125505_057539A/frame_00014.jpg,car
/Users/tontran/Library/CloudStorage/OneDrive-VisualDefenceInc/Projects/road_object_shared/raw_frames/daytime/20250727125505_057539A/frame_00015.jpg,car
/Users/tontran/Library/CloudStorage/OneDrive-VisualDefenceInc/Projects/road_object_shared/raw_frames/daytime/20250727125505_057539A/frame_00016.jpg,car
/Users/tontran/Library/CloudStorage/OneDrive-VisualDefenceInc/Projects/road_object_shared/raw_frames/daytime/20250727125505_057539A/frame_00017.jpg,car
/Users/tontran/Library/CloudStorage/OneDrive-VisualDefenceInc/Projects/road_object_shared/raw_frames/daytime/20250727125505_057539A/frame_00018.jpg,car
/Users/tontran/Library/CloudStorage/OneDrive-VisualDefenceInc/Projects/road_object_shared/raw_frames/daytime/20250727125505_057539A/frame_00019.jpg,car
/Users/tontran/Library/CloudStorage/OneDrive-VisualDefenceInc/Projects/road_object_shared/raw_frames/daytime/20250727125505_057539A/frame_00020.jpg,car
/Users/tontran/Library/CloudStorage/OneDrive-VisualDefenceInc/Projects/road_object_shared/raw_frames/daytime/20250727125505_057539A/frame_00021.jpg,car
/Users/tontran/Library/CloudStorage/OneDrive-VisualDefenceInc/Projects/road_object_shared/raw_frames/daytime/20250727125505_057539A/frame_00022.jpg,car
/Users/tontran/Library/CloudStorage/OneDrive-VisualDefenceInc/Projects/road_object_shared/raw_frames/daytime/20250727125505_057539A/frame_00023.jpg,car
/Users/tontran/Library/CloudStorage/OneDrive-VisualDefenceInc/Projects/road_object_shared/raw_frames/daytime/20250727125505_057539A/frame_00024.jpg,car
/Users/tontran/Library/CloudStorage/OneDrive-VisualDefenceInc/Projects/road_object_shared/raw_frames/daytime/20250727125505_057539A/frame_00025.jpg,car
/Users/tontran/Library/CloudStorage/OneDrive-VisualDefenceInc/Projects/road_object_shared/raw_frames/daytime/20250727125505_057539A/frame_00026.jpg,car
/Users/tontran/Library/CloudStorage/OneDrive-VisualDefenceInc/Projects/road_object_shared/raw_frames/daytime/20250727125505_057539A/frame_00027.jpg,car
/Users/tontran/Library/CloudStorage/OneDrive-VisualDefenceInc/Projects/road_object_shared/raw_frames/daytime/20250727125505_057539A/frame_00028.jpg,car
/Users/tontran/Library/CloudStorage/OneDrive-VisualDefenceInc/Projects/road_object_shared/raw_frames/daytime/20250727125505_057539A/frame_00029.jpg,car
/Users/tontran/Library/CloudStorage/OneDrive-VisualDefenceInc/Projects/road_object_shared/raw_frames/daytime/20250727125505_057539A/frame_00030.jpg,
/Users/tontran/Library/CloudStorage/OneDrive-VisualDefenceInc/Projects/road_object_shared/raw_frames/daytime/20250727125505_057539A/frame_00031.jpg,
/Users/tontran/Library/CloudStorage/OneDrive-VisualDefenceInc/Projects/road_object_shared/raw_frames/daytime/20250727125505_057539A/frame_00032.jpg,
/Users/tontran/Library/CloudStorage/OneDrive-VisualDefenceInc/Projects/road_object_shared/raw_frames/daytime/20250727125505_057539A/frame_00033.jpg,
/Users/tontran/Library/CloudStorage/OneDrive-VisualDefenceInc/Projects/road_object_shared/raw_frames/daytime/20250727125505_057539A/frame_00034.jpg,
/Users/tontran/Library/CloudStorage/OneDrive-VisualDefenceInc/Projects/road_object_shared/raw_frames/daytime/20250727125505_057539A/frame_00035.jpg,car
/Users/tontran/Library/CloudStorage/OneDrive-VisualDefenceInc/Projects/road_object_shared/raw_frames/daytime/20250727125505_057539A/frame_00036.jpg,car
/Users/tontran/Library/CloudStorage/OneDrive-VisualDefenceInc/Projects/road_object_shared/raw_frames/daytime/20250727125505_057539A/frame_00037.jpg,car
/Users/tontran/Library/CloudStorage/OneDrive-VisualDefenceInc/Projects/road_object_shared/raw_frames/daytime/20250727125505_057539A/frame_00038.jpg,car
/Users/tontran/Library/CloudStorage/OneDrive-VisualDefenceInc/Projects/road_object_shared/raw_frames/daytime/20250727125505_057539A/frame_00039.jpg,car
/Users/tontran/Library/CloudStorage/OneDrive-VisualDefenceInc/Projects/road_object_shared/raw_frames/daytime/20250727125505_057539A/frame_00040.jpg,car
/Users/tontran/Library/CloudStorage/OneDrive-VisualDefenceInc/Projects/road_object_shared/raw_frames/daytime/20250727125505_057539A/frame_00041.jpg,car
/Users/tontran/Library/CloudStorage/OneDrive-VisualDefenceInc/Projects/road_object_shared/raw_frames/daytime/20250727125505_057539A/frame_00042.jpg,car
/Users/tontran/Library/CloudStorage/OneDrive-VisualDefenceInc/Projects/road_object_shared/raw_frames/daytime/20250727125505_057539A/frame_00043.jpg,car
/Users/tontran/Library/CloudStorage/OneDrive-VisualDefenceInc/Projects/road_object_shared/raw_frames/daytime/20250727125505_057539A/frame_00044.jpg,car
/Users/tontran/Library/CloudStorage/OneDrive-VisualDefenceInc/Projects/road_object_shared/raw_frames/daytime/20250727125505_057539A/frame_00045.jpg,car
/Users/tontran/Library/CloudStorage/OneDrive-VisualDefenceInc/Projects/road_object_shared/raw_frames/daytime/20250727125505_057539A/frame_00046.jpg,car
/Users/tontran/Library/CloudStorage/OneDrive-VisualDefenceInc/Projects/road_object_shared/raw_frames/daytime/20250727125505_057539A/frame_00047.jpg,car
/Users/tontran/Library/CloudStorage/OneDrive-VisualDefenceInc/Projects/road_object_shared/raw_frames/daytime/20250727125605_057541A/frame_00000.jpg,car
/Users/tontran/Library/CloudStorage/OneDrive-VisualDefenceInc/Projects/road_object_shared/raw_frames/daytime/20250727125605_057541A/frame_00001.jpg,car
/Users/tontran/Library/CloudStorage/OneDrive-VisualDefenceInc/Projects/road_object_shared/raw_frames/daytime/20250727125605_057541A/frame_00002.jpg,car
/Users/tontran/Library/CloudStorage/OneDrive-VisualDefenceInc/Projects/road_object_shared/raw_frames/daytime/20250727125605_057541A/frame_00003.jpg,car
/Users/tontran/Library/CloudStorage/OneDrive-VisualDefenceInc/Projects/road_object_shared/raw_frames/daytime/20250727125605_057541A/frame_00004.jpg,car
/Users/tontran/Library/CloudStorage/OneDrive-VisualDefenceInc/Projects/road_object_shared/raw_frames/daytime/20250727125605_057541A/frame_00005.jpg,car
/Users/tontran/Library/CloudStorage/OneDrive-VisualDefenceInc/Projects/road_object_shared/raw_frames/daytime/20250727125605_057541A/frame_00006.jpg,car
/Users/tontran/Library/CloudStorage/OneDrive-VisualDefenceInc/Projects/road_object_shared/raw_frames/daytime/20250727125605_057541A/frame_00007.jpg,car
/Users/tontran/Library/CloudStorage/OneDrive-VisualDefenceInc/Projects/road_object_shared/raw_frames/daytime/20250727125605_057541A/frame_00008.jpg,car
/Users/tontran/Library/CloudStorage/OneDrive-VisualDefenceInc/Projects/road_object_shared/raw_frames/daytime/20250727125605_057541A/frame_00009.jpg,car
/Users/tontran/Library/CloudStorage/OneDrive-VisualDefenceInc/Projects/road_object_shared/raw_frames/daytime/20250727125605_057541A/frame_00010.jpg,car
/Users/tontran/Library/CloudStorage/OneDrive-VisualDefenceInc/Projects/road_object_shared/raw_frames/daytime/20250727125605_057541A/frame_00011.jpg,car
/Users/tontran/Library/CloudStorage/OneDrive-VisualDefenceInc/Projects/road_object_shared/raw_frames/daytime/20250727125605_057541A/frame_00012.jpg,car
/Users/tontran/Library/CloudStorage/OneDrive-VisualDefenceInc/Projects/road_object_shared/raw_frames/daytime/20250727125605_057541A/frame_00013.jpg,car
/Users/tontran/Library/CloudStorage/OneDrive-VisualDefenceInc/Projects/road_object_shared/raw_frames/daytime/20250727125605_057541A/frame_00014.jpg,car
/Users/tontran/Library/CloudStorage/OneDrive-VisualDefenceInc/Projects/road_object_shared/raw_frames/daytime/20250727125605_057541A/frame_00015.jpg,car
/Users/tontran/Library/CloudStorage/OneDrive-VisualDefenceInc/Projects/road_object_shared/raw_frames/daytime/20250727125605_057541A/frame_00016.jpg,
/Users/tontran/Library/CloudStorage/OneDrive-VisualDefenceInc/Projects/road_object_shared/raw_frames/daytime/20250727125605_057541A/frame_00017.jpg,
/Users/tontran/Library/CloudStorage/OneDrive-VisualDefenceInc/Projects/road_object_shared/raw_frames/daytime/20250727125605_057541A/frame_00018.jpg,
/Users/tontran/Library/CloudStorage/OneDrive-VisualDefenceInc/Projects/road_object_shared/raw_frames/daytime/20250727125605_057541A/frame_00019.jpg,
/Users/tontran/Library/CloudStorage/OneDrive-VisualDefenceInc/Projects/road_object_shared/raw_frames/daytime/20250727125605_057541A/frame_00020.jpg,
/Users/tontran/Library/CloudStorage/OneDrive-VisualDefenceInc/Projects/road_object_shared/raw_frames/daytime/20250727125605_057541A/frame_00021.jpg,
/Users/tontran/Library/CloudStorage/OneDrive-VisualDefenceInc/Projects/road_object_shared/raw_frames/daytime/20250727125605_057541A/frame_00022.jpg,
/Users/tontran/Library/CloudStorage/OneDrive-VisualDefenceInc/Projects/road_object_shared/raw_frames/daytime/20250727125605_057541A/frame_00023.jpg,
/Users/tontran/Library/CloudStorage/OneDrive-VisualDefenceInc/Projects/road_object_shared/raw_frames/daytime/20250727125605_057541A/frame_00024.jpg,
/Users/tontran/Library/CloudStorage/OneDrive-VisualDefenceInc/Projects/road_object_shared/raw_frames/daytime/20250727125605_057541A/frame_00025.jpg,
/Users/tontran/Library/CloudStorage/OneDrive-VisualDefenceInc/Projects/road_object_shared/raw_frames/daytime/20250727125605_057541A/frame_00026.jpg,
/Users/tontran/Library/CloudStorage/OneDrive-VisualDefenceInc/Projects/road_object_shared/raw_frames/daytime/20250727125605_057541A/frame_00027.jpg,
/Users/tontran/Library/CloudStorage/OneDrive-VisualDefenceInc/Projects/road_object_shared/raw_frames/daytime/20250727125605_057541A/frame_00028.jpg,
/Users/tontran/Library/CloudStorage/OneDrive-VisualDefenceInc/Projects/road_object_shared/raw_frames/daytime/20250727125605_057541A/frame_00029.jpg,car
/Users/tontran/Library/CloudStorage/OneDrive-VisualDefenceInc/Projects/road_object_shared/raw_frames/daytime/20250727125605_057541A/frame_00030.jpg,
/Users/tontran/Library/CloudStorage/OneDrive-VisualDefenceInc/Projects/road_object_shared/raw_frames/daytime/20250727125605_057541A/frame_00031.jpg,
/Users/tontran/Library/CloudStorage/OneDrive-VisualDefenceInc/Projects/road_object_shared/raw_frames/daytime/20250727125605_057541A/frame_00032.jpg,
/Users/tontran/Library/CloudStorage/OneDrive-VisualDefenceInc/Projects/road_object_shared/raw_frames/daytime/20250727125605_057541A/frame_00033.jpg,
/Users/tontran/Library/CloudStorage/OneDrive-VisualDefenceInc/Projects/road_object_shared/raw_frames/daytime/20250727125605_057541A/frame_00034.jpg,car
/Users/tontran/Library/CloudStorage/OneDrive-VisualDefenceInc/Projects/road_object_shared/raw_frames/daytime/20250727125605_057541A/frame_00035.jpg,car
/Users/tontran/Library/CloudStorage/OneDrive-VisualDefenceInc/Projects/road_object_shared/raw_frames/daytime/20250727125605_057541A/frame_00036.jpg,
/Users/tontran/Library/CloudStorage/OneDrive-VisualDefenceInc/Projects/road_object_shared/raw_frames/daytime/20250727125605_057541A/frame_00037.jpg,
/Users/tontran/Library/CloudStorage/OneDrive-VisualDefenceInc/Projects/road_object_shared/raw_frames/daytime/20250727125605_057541A/frame_00038.jpg,
/Users/tontran/Library/CloudStorage/OneDrive-VisualDefenceInc/Projects/road_object_shared/raw_frames/daytime/20250727125605_057541A/frame_00039.jpg,car
/Users/tontran/Library/CloudStorage/OneDrive-VisualDefenceInc/Projects/road_object_shared/raw_frames/daytime/20250727125605_057541A/frame_00040.jpg,car
/Users/tontran/Library/CloudStorage/OneDrive-VisualDefenceInc/Projects/road_object_shared/raw_frames/daytime/20250727125605_057541A/frame_00041.jpg,
/Users/tontran/Library/CloudStorage/OneDrive-VisualDefenceInc/Projects/road_object_shared/raw_frames/daytime/20250727125605_057541A/frame_00042.jpg,
/Users/tontran/Library/CloudStorage/OneDrive-VisualDefenceInc/Projects/road_object_shared/raw_frames/daytime/20250727125605_057541A/frame_00043.jpg,
/Users/tontran/Library/CloudStorage/OneDrive-VisualDefenceInc/Projects/road_object_shared/raw_frames/daytime/20250727125605_057541A/frame_00044.jpg,
/Users/tontran/Library/CloudStorage/OneDrive-VisualDefenceInc/Projects/road_object_shared/raw_frames/daytime/20250727125605_057541A/frame_00045.jpg,car
/Users/tontran/Library/CloudStorage/OneDrive-VisualDefenceInc/Projects/road_object_shared/raw_frames/daytime/20250727125605_057541A/frame_00046.jpg,car
/Users/tontran/Library/CloudStorage/OneDrive-VisualDefenceInc/Projects/road_object_shared/raw_frames/daytime/20250727125605_057541A/frame_00047.jpg,car
/Users/tontran/Library/CloudStorage/OneDrive-VisualDefenceInc/Projects/road_object_shared/raw_frames/daytime/20250727125705_057543A/frame_00000.jpg,car
/Users/tontran/Library/CloudStorage/OneDrive-VisualDefenceInc/Projects/road_object_shared/raw_frames/daytime/20250727125705_057543A/frame_00001.jpg,car
/Users/tontran/Library/CloudStorage/OneDrive-VisualDefenceInc/Projects/road_object_shared/raw_frames/daytime/20250727125705_057543A/frame_00002.jpg,car
/Users/tontran/Library/CloudStorage/OneDrive-VisualDefenceInc/Projects/road_object_shared/raw_frames/daytime/20250727125705_057543A/frame_00003.jpg,car
/Users/tontran/Library/CloudStorage/OneDrive-VisualDefenceInc/Projects/road_object_shared/raw_frames/daytime/20250727125705_057543A/frame_00004.jpg,car
/Users/tontran/Library/CloudStorage/OneDrive-VisualDefenceInc/Projects/road_object_shared/raw_frames/daytime/20250727125705_057543A/frame_00005.jpg,car
/Users/tontran/Library/CloudStorage/OneDrive-VisualDefenceInc/Projects/road_object_shared/raw_frames/daytime/20250727125705_057543A/frame_00006.jpg,car
/Users/tontran/Library/CloudStorage/OneDrive-VisualDefenceInc/Projects/road_object_shared/raw_frames/daytime/20250727125705_057543A/frame_00007.jpg,car
/Users/tontran/Library/CloudStorage/OneDrive-VisualDefenceInc/Projects/road_object_shared/raw_frames/daytime/20250727125705_057543A/frame_00008.jpg,car
/Users/tontran/Library/CloudStorage/OneDrive-VisualDefenceInc/Projects/road_object_shared/raw_frames/daytime/20250727125705_057543A/frame_00009.jpg,
/Users/tontran/Library/CloudStorage/OneDrive-VisualDefenceInc/Projects/road_object_shared/raw_frames/daytime/20250727125705_057543A/frame_00010.jpg,
/Users/tontran/Library/CloudStorage/OneDrive-VisualDefenceInc/Projects/road_object_shared/raw_frames/daytime/20250727125705_057543A/frame_00011.jpg,
/Users/tontran/Library/CloudStorage/OneDrive-VisualDefenceInc/Projects/road_object_shared/raw_frames/daytime/20250727125705_057543A/frame_00012.jpg,car
/Users/tontran/Library/CloudStorage/OneDrive-VisualDefenceInc/Projects/road_object_shared/raw_frames/daytime/20250727125705_057543A/frame_00013.jpg,
/Users/tontran/Library/CloudStorage/OneDrive-VisualDefenceInc/Projects/road_object_shared/raw_frames/daytime/20250727125705_057543A/frame_00014.jpg,car
/Users/tontran/Library/CloudStorage/OneDrive-VisualDefenceInc/Projects/road_object_shared/raw_frames/daytime/20250727125705_057543A/frame_00015.jpg,car
/Users/tontran/Library/CloudStorage/OneDrive-VisualDefenceInc/Projects/road_object_shared/raw_frames/daytime/20250727125705_057543A/frame_00016.jpg,
/Users/tontran/Library/CloudStorage/OneDrive-VisualDefenceInc/Projects/road_object_shared/raw_frames/daytime/20250727125705_057543A/frame_00017.jpg,
/Users/tontran/Library/CloudStorage/OneDrive-VisualDefenceInc/Projects/road_object_shared/raw_frames/daytime/20250727125705_057543A/frame_00018.jpg,
/Users/tontran/Library/CloudStorage/OneDrive-VisualDefenceInc/Projects/road_object_shared/raw_frames/daytime/20250727125705_057543A/frame_00019.jpg,
/Users/tontran/Library/CloudStorage/OneDrive-VisualDefenceInc/Projects/road_object_shared/raw_frames/daytime/20250727125705_057543A/frame_00020.jpg,
/Users/tontran/Library/CloudStorage/OneDrive-VisualDefenceInc/Projects/road_object_shared/raw_frames/daytime/20250727125705_057543A/frame_00021.jpg,
/Users/tontran/Library/CloudStorage/OneDrive-VisualDefenceInc/Projects/road_object_shared/raw_frames/daytime/20250727125705_057543A/frame_00022.jpg,
/Users/tontran/Library/CloudStorage/OneDrive-VisualDefenceInc/Projects/road_object_shared/raw_frames/daytime/20250727125705_057543A/frame_00023.jpg,
/Users/tontran/Library/CloudStorage/OneDrive-VisualDefenceInc/Projects/road_object_shared/raw_frames/daytime/20250727125705_057543A/frame_00024.jpg,
/Users/tontran/Library/CloudStorage/OneDrive-VisualDefenceInc/Projects/road_object_shared/raw_frames/daytime/20250727125705_057543A/frame_00025.jpg,
/Users/tontran/Library/CloudStorage/OneDrive-VisualDefenceInc/Projects/road_object_shared/raw_frames/daytime/20250727125705_057543A/frame_00026.jpg,
/Users/tontran/Library/CloudStorage/OneDrive-VisualDefenceInc/Projects/road_object_shared/raw_frames/daytime/20250727125705_057543A/frame_00027.jpg,
/Users/tontran/Library/CloudStorage/OneDrive-VisualDefenceInc/Projects/road_object_shared/raw_frames/daytime/20250727125705_057543A/frame_00028.jpg,
/Users/tontran/Library/CloudStorage/OneDrive-VisualDefenceInc/Projects/road_object_shared/raw_frames/daytime/20250727125705_057543A/frame_00029.jpg,
/Users/tontran/Library/CloudStorage/OneDrive-VisualDefenceInc/Projects/road_object_shared/raw_frames/daytime/20250727125705_057543A/frame_00030.jpg,
/Users/tontran/Library/CloudStorage/OneDrive-VisualDefenceInc/Projects/road_object_shared/raw_frames/daytime/20250727125705_057543A/frame_00031.jpg,
/Users/tontran/Library/CloudStorage/OneDrive-VisualDefenceInc/Projects/road_object_shared/raw_frames/daytime/20250727125705_057543A/frame_00032.jpg,
/Users/tontran/Library/CloudStorage/OneDrive-VisualDefenceInc/Projects/road_object_shared/raw_frames/daytime/20250727125705_057543A/frame_00033.jpg,
/Users/tontran/Library/CloudStorage/OneDrive-VisualDefenceInc/Projects/road_object_shared/raw_frames/daytime/20250727125705_057543A/frame_00034.jpg,
/Users/tontran/Library/CloudStorage/OneDrive-VisualDefenceInc/Projects/road_object_shared/raw_frames/daytime/20250727125705_057543A/frame_00035.jpg,
/Users/tontran/Library/CloudStorage/OneDrive-VisualDefenceInc/Projects/road_object_shared/raw_frames/daytime/20250727125705_057543A/frame_00036.jpg,
/Users/tontran/Library/CloudStorage/OneDrive-VisualDefenceInc/Projects/road_object_shared/raw_frames/daytime/20250727125705_057543A/frame_00037.jpg,
/Users/tontran/Library/CloudStorage/OneDrive-VisualDefenceInc/Projects/road_object_shared/raw_frames/daytime/20250727125705_057543A/frame_00038.jpg,
/Users/tontran/Library/CloudStorage/OneDrive-VisualDefenceInc/Projects/road_object_shared/raw_frames/daytime/20250727125705_057543A/frame_00039.jpg,car
/Users/tontran/Library/CloudStorage/OneDrive-VisualDefenceInc/Projects/road_object_shared/raw_frames/daytime/20250727125705_057543A/frame_00040.jpg,car
/Users/tontran/Library/CloudStorage/OneDrive-VisualDefenceInc/Projects/road_object_shared/raw_frames/daytime/20250727125705_057543A/frame_00041.jpg,
/Users/tontran/Library/CloudStorage/OneDrive-VisualDefenceInc/Projects/road_object_shared/raw_frames/daytime/20250727125705_057543A/frame_00042.jpg,
/Users/tontran/Library/CloudStorage/OneDrive-VisualDefenceInc/Projects/road_object_shared/raw_frames/daytime/20250727125705_057543A/frame_00043.jpg,
/Users/tontran/Library/CloudStorage/OneDrive-VisualDefenceInc/Projects/road_object_shared/raw_frames/daytime/20250727125705_057543A/frame_00044.jpg,
/Users/tontran/Library/CloudStorage/OneDrive-VisualDefenceInc/Projects/road_object_shared/raw_frames/daytime/20250727125705_057543A/frame_00045.jpg,
/Users/tontran/Library/CloudStorage/OneDrive-VisualDefenceInc/Projects/road_object_shared/raw_frames/daytime/20250727125705_057543A/frame_00046.jpg,
/Users/tontran/Library/CloudStorage/OneDrive-VisualDefenceInc/Projects/road_object_shared/raw_frames/daytime/20250727125705_057543A/frame_00047.jpg,
/Users/tontran/Library/CloudStorage/OneDrive-VisualDefenceInc/Projects/road_object_shared/raw_frames/daytime/20250727125805_057545A/frame_00000.jpg,
/Users/tontran/Library/CloudStorage/OneDrive-VisualDefenceInc/Projects/road_object_shared/raw_frames/daytime/20250727125805_057545A/frame_00001.jpg,
/Users/tontran/Library/CloudStorage/OneDrive-VisualDefenceInc/Projects/road_object_shared/raw_frames/daytime/20250727125805_057545A/frame_00002.jpg,
/Users/tontran/Library/CloudStorage/OneDrive-VisualDefenceInc/Projects/road_object_shared/raw_frames/daytime/20250727125805_057545A/frame_00003.jpg,
/Users/tontran/Library/CloudStorage/OneDrive-VisualDefenceInc/Projects/road_object_shared/raw_frames/daytime/20250727125805_057545A/frame_00004.jpg,
/Users/tontran/Library/CloudStorage/OneDrive-VisualDefenceInc/Projects/road_object_shared/raw_frames/daytime/20250727125805_057545A/frame_00005.jpg,
/Users/tontran/Library/CloudStorage/OneDrive-VisualDefenceInc/Projects/road_object_shared/raw_frames/daytime/20250727125805_057545A/frame_00006.jpg,
/Users/tontran/Library/CloudStorage/OneDrive-VisualDefenceInc/Projects/road_object_shared/raw_frames/daytime/20250727125805_057545A/frame_00007.jpg,
/Users/tontran/Library/CloudStorage/OneDrive-VisualDefenceInc/Projects/road_object_shared/raw_frames/daytime/20250727125805_057545A/frame_00008.jpg,
/Users/tontran/Library/CloudStorage/OneDrive-VisualDefenceInc/Projects/road_object_shared/raw_frames/daytime/20250727125805_057545A/frame_00009.jpg,
/Users/tontran/Library/CloudStorage/OneDrive-VisualDefenceInc/Projects/road_object_shared/raw_frames/daytime/20250727125805_057545A/frame_00010.jpg,
/Users/tontran/Library/CloudStorage/OneDrive-VisualDefenceInc/Projects/road_object_shared/raw_frames/daytime/20250727125805_057545A/frame_00011.jpg,
/Users/tontran/Library/CloudStorage/OneDrive-VisualDefenceInc/Projects/road_object_shared/raw_frames/daytime/20250727125805_057545A/frame_00012.jpg,
/Users/tontran/Library/CloudStorage/OneDrive-VisualDefenceInc/Projects/road_object_shared/raw_frames/daytime/20250727125805_057545A/frame_00013.jpg,
/Users/tontran/Library/CloudStorage/OneDrive-VisualDefenceInc/Projects/road_object_shared/raw_frames/daytime/20250727125805_057545A/frame_00014.jpg,
/Users/tontran/Library/CloudStorage/OneDrive-VisualDefenceInc/Projects/road_object_shared/raw_frames/daytime/20250727125805_057545A/frame_00015.jpg,
/Users/tontran/Library/CloudStorage/OneDrive-VisualDefenceInc/Projects/road_object_shared/raw_frames/daytime/20250727125805_057545A/frame_00016.jpg,
/Users/tontran/Library/CloudStorage/OneDrive-VisualDefenceInc/Projects/road_object_shared/raw_frames/daytime/20250727125805_057545A/frame_00017.jpg,car
/Users/tontran/Library/CloudStorage/OneDrive-VisualDefenceInc/Projects/road_object_shared/raw_frames/daytime/20250727125805_057545A/frame_00018.jpg,
/Users/tontran/Library/CloudStorage/OneDrive-VisualDefenceInc/Projects/road_object_shared/raw_frames/daytime/20250727125805_057545A/frame_00019.jpg,
/Users/tontran/Library/CloudStorage/OneDrive-VisualDefenceInc/Projects/road_object_shared/raw_frames/daytime/20250727125805_057545A/frame_00020.jpg,
/Users/tontran/Library/CloudStorage/OneDrive-VisualDefenceInc/Projects/road_object_shared/raw_frames/daytime/20250727125805_057545A/frame_00021.jpg,
/Users/tontran/Library/CloudStorage/OneDrive-VisualDefenceInc/Projects/road_object_shared/raw_frames/daytime/20250727125805_057545A/frame_00022.jpg,
/Users/tontran/Library/CloudStorage/OneDrive-VisualDefenceInc/Projects/road_object_shared/raw_frames/daytime/20250727125805_057545A/frame_00023.jpg,car
/Users/tontran/Library/CloudStorage/OneDrive-VisualDefenceInc/Projects/road_object_shared/raw_frames/daytime/20250727125805_057545A/frame_00024.jpg,truck
/Users/tontran/Library/CloudStorage/OneDrive-VisualDefenceInc/Projects/road_object_shared/raw_frames/daytime/20250727125805_057545A/frame_00025.jpg,car
/Users/tontran/Library/CloudStorage/OneDrive-VisualDefenceInc/Projects/road_object_shared/raw_frames/daytime/20250727125805_057545A/frame_00026.jpg,car
/Users/tontran/Library/CloudStorage/OneDrive-VisualDefenceInc/Projects/road_object_shared/raw_frames/daytime/20250727125805_057545A/frame_00027.jpg,car
/Users/tontran/Library/CloudStorage/OneDrive-VisualDefenceInc/Projects/road_object_shared/raw_frames/daytime/20250727125805_057545A/frame_00028.jpg,car
/Users/tontran/Library/CloudStorage/OneDrive-VisualDefenceInc/Projects/road_object_shared/raw_frames/daytime/20250727125805_057545A/frame_00029.jpg,car
/Users/tontran/Library/CloudStorage/OneDrive-VisualDefenceInc/Projects/road_object_shared/raw_frames/daytime/20250727125805_057545A/frame_00030.jpg,car
/Users/tontran/Library/CloudStorage/OneDrive-VisualDefenceInc/Projects/road_object_shared/raw_frames/daytime/20250727125805_057545A/frame_00031.jpg,car
/Users/tontran/Library/CloudStorage/OneDrive-VisualDefenceInc/Projects/road_object_shared/raw_frames/daytime/20250727125805_057545A/frame_00032.jpg,car
/Users/tontran/Library/CloudStorage/OneDrive-VisualDefenceInc/Projects/road_object_shared/raw_frames/daytime/20250727125805_057545A/frame_00033.jpg,car
/Users/tontran/Library/CloudStorage/OneDrive-VisualDefenceInc/Projects/road_object_shared/raw_frames/daytime/20250727125805_057545A/frame_00034.jpg,car
/Users/tontran/Library/CloudStorage/OneDrive-VisualDefenceInc/Projects/road_object_shared/raw_frames/daytime/20250727125805_057545A/frame_00035.jpg,car
/Users/tontran/Library/CloudStorage/OneDrive-VisualDefenceInc/Projects/road_object_shared/raw_frames/daytime/20250727125805_057545A/frame_00036.jpg,truck
/Users/tontran/Library/CloudStorage/OneDrive-VisualDefenceInc/Projects/road_object_shared/raw_frames/daytime/20250727125805_057545A/frame_00037.jpg,truck
/Users/tontran/Library/CloudStorage/OneDrive-VisualDefenceInc/Projects/road_object_shared/raw_frames/daytime/20250727125805_057545A/frame_00038.jpg,car
/Users/tontran/Library/CloudStorage/OneDrive-VisualDefenceInc/Projects/road_object_shared/raw_frames/daytime/20250727125805_057545A/frame_00039.jpg,
/Users/tontran/Library/CloudStorage/OneDrive-VisualDefenceInc/Projects/road_object_shared/raw_frames/daytime/20250727125805_057545A/frame_00040.jpg,
/Users/tontran/Library/CloudStorage/OneDrive-VisualDefenceInc/Projects/road_object_shared/raw_frames/daytime/20250727125805_057545A/frame_00041.jpg,
/Users/tontran/Library/CloudStorage/OneDrive-VisualDefenceInc/Projects/road_object_shared/raw_frames/daytime/20250727125805_057545A/frame_00042.jpg,
/Users/tontran/Library/CloudStorage/OneDrive-VisualDefenceInc/Projects/road_object_shared/raw_frames/daytime/20250727125805_057545A/frame_00043.jpg,car
/Users/tontran/Library/CloudStorage/OneDrive-VisualDefenceInc/Projects/road_object_shared/raw_frames/daytime/20250727125805_057545A/frame_00044.jpg,car
/Users/tontran/Library/CloudStorage/OneDrive-VisualDefenceInc/Projects/road_object_shared/raw_frames/daytime/20250727125805_057545A/frame_00045.jpg,
/Users/tontran/Library/CloudStorage/OneDrive-VisualDefenceInc/Projects/road_object_shared/raw_frames/daytime/20250727125805_057545A/frame_00046.jpg,car
/Users/tontran/Library/CloudStorage/OneDrive-VisualDefenceInc/Projects/road_object_shared/raw_frames/daytime/20250727125805_057545A/frame_00047.jpg,car
/Users/tontran/Library/CloudStorage/OneDrive-VisualDefenceInc/Projects/road_object_shared/raw_frames/daytime/20250727125905_057547A/frame_00000.jpg,car
/Users/tontran/Library/CloudStorage/OneDrive-VisualDefenceInc/Projects/road_object_shared/raw_frames/daytime/20250727125905_057547A/frame_00001.jpg,car
/Users/tontran/Library/CloudStorage/OneDrive-VisualDefenceInc/Projects/road_object_shared/raw_frames/daytime/20250727125905_057547A/frame_00002.jpg,car
/Users/tontran/Library/CloudStorage/OneDrive-VisualDefenceInc/Projects/road_object_shared/raw_frames/daytime/20250727125905_057547A/frame_00003.jpg,car
/Users/tontran/Library/CloudStorage/OneDrive-VisualDefenceInc/Projects/road_object_shared/raw_frames/daytime/20250727125905_057547A/frame_00004.jpg,car
/Users/tontran/Library/CloudStorage/OneDrive-VisualDefenceInc/Projects/road_object_shared/raw_frames/daytime/20250727125905_057547A/frame_00005.jpg,car
/Users/tontran/Library/CloudStorage/OneDrive-VisualDefenceInc/Projects/road_object_shared/raw_frames/daytime/20250727125905_057547A/frame_00006.jpg,car
/Users/tontran/Library/CloudStorage/OneDrive-VisualDefenceInc/Projects/road_object_shared/raw_frames/daytime/20250727125905_057547A/frame_00007.jpg,car
/Users/tontran/Library/CloudStorage/OneDrive-VisualDefenceInc/Projects/road_object_shared/raw_frames/daytime/20250727125905_057547A/frame_00008.jpg,car
/Users/tontran/Library/CloudStorage/OneDrive-VisualDefenceInc/Projects/road_object_shared/raw_frames/daytime/20250727125905_057547A/frame_00009.jpg,car
/Users/tontran/Library/CloudStorage/OneDrive-VisualDefenceInc/Projects/road_object_shared/raw_frames/daytime/20250727125905_057547A/frame_00010.jpg,car
/Users/tontran/Library/CloudStorage/OneDrive-VisualDefenceInc/Projects/road_object_shared/raw_frames/daytime/20250727125905_057547A/frame_00011.jpg,car
/Users/tontran/Library/CloudStorage/OneDrive-VisualDefenceInc/Projects/road_object_shared/raw_frames/daytime/20250727125905_057547A/frame_00012.jpg,car
/Users/tontran/Library/CloudStorage/OneDrive-VisualDefenceInc/Projects/road_object_shared/raw_frames/daytime/20250727125905_057547A/frame_00013.jpg,car
/Users/tontran/Library/CloudStorage/OneDrive-VisualDefenceInc/Projects/road_object_shared/raw_frames/daytime/20250727125905_057547A/frame_00014.jpg,car
/Users/tontran/Library/CloudStorage/OneDrive-VisualDefenceInc/Projects/road_object_shared/raw_frames/daytime/20250727125905_057547A/frame_00015.jpg,car
/Users/tontran/Library/CloudStorage/OneDrive-VisualDefenceInc/Projects/road_object_shared/raw_frames/daytime/20250727125905_057547A/frame_00016.jpg,car
/Users/tontran/Library/CloudStorage/OneDrive-VisualDefenceInc/Projects/road_object_shared/raw_frames/daytime/20250727125905_057547A/frame_00017.jpg,car
/Users/tontran/Library/CloudStorage/OneDrive-VisualDefenceInc/Projects/road_object_shared/raw_frames/daytime/20250727125905_057547A/frame_00018.jpg,car
/Users/tontran/Library/CloudStorage/OneDrive-VisualDefenceInc/Projects/road_object_shared/raw_frames/daytime/20250727125905_057547A/frame_00019.jpg,car
/Users/tontran/Library/CloudStorage/OneDrive-VisualDefenceInc/Projects/road_object_shared/raw_frames/daytime/20250727125905_057547A/frame_00020.jpg,car
/Users/tontran/Library/CloudStorage/OneDrive-VisualDefenceInc/Projects/road_object_shared/raw_frames/daytime/20250727125905_057547A/frame_00021.jpg,car
/Users/tontran/Library/CloudStorage/OneDrive-VisualDefenceInc/Projects/road_object_shared/raw_frames/daytime/20250727125905_057547A/frame_00022.jpg,car
/Users/tontran/Library/CloudStorage/OneDrive-VisualDefenceInc/Projects/road_object_shared/raw_frames/daytime/20250727125905_057547A/frame_00023.jpg,car
/Users/tontran/Library/CloudStorage/OneDrive-VisualDefenceInc/Projects/road_object_shared/raw_frames/daytime/20250727125905_057547A/frame_00024.jpg,car
/Users/tontran/Library/CloudStorage/OneDrive-VisualDefenceInc/Projects/road_object_shared/raw_frames/daytime/20250727125905_057547A/frame_00025.jpg,car
/Users/tontran/Library/CloudStorage/OneDrive-VisualDefenceInc/Projects/road_object_shared/raw_frames/daytime/20250727125905_057547A/frame_00026.jpg,car
/Users/tontran/Library/CloudStorage/OneDrive-VisualDefenceInc/Projects/road_object_shared/raw_frames/daytime/20250727125905_057547A/frame_00027.jpg,car
/Users/tontran/Library/CloudStorage/OneDrive-VisualDefenceInc/Projects/road_object_shared/raw_frames/daytime/20250727125905_057547A/frame_00028.jpg,car
/Users/tontran/Library/CloudStorage/OneDrive-VisualDefenceInc/Projects/road_object_shared/raw_frames/daytime/20250727125905_057547A/frame_00029.jpg,car
/Users/tontran/Library/CloudStorage/OneDrive-VisualDefenceInc/Projects/road_object_shared/raw_frames/daytime/20250727125905_057547A/frame_00030.jpg,car
/Users/tontran/Library/CloudStorage/OneDrive-VisualDefenceInc/Projects/road_object_shared/raw_frames/daytime/20250727125905_057547A/frame_00031.jpg,car
/Users/tontran/Library/CloudStorage/OneDrive-VisualDefenceInc/Projects/road_object_shared/raw_frames/daytime/20250727125905_057547A/frame_00032.jpg,car
/Users/tontran/Library/CloudStorage/OneDrive-VisualDefenceInc/Projects/road_object_shared/raw_frames/daytime/20250727125905_057547A/frame_00033.jpg,car
/Users/tontran/Library/CloudStorage/OneDrive-VisualDefenceInc/Projects/road_object_shared/raw_frames/daytime/20250727125905_057547A/frame_00034.jpg,car
/Users/tontran/Library/CloudStorage/OneDrive-VisualDefenceInc/Projects/road_object_shared/raw_frames/daytime/20250727125905_057547A/frame_00035.jpg,car
/Users/tontran/Library/CloudStorage/OneDrive-VisualDefenceInc/Projects/road_object_shared/raw_frames/daytime/20250727125905_057547A/frame_00036.jpg,car
/Users/tontran/Library/CloudStorage/OneDrive-VisualDefenceInc/Projects/road_object_shared/raw_frames/daytime/20250727125905_057547A/frame_00037.jpg,car
/Users/tontran/Library/CloudStorage/OneDrive-VisualDefenceInc/Projects/road_object_shared/raw_frames/daytime/20250727125905_057547A/frame_00038.jpg,car
/Users/tontran/Library/CloudStorage/OneDrive-VisualDefenceInc/Projects/road_object_shared/raw_frames/daytime/20250727125905_057547A/frame_00039.jpg,car
/Users/tontran/Library/CloudStorage/OneDrive-VisualDefenceInc/Projects/road_object_shared/raw_frames/daytime/20250727125905_057547A/frame_00040.jpg,car
/Users/tontran/Library/CloudStorage/OneDrive-VisualDefenceInc/Projects/road_object_shared/raw_frames/daytime/20250727125905_057547A/frame_00041.jpg,car
/Users/tontran/Library/CloudStorage/OneDrive-VisualDefenceInc/Projects/road_object_shared/raw_frames/daytime/20250727125905_057547A/frame_00042.jpg,car
/Users/tontran/Library/CloudStorage/OneDrive-VisualDefenceInc/Projects/road_object_shared/raw_frames/daytime/20250727125905_057547A/frame_00043.jpg,car
/Users/tontran/Library/CloudStorage/OneDrive-VisualDefenceInc/Projects/road_object_shared/raw_frames/daytime/20250727125905_057547A/frame_00044.jpg,car
/Users/tontran/Library/CloudStorage/OneDrive-VisualDefenceInc/Projects/road_object_shared/raw_frames/daytime/20250727125905_057547A/frame_00045.jpg,car
/Users/tontran/Library/CloudStorage/OneDrive-VisualDefenceInc/Projects/road_object_shared/raw_frames/daytime/20250727125905_057547A/frame_00046.jpg,car
/Users/tontran/Library/CloudStorage/OneDrive-VisualDefenceInc/Projects/road_object_shared/raw_frames/daytime/20250727125905_057547A/frame_00047.jpg,car
/Users/tontran/Library/CloudStorage/OneDrive-VisualDefenceInc/Projects/road_object_shared/raw_frames/daytime/20250727130004_057549A/frame_00000.jpg,car
/Users/tontran/Library/CloudStorage/OneDrive-VisualDefenceInc/Projects/road_object_shared/raw_frames/daytime/20250727130004_057549A/frame_00001.jpg,car
/Users/tontran/Library/CloudStorage/OneDrive-VisualDefenceInc/Projects/road_object_shared/raw_frames/daytime/20250727130004_057549A/frame_00002.jpg,car
/Users/tontran/Library/CloudStorage/OneDrive-VisualDefenceInc/Projects/road_object_shared/raw_frames/daytime/20250727130004_057549A/frame_00003.jpg,car
/Users/tontran/Library/CloudStorage/OneDrive-VisualDefenceInc/Projects/road_object_shared/raw_frames/daytime/20250727130004_057549A/frame_00004.jpg,car
/Users/tontran/Library/CloudStorage/OneDrive-VisualDefenceInc/Projects/road_object_shared/raw_frames/daytime/20250727130004_057549A/frame_00005.jpg,car
/Users/tontran/Library/CloudStorage/OneDrive-VisualDefenceInc/Projects/road_object_shared/raw_frames/daytime/20250727130004_057549A/frame_00006.jpg,car
/Users/tontran/Library/CloudStorage/OneDrive-VisualDefenceInc/Projects/road_object_shared/raw_frames/daytime/20250727130004_057549A/frame_00007.jpg,car
/Users/tontran/Library/CloudStorage/OneDrive-VisualDefenceInc/Projects/road_object_shared/raw_frames/daytime/20250727130004_057549A/frame_00008.jpg,car
/Users/tontran/Library/CloudStorage/OneDrive-VisualDefenceInc/Projects/road_object_shared/raw_frames/daytime/20250727130004_057549A/frame_00009.jpg,car
/Users/tontran/Library/CloudStorage/OneDrive-VisualDefenceInc/Projects/road_object_shared/raw_frames/daytime/20250727130004_057549A/frame_00010.jpg,car
/Users/tontran/Library/CloudStorage/OneDrive-VisualDefenceInc/Projects/road_object_shared/raw_frames/daytime/20250727130004_057549A/frame_00011.jpg,car
/Users/tontran/Library/CloudStorage/OneDrive-VisualDefenceInc/Projects/road_object_shared/raw_frames/daytime/20250727130004_057549A/frame_00012.jpg,car
/Users/tontran/Library/CloudStorage/OneDrive-VisualDefenceInc/Projects/road_object_shared/raw_frames/daytime/20250727130004_057549A/frame_00013.jpg,car
/Users/tontran/Library/CloudStorage/OneDrive-VisualDefenceInc/Projects/road_object_shared/raw_frames/daytime/20250727130004_057549A/frame_00014.jpg,car
/Users/tontran/Library/CloudStorage/OneDrive-VisualDefenceInc/Projects/road_object_shared/raw_frames/daytime/20250727130004_057549A/frame_00015.jpg,car
/Users/tontran/Library/CloudStorage/OneDrive-VisualDefenceInc/Projects/road_object_shared/raw_frames/daytime/20250727130004_057549A/frame_00016.jpg,car
/Users/tontran/Library/CloudStorage/OneDrive-VisualDefenceInc/Projects/road_object_shared/raw_frames/daytime/20250727130004_057549A/frame_00017.jpg,car
/Users/tontran/Library/CloudStorage/OneDrive-VisualDefenceInc/Projects/road_object_shared/raw_frames/daytime/20250727130004_057549A/frame_00018.jpg,car
/Users/tontran/Library/CloudStorage/OneDrive-VisualDefenceInc/Projects/road_object_shared/raw_frames/daytime/20250727130004_057549A/frame_00019.jpg,car
/Users/tontran/Library/CloudStorage/OneDrive-VisualDefenceInc/Projects/road_object_shared/raw_frames/daytime/20250727130004_057549A/frame_00020.jpg,car
/Users/tontran/Library/CloudStorage/OneDrive-VisualDefenceInc/Projects/road_object_shared/raw_frames/daytime/20250727130004_057549A/frame_00021.jpg,car
/Users/tontran/Library/CloudStorage/OneDrive-VisualDefenceInc/Projects/road_object_shared/raw_frames/daytime/20250727130004_057549A/frame_00022.jpg,car
/Users/tontran/Library/CloudStorage/OneDrive-VisualDefenceInc/Projects/road_object_shared/raw_frames/daytime/20250727130004_057549A/frame_00023.jpg,car
/Users/tontran/Library/CloudStorage/OneDrive-VisualDefenceInc/Projects/road_object_shared/raw_frames/daytime/20250727130004_057549A/frame_00024.jpg,car
/Users/tontran/Library/CloudStorage/OneDrive-VisualDefenceInc/Projects/road_object_shared/raw_frames/daytime/20250727130004_057549A/frame_00025.jpg,car
/Users/tontran/Library/CloudStorage/OneDrive-VisualDefenceInc/Projects/road_object_shared/raw_frames/daytime/20250727130004_057549A/frame_00026.jpg,car
/Users/tontran/Library/CloudStorage/OneDrive-VisualDefenceInc/Projects/road_object_shared/raw_frames/daytime/20250727130004_057549A/frame_00027.jpg,car
/Users/tontran/Library/CloudStorage/OneDrive-VisualDefenceInc/Projects/road_object_shared/raw_frames/daytime/20250727130004_057549A/frame_00028.jpg,car
/Users/tontran/Library/CloudStorage/OneDrive-VisualDefenceInc/Projects/road_object_shared/raw_frames/daytime/20250727130004_057549A/frame_00029.jpg,car
/Users/tontran/Library/CloudStorage/OneDrive-VisualDefenceInc/Projects/road_object_shared/raw_frames/daytime/20250727130004_057549A/frame_00030.jpg,car
/Users/tontran/Library/CloudStorage/OneDrive-VisualDefenceInc/Projects/road_object_shared/raw_frames/daytime/20250727130004_057549A/frame_00031.jpg,car
/Users/tontran/Library/CloudStorage/OneDrive-VisualDefenceInc/Projects/road_object_shared/raw_frames/daytime/20250727130004_057549A/frame_00032.jpg,car
/Users/tontran/Library/CloudStorage/OneDrive-VisualDefenceInc/Projects/road_object_shared/raw_frames/daytime/20250727130004_057549A/frame_00033.jpg,car
/Users/tontran/Library/CloudStorage/OneDrive-VisualDefenceInc/Projects/road_object_shared/raw_frames/daytime/20250727130004_057549A/frame_00034.jpg,car
/Users/tontran/Library/CloudStorage/OneDrive-VisualDefenceInc/Projects/road_object_shared/raw_frames/daytime/20250727130004_057549A/frame_00035.jpg,car
/Users/tontran/Library/CloudStorage/OneDrive-VisualDefenceInc/Projects/road_object_shared/raw_frames/daytime/20250727130004_057549A/frame_00036.jpg,car
/Users/tontran/Library/CloudStorage/OneDrive-VisualDefenceInc/Projects/road_object_shared/raw_frames/daytime/20250727130004_057549A/frame_00037.jpg,car
/Users/tontran/Library/CloudStorage/OneDrive-VisualDefenceInc/Projects/road_object_shared/raw_frames/daytime/20250727130004_057549A/frame_00038.jpg,car
/Users/tontran/Library/CloudStorage/OneDrive-VisualDefenceInc/Projects/road_object_shared/raw_frames/daytime/20250727130004_057549A/frame_00039.jpg,car
/Users/tontran/Library/CloudStorage/OneDrive-VisualDefenceInc/Projects/road_object_shared/raw_frames/daytime/20250727130004_057549A/frame_00040.jpg,car
/Users/tontran/Library/CloudStorage/OneDrive-VisualDefenceInc/Projects/road_object_shared/raw_frames/daytime/20250727130004_057549A/frame_00041.jpg,car
/Users/tontran/Library/CloudStorage/OneDrive-VisualDefenceInc/Projects/road_object_shared/raw_frames/daytime/20250727130004_057549A/frame_00042.jpg,bus
/Users/tontran/Library/CloudStorage/OneDrive-VisualDefenceInc/Projects/road_object_shared/raw_frames/daytime/20250727130004_057549A/frame_00043.jpg,car
/Users/tontran/Library/CloudStorage/OneDrive-VisualDefenceInc/Projects/road_object_shared/raw_frames/daytime/20250727130004_057549A/frame_00044.jpg,truck
/Users/tontran/Library/CloudStorage/OneDrive-VisualDefenceInc/Projects/road_object_shared/raw_frames/daytime/20250727130004_057549A/frame_00045.jpg,car
/Users/tontran/Library/CloudStorage/OneDrive-VisualDefenceInc/Projects/road_object_shared/raw_frames/daytime/20250727130004_057549A/frame_00046.jpg,car
/Users/tontran/Library/CloudStorage/OneDrive-VisualDefenceInc/Projects/road_object_shared/raw_frames/daytime/20250727130004_057549A/frame_00047.jpg,car
/Users/tontran/Library/CloudStorage/OneDrive-VisualDefenceInc/Projects/road_object_shared/raw_frames/daytime/20250727130105_057551A/frame_00000.jpg,car
/Users/tontran/Library/CloudStorage/OneDrive-VisualDefenceInc/Projects/road_object_shared/raw_frames/daytime/20250727130105_057551A/frame_00001.jpg,car
/Users/tontran/Library/CloudStorage/OneDrive-VisualDefenceInc/Projects/road_object_shared/raw_frames/daytime/20250727130105_057551A/frame_00002.jpg,car
/Users/tontran/Library/CloudStorage/OneDrive-VisualDefenceInc/Projects/road_object_shared/raw_frames/daytime/20250727130105_057551A/frame_00003.jpg,car
/Users/tontran/Library/CloudStorage/OneDrive-VisualDefenceInc/Projects/road_object_shared/raw_frames/daytime/20250727130105_057551A/frame_00004.jpg,car
/Users/tontran/Library/CloudStorage/OneDrive-VisualDefenceInc/Projects/road_object_shared/raw_frames/daytime/20250727130105_057551A/frame_00005.jpg,car
/Users/tontran/Library/CloudStorage/OneDrive-VisualDefenceInc/Projects/road_object_shared/raw_frames/daytime/20250727130105_057551A/frame_00006.jpg,car
/Users/tontran/Library/CloudStorage/OneDrive-VisualDefenceInc/Projects/road_object_shared/raw_frames/daytime/20250727130105_057551A/frame_00007.jpg,car
/Users/tontran/Library/CloudStorage/OneDrive-VisualDefenceInc/Projects/road_object_shared/raw_frames/daytime/20250727130105_057551A/frame_00008.jpg,car
/Users/tontran/Library/CloudStorage/OneDrive-VisualDefenceInc/Projects/road_object_shared/raw_frames/daytime/20250727130105_057551A/frame_00009.jpg,car
/Users/tontran/Library/CloudStorage/OneDrive-VisualDefenceInc/Projects/road_object_shared/raw_frames/daytime/20250727130105_057551A/frame_00010.jpg,car
/Users/tontran/Library/CloudStorage/OneDrive-VisualDefenceInc/Projects/road_object_shared/raw_frames/daytime/20250727130105_057551A/frame_00011.jpg,car
/Users/tontran/Library/CloudStorage/OneDrive-VisualDefenceInc/Projects/road_object_shared/raw_frames/daytime/20250727130105_057551A/frame_00012.jpg,car
/Users/tontran/Library/CloudStorage/OneDrive-VisualDefenceInc/Projects/road_object_shared/raw_frames/daytime/20250727130105_057551A/frame_00013.jpg,car
/Users/tontran/Library/CloudStorage/OneDrive-VisualDefenceInc/Projects/road_object_shared/raw_frames/daytime/20250727130105_057551A/frame_00014.jpg,car
/Users/tontran/Library/CloudStorage/OneDrive-VisualDefenceInc/Projects/road_object_shared/raw_frames/daytime/20250727130105_057551A/frame_00015.jpg,car
/Users/tontran/Library/CloudStorage/OneDrive-VisualDefenceInc/Projects/road_object_shared/raw_frames/daytime/20250727130105_057551A/frame_00016.jpg,car
/Users/tontran/Library/CloudStorage/OneDrive-VisualDefenceInc/Projects/road_object_shared/raw_frames/daytime/20250727130105_057551A/frame_00017.jpg,car
/Users/tontran/Library/CloudStorage/OneDrive-VisualDefenceInc/Projects/road_object_shared/raw_frames/daytime/20250727130105_057551A/frame_00018.jpg,car
/Users/tontran/Library/CloudStorage/OneDrive-VisualDefenceInc/Projects/road_object_shared/raw_frames/daytime/20250727130105_057551A/frame_00019.jpg,car
/Users/tontran/Library/CloudStorage/OneDrive-VisualDefenceInc/Projects/road_object_shared/raw_frames/daytime/20250727130105_057551A/frame_00020.jpg,car
/Users/tontran/Library/CloudStorage/OneDrive-VisualDefenceInc/Projects/road_object_shared/raw_frames/daytime/20250727130105_057551A/frame_00021.jpg,car
/Users/tontran/Library/CloudStorage/OneDrive-VisualDefenceInc/Projects/road_object_shared/raw_frames/daytime/20250727130105_057551A/frame_00022.jpg,car
/Users/tontran/Library/CloudStorage/OneDrive-VisualDefenceInc/Projects/road_object_shared/raw_frames/daytime/20250727130105_057551A/frame_00023.jpg,car
/Users/tontran/Library/CloudStorage/OneDrive-VisualDefenceInc/Projects/road_object_shared/raw_frames/daytime/20250727130105_057551A/frame_00024.jpg,car
/Users/tontran/Library/CloudStorage/OneDrive-VisualDefenceInc/Projects/road_object_shared/raw_frames/daytime/20250727130105_057551A/frame_00025.jpg,car
/Users/tontran/Library/CloudStorage/OneDrive-VisualDefenceInc/Projects/road_object_shared/raw_frames/daytime/20250727130105_057551A/frame_00026.jpg,car
/Users/tontran/Library/CloudStorage/OneDrive-VisualDefenceInc/Projects/road_object_shared/raw_frames/daytime/20250727130105_057551A/frame_00027.jpg,car
/Users/tontran/Library/CloudStorage/OneDrive-VisualDefenceInc/Projects/road_object_shared/raw_frames/daytime/20250727130105_057551A/frame_00028.jpg,car
/Users/tontran/Library/CloudStorage/OneDrive-VisualDefenceInc/Projects/road_object_shared/raw_frames/daytime/20250727130105_057551A/frame_00029.jpg,car
/Users/tontran/Library/CloudStorage/OneDrive-VisualDefenceInc/Projects/road_object_shared/raw_frames/daytime/20250727130105_057551A/frame_00030.jpg,car
/Users/tontran/Library/CloudStorage/OneDrive-VisualDefenceInc/Projects/road_object_shared/raw_frames/daytime/20250727130105_057551A/frame_00031.jpg,car
/Users/tontran/Library/CloudStorage/OneDrive-VisualDefenceInc/Projects/road_object_shared/raw_frames/daytime/20250727130105_057551A/frame_00032.jpg,car
/Users/tontran/Library/CloudStorage/OneDrive-VisualDefenceInc/Projects/road_object_shared/raw_frames/daytime/20250727130105_057551A/frame_00033.jpg,car
/Users/tontran/Library/CloudStorage/OneDrive-VisualDefenceInc/Projects/road_object_shared/raw_frames/daytime/20250727130105_057551A/frame_00034.jpg,car
/Users/tontran/Library/CloudStorage/OneDrive-VisualDefenceInc/Projects/road_object_shared/raw_frames/daytime/20250727130105_057551A/frame_00035.jpg,car
/Users/tontran/Library/CloudStorage/OneDrive-VisualDefenceInc/Projects/road_object_shared/raw_frames/daytime/20250727130105_057551A/frame_00036.jpg,car
/Users/tontran/Library/CloudStorage/OneDrive-VisualDefenceInc/Projects/road_object_shared/raw_frames/daytime/20250727130326_057553A/frame_00000.jpg,car
/Users/tontran/Library/CloudStorage/OneDrive-VisualDefenceInc/Projects/road_object_shared/raw_frames/daytime/20250727130326_057553A/frame_00001.jpg,car
/Users/tontran/Library/CloudStorage/OneDrive-VisualDefenceInc/Projects/road_object_shared/raw_frames/daytime/20250727130326_057553A/frame_00002.jpg,car
/Users/tontran/Library/CloudStorage/OneDrive-VisualDefenceInc/Projects/road_object_shared/raw_frames/daytime/20250727130326_057553A/frame_00003.jpg,car
/Users/tontran/Library/CloudStorage/OneDrive-VisualDefenceInc/Projects/road_object_shared/raw_frames/daytime/20250727130326_057553A/frame_00004.jpg,car
/Users/tontran/Library/CloudStorage/OneDrive-VisualDefenceInc/Projects/road_object_shared/raw_frames/daytime/20250727130326_057553A/frame_00005.jpg,car
/Users/tontran/Library/CloudStorage/OneDrive-VisualDefenceInc/Projects/road_object_shared/raw_frames/daytime/20250727130326_057553A/frame_00006.jpg,car
/Users/tontran/Library/CloudStorage/OneDrive-VisualDefenceInc/Projects/road_object_shared/raw_frames/daytime/20250727130326_057553A/frame_00007.jpg,
/Users/tontran/Library/CloudStorage/OneDrive-VisualDefenceInc/Projects/road_object_shared/raw_frames/daytime/20250727130326_057553A/frame_00008.jpg,
/Users/tontran/Library/CloudStorage/OneDrive-VisualDefenceInc/Projects/road_object_shared/raw_frames/daytime/20250727130326_057553A/frame_00009.jpg,
/Users/tontran/Library/CloudStorage/OneDrive-VisualDefenceInc/Projects/road_object_shared/raw_frames/daytime/20250727130326_057553A/frame_00010.jpg,car
/Users/tontran/Library/CloudStorage/OneDrive-VisualDefenceInc/Projects/road_object_shared/raw_frames/daytime/20250727130326_057553A/frame_00011.jpg,car
/Users/tontran/Library/CloudStorage/OneDrive-VisualDefenceInc/Projects/road_object_shared/raw_frames/daytime/20250727130326_057553A/frame_00012.jpg,car
/Users/tontran/Library/CloudStorage/OneDrive-VisualDefenceInc/Projects/road_object_shared/raw_frames/daytime/20250727130326_057553A/frame_00013.jpg,car
/Users/tontran/Library/CloudStorage/OneDrive-VisualDefenceInc/Projects/road_object_shared/raw_frames/daytime/20250727130326_057553A/frame_00014.jpg,car
/Users/tontran/Library/CloudStorage/OneDrive-VisualDefenceInc/Projects/road_object_shared/raw_frames/daytime/20250727130326_057553A/frame_00015.jpg,car
/Users/tontran/Library/CloudStorage/OneDrive-VisualDefenceInc/Projects/road_object_shared/raw_frames/daytime/20250727130326_057553A/frame_00016.jpg,car
/Users/tontran/Library/CloudStorage/OneDrive-VisualDefenceInc/Projects/road_object_shared/raw_frames/daytime/20250727130326_057553A/frame_00017.jpg,car
/Users/tontran/Library/CloudStorage/OneDrive-VisualDefenceInc/Projects/road_object_shared/raw_frames/daytime/20250727130326_057553A/frame_00018.jpg,car
/Users/tontran/Library/CloudStorage/OneDrive-VisualDefenceInc/Projects/road_object_shared/raw_frames/daytime/20250727130326_057553A/frame_00019.jpg,car
/Users/tontran/Library/CloudStorage/OneDrive-VisualDefenceInc/Projects/road_object_shared/raw_frames/daytime/20250727130326_057553A/frame_00020.jpg,car
/Users/tontran/Library/CloudStorage/OneDrive-VisualDefenceInc/Projects/road_object_shared/raw_frames/daytime/20250727130326_057553A/frame_00021.jpg,car
/Users/tontran/Library/CloudStorage/OneDrive-VisualDefenceInc/Projects/road_object_shared/raw_frames/daytime/20250727130326_057553A/frame_00022.jpg,car
/Users/tontran/Library/CloudStorage/OneDrive-VisualDefenceInc/Projects/road_object_shared/raw_frames/daytime/20250727130326_057553A/frame_00023.jpg,car
/Users/tontran/Library/CloudStorage/OneDrive-VisualDefenceInc/Projects/road_object_shared/raw_frames/daytime/20250727130326_057553A/frame_00024.jpg,car
/Users/tontran/Library/CloudStorage/OneDrive-VisualDefenceInc/Projects/road_object_shared/raw_frames/daytime/20250727130326_057553A/frame_00025.jpg,car
/Users/tontran/Library/CloudStorage/OneDrive-VisualDefenceInc/Projects/road_object_shared/raw_frames/daytime/20250727130326_057553A/frame_00026.jpg,car
/Users/tontran/Library/CloudStorage/OneDrive-VisualDefenceInc/Projects/road_object_shared/raw_frames/daytime/20250727130326_057553A/frame_00027.jpg,car
/Users/tontran/Library/CloudStorage/OneDrive-VisualDefenceInc/Projects/road_object_shared/raw_frames/daytime/20250727130326_057553A/frame_00028.jpg,car
/Users/tontran/Library/CloudStorage/OneDrive-VisualDefenceInc/Projects/road_object_shared/raw_frames/daytime/20250727130326_057553A/frame_00029.jpg,car
/Users/tontran/Library/CloudStorage/OneDrive-VisualDefenceInc/Projects/road_object_shared/raw_frames/daytime/20250727130326_057553A/frame_00030.jpg,car
/Users/tontran/Library/CloudStorage/OneDrive-VisualDefenceInc/Projects/road_object_shared/raw_frames/daytime/20250727130326_057553A/frame_00031.jpg,car
/Users/tontran/Library/CloudStorage/OneDrive-VisualDefenceInc/Projects/road_object_shared/raw_frames/daytime/20250727130326_057553A/frame_00032.jpg,car
/Users/tontran/Library/CloudStorage/OneDrive-VisualDefenceInc/Projects/road_object_shared/raw_frames/daytime/20250727130326_057553A/frame_00033.jpg,car
/Users/tontran/Library/CloudStorage/OneDrive-VisualDefenceInc/Projects/road_object_shared/raw_frames/daytime/20250727130326_057553A/frame_00034.jpg,car
/Users/tontran/Library/CloudStorage/OneDrive-VisualDefenceInc/Projects/road_object_shared/raw_frames/daytime/20250727130326_057553A/frame_00035.jpg,car
/Users/tontran/Library/CloudStorage/OneDrive-VisualDefenceInc/Projects/road_object_shared/raw_frames/daytime/20250727145859_057555A/frame_00000.jpg,car
/Users/tontran/Library/CloudStorage/OneDrive-VisualDefenceInc/Projects/road_object_shared/raw_frames/daytime/20250727145859_057555A/frame_00001.jpg,car
/Users/tontran/Library/CloudStorage/OneDrive-VisualDefenceInc/Projects/road_object_shared/raw_frames/daytime/20250727145859_057555A/frame_00002.jpg,car
/Users/tontran/Library/CloudStorage/OneDrive-VisualDefenceInc/Projects/road_object_shared/raw_frames/daytime/20250727145859_057555A/frame_00003.jpg,car
/Users/tontran/Library/CloudStorage/OneDrive-VisualDefenceInc/Projects/road_object_shared/raw_frames/daytime/20250727145859_057555A/frame_00004.jpg,car
/Users/tontran/Library/CloudStorage/OneDrive-VisualDefenceInc/Projects/road_object_shared/raw_frames/daytime/20250727145859_057555A/frame_00005.jpg,car
/Users/tontran/Library/CloudStorage/OneDrive-VisualDefenceInc/Projects/road_object_shared/raw_frames/daytime/20250727145859_057555A/frame_00006.jpg,car
/Users/tontran/Library/CloudStorage/OneDrive-VisualDefenceInc/Projects/road_object_shared/raw_frames/daytime/20250727145859_057555A/frame_00007.jpg,car
/Users/tontran/Library/CloudStorage/OneDrive-VisualDefenceInc/Projects/road_object_shared/raw_frames/daytime/20250727145859_057555A/frame_00008.jpg,car
/Users/tontran/Library/CloudStorage/OneDrive-VisualDefenceInc/Projects/road_object_shared/raw_frames/daytime/20250727145859_057555A/frame_00009.jpg,car
/Users/tontran/Library/CloudStorage/OneDrive-VisualDefenceInc/Projects/road_object_shared/raw_frames/daytime/20250727145859_057555A/frame_00010.jpg,car
/Users/tontran/Library/CloudStorage/OneDrive-VisualDefenceInc/Projects/road_object_shared/raw_frames/daytime/20250727145859_057555A/frame_00011.jpg,
/Users/tontran/Library/CloudStorage/OneDrive-VisualDefenceInc/Projects/road_object_shared/raw_frames/daytime/20250727145859_057555A/frame_00012.jpg,car
/Users/tontran/Library/CloudStorage/OneDrive-VisualDefenceInc/Projects/road_object_shared/raw_frames/daytime/20250727145859_057555A/frame_00013.jpg,car
/Users/tontran/Library/CloudStorage/OneDrive-VisualDefenceInc/Projects/road_object_shared/raw_frames/daytime/20250727145859_057555A/frame_00014.jpg,car
/Users/tontran/Library/CloudStorage/OneDrive-VisualDefenceInc/Projects/road_object_shared/raw_frames/daytime/20250727145859_057555A/frame_00015.jpg,car
/Users/tontran/Library/CloudStorage/OneDrive-VisualDefenceInc/Projects/road_object_shared/raw_frames/daytime/20250727145859_057555A/frame_00016.jpg,car
/Users/tontran/Library/CloudStorage/OneDrive-VisualDefenceInc/Projects/road_object_shared/raw_frames/daytime/20250727145859_057555A/frame_00017.jpg,
/Users/tontran/Library/CloudStorage/OneDrive-VisualDefenceInc/Projects/road_object_shared/raw_frames/daytime/20250727145859_057555A/frame_00018.jpg,car
/Users/tontran/Library/CloudStorage/OneDrive-VisualDefenceInc/Projects/road_object_shared/raw_frames/daytime/20250727145859_057555A/frame_00019.jpg,
/Users/tontran/Library/CloudStorage/OneDrive-VisualDefenceInc/Projects/road_object_shared/raw_frames/daytime/20250727145859_057555A/frame_00020.jpg,car
/Users/tontran/Library/CloudStorage/OneDrive-VisualDefenceInc/Projects/road_object_shared/raw_frames/daytime/20250727145859_057555A/frame_00021.jpg,
/Users/tontran/Library/CloudStorage/OneDrive-VisualDefenceInc/Projects/road_object_shared/raw_frames/daytime/20250727145859_057555A/frame_00022.jpg,
/Users/tontran/Library/CloudStorage/OneDrive-VisualDefenceInc/Projects/road_object_shared/raw_frames/daytime/20250727145859_057555A/frame_00023.jpg,car
/Users/tontran/Library/CloudStorage/OneDrive-VisualDefenceInc/Projects/road_object_shared/raw_frames/daytime/20250727145859_057555A/frame_00024.jpg,car
/Users/tontran/Library/CloudStorage/OneDrive-VisualDefenceInc/Projects/road_object_shared/raw_frames/daytime/20250727145859_057555A/frame_00025.jpg,car
/Users/tontran/Library/CloudStorage/OneDrive-VisualDefenceInc/Projects/road_object_shared/raw_frames/daytime/20250727145859_057555A/frame_00026.jpg,car
/Users/tontran/Library/CloudStorage/OneDrive-VisualDefenceInc/Projects/road_object_shared/raw_frames/daytime/20250727145859_057555A/frame_00027.jpg,car
/Users/tontran/Library/CloudStorage/OneDrive-VisualDefenceInc/Projects/road_object_shared/raw_frames/daytime/20250727145859_057555A/frame_00028.jpg,
/Users/tontran/Library/CloudStorage/OneDrive-VisualDefenceInc/Projects/road_object_shared/raw_frames/daytime/20250727145859_057555A/frame_00029.jpg,car
/Users/tontran/Library/CloudStorage/OneDrive-VisualDefenceInc/Projects/road_object_shared/raw_frames/daytime/20250727145859_057555A/frame_00030.jpg,car
/Users/tontran/Library/CloudStorage/OneDrive-VisualDefenceInc/Projects/road_object_shared/raw_frames/daytime/20250727145859_057555A/frame_00031.jpg,car
/Users/tontran/Library/CloudStorage/OneDrive-VisualDefenceInc/Projects/road_object_shared/raw_frames/daytime/20250727145859_057555A/frame_00032.jpg,car
/Users/tontran/Library/CloudStorage/OneDrive-VisualDefenceInc/Projects/road_object_shared/raw_frames/daytime/20250727145859_057555A/frame_00033.jpg,car
/Users/tontran/Library/CloudStorage/OneDrive-VisualDefenceInc/Projects/road_object_shared/raw_frames/daytime/20250727145859_057555A/frame_00034.jpg,car
/Users/tontran/Library/CloudStorage/OneDrive-VisualDefenceInc/Projects/road_object_shared/raw_frames/daytime/20250727145859_057555A/frame_00035.jpg,car
/Users/tontran/Library/CloudStorage/OneDrive-VisualDefenceInc/Projects/road_object_shared/raw_frames/daytime/20250727145859_057555A/frame_00036.jpg,car
/Users/tontran/Library/CloudStorage/OneDrive-VisualDefenceInc/Projects/road_object_shared/raw_frames/daytime/20250727145859_057555A/frame_00037.jpg,car
/Users/tontran/Library/CloudStorage/OneDrive-VisualDefenceInc/Projects/road_object_shared/raw_frames/daytime/20250727145859_057555A/frame_00038.jpg,
/Users/tontran/Library/CloudStorage/OneDrive-VisualDefenceInc/Projects/road_object_shared/raw_frames/daytime/20250727145859_057555A/frame_00039.jpg,car
/Users/tontran/Library/CloudStorage/OneDrive-VisualDefenceInc/Projects/road_object_shared/raw_frames/daytime/20250727145859_057555A/frame_00040.jpg,car
/Users/tontran/Library/CloudStorage/OneDrive-VisualDefenceInc/Projects/road_object_shared/raw_frames/daytime/20250727145859_057555A/frame_00041.jpg,car
/Users/tontran/Library/CloudStorage/OneDrive-VisualDefenceInc/Projects/road_object_shared/raw_frames/daytime/20250727145859_057555A/frame_00042.jpg,
/Users/tontran/Library/CloudStorage/OneDrive-VisualDefenceInc/Projects/road_object_shared/raw_frames/daytime/20250727145859_057555A/frame_00043.jpg,car
/Users/tontran/Library/CloudStorage/OneDrive-VisualDefenceInc/Projects/road_object_shared/raw_frames/daytime/20250727145859_057555A/frame_00044.jpg,car
/Users/tontran/Library/CloudStorage/OneDrive-VisualDefenceInc/Projects/road_object_shared/raw_frames/daytime/20250727145859_057555A/frame_00045.jpg,car
/Users/tontran/Library/CloudStorage/OneDrive-VisualDefenceInc/Projects/road_object_shared/raw_frames/daytime/20250727145859_057555A/frame_00046.jpg,
/Users/tontran/Library/CloudStorage/OneDrive-VisualDefenceInc/Projects/road_object_shared/raw_frames/daytime/20250727145859_057555A/frame_00047.jpg,
/Users/tontran/Library/CloudStorage/OneDrive-VisualDefenceInc/Projects/road_object_shared/raw_frames/daytime/20250727150000_057557A/frame_00000.jpg,car
/Users/tontran/Library/CloudStorage/OneDrive-VisualDefenceInc/Projects/road_object_shared/raw_frames/daytime/20250727150000_057557A/frame_00001.jpg,car
/Users/tontran/Library/CloudStorage/OneDrive-VisualDefenceInc/Projects/road_object_shared/raw_frames/daytime/20250727150000_057557A/frame_00002.jpg,car
/Users/tontran/Library/CloudStorage/OneDrive-VisualDefenceInc/Projects/road_object_shared/raw_frames/daytime/20250727150000_057557A/frame_00003.jpg,car
/Users/tontran/Library/CloudStorage/OneDrive-VisualDefenceInc/Projects/road_object_shared/raw_frames/daytime/20250727150000_057557A/frame_00004.jpg,car
/Users/tontran/Library/CloudStorage/OneDrive-VisualDefenceInc/Projects/road_object_shared/raw_frames/daytime/20250727150000_057557A/frame_00005.jpg,car
/Users/tontran/Library/CloudStorage/OneDrive-VisualDefenceInc/Projects/road_object_shared/raw_frames/daytime/20250727150000_057557A/frame_00006.jpg,car
/Users/tontran/Library/CloudStorage/OneDrive-VisualDefenceInc/Projects/road_object_shared/raw_frames/daytime/20250727150000_057557A/frame_00007.jpg,
/Users/tontran/Library/CloudStorage/OneDrive-VisualDefenceInc/Projects/road_object_shared/raw_frames/daytime/20250727150000_057557A/frame_00008.jpg,
/Users/tontran/Library/CloudStorage/OneDrive-VisualDefenceInc/Projects/road_object_shared/raw_frames/daytime/20250727150000_057557A/frame_00009.jpg,
/Users/tontran/Library/CloudStorage/OneDrive-VisualDefenceInc/Projects/road_object_shared/raw_frames/daytime/20250727150000_057557A/frame_00010.jpg,
/Users/tontran/Library/CloudStorage/OneDrive-VisualDefenceInc/Projects/road_object_shared/raw_frames/daytime/20250727150000_057557A/frame_00011.jpg,
/Users/tontran/Library/CloudStorage/OneDrive-VisualDefenceInc/Projects/road_object_shared/raw_frames/daytime/20250727150000_057557A/frame_00012.jpg,
/Users/tontran/Library/CloudStorage/OneDrive-VisualDefenceInc/Projects/road_object_shared/raw_frames/daytime/20250727150000_057557A/frame_00013.jpg,
/Users/tontran/Library/CloudStorage/OneDrive-VisualDefenceInc/Projects/road_object_shared/raw_frames/daytime/20250727150000_057557A/frame_00014.jpg,
/Users/tontran/Library/CloudStorage/OneDrive-VisualDefenceInc/Projects/road_object_shared/raw_frames/daytime/20250727150000_057557A/frame_00015.jpg,
/Users/tontran/Library/CloudStorage/OneDrive-VisualDefenceInc/Projects/road_object_shared/raw_frames/daytime/20250727150000_057557A/frame_00016.jpg,car
/Users/tontran/Library/CloudStorage/OneDrive-VisualDefenceInc/Projects/road_object_shared/raw_frames/daytime/20250727150000_057557A/frame_00017.jpg,car
/Users/tontran/Library/CloudStorage/OneDrive-VisualDefenceInc/Projects/road_object_shared/raw_frames/daytime/20250727150000_057557A/frame_00018.jpg,car
/Users/tontran/Library/CloudStorage/OneDrive-VisualDefenceInc/Projects/road_object_shared/raw_frames/daytime/20250727150000_057557A/frame_00019.jpg,car
/Users/tontran/Library/CloudStorage/OneDrive-VisualDefenceInc/Projects/road_object_shared/raw_frames/daytime/20250727150000_057557A/frame_00020.jpg,car
/Users/tontran/Library/CloudStorage/OneDrive-VisualDefenceInc/Projects/road_object_shared/raw_frames/daytime/20250727150000_057557A/frame_00021.jpg,car
/Users/tontran/Library/CloudStorage/OneDrive-VisualDefenceInc/Projects/road_object_shared/raw_frames/daytime/20250727150000_057557A/frame_00022.jpg,car
/Users/tontran/Library/CloudStorage/OneDrive-VisualDefenceInc/Projects/road_object_shared/raw_frames/daytime/20250727150000_057557A/frame_00023.jpg,car
/Users/tontran/Library/CloudStorage/OneDrive-VisualDefenceInc/Projects/road_object_shared/raw_frames/daytime/20250727150000_057557A/frame_00024.jpg,car
/Users/tontran/Library/CloudStorage/OneDrive-VisualDefenceInc/Projects/road_object_shared/raw_frames/daytime/20250727150000_057557A/frame_00025.jpg,car
/Users/tontran/Library/CloudStorage/OneDrive-VisualDefenceInc/Projects/road_object_shared/raw_frames/daytime/20250727150000_057557A/frame_00026.jpg,
/Users/tontran/Library/CloudStorage/OneDrive-VisualDefenceInc/Projects/road_object_shared/raw_frames/daytime/20250727150000_057557A/frame_00027.jpg,
/Users/tontran/Library/CloudStorage/OneDrive-VisualDefenceInc/Projects/road_object_shared/raw_frames/daytime/20250727150000_057557A/frame_00028.jpg,
/Users/tontran/Library/CloudStorage/OneDrive-VisualDefenceInc/Projects/road_object_shared/raw_frames/daytime/20250727150000_057557A/frame_00029.jpg,
/Users/tontran/Library/CloudStorage/OneDrive-VisualDefenceInc/Projects/road_object_shared/raw_frames/daytime/20250727150000_057557A/frame_00030.jpg,car
/Users/tontran/Library/CloudStorage/OneDrive-VisualDefenceInc/Projects/road_object_shared/raw_frames/daytime/20250727150000_057557A/frame_00031.jpg,car
/Users/tontran/Library/CloudStorage/OneDrive-VisualDefenceInc/Projects/road_object_shared/raw_frames/daytime/20250727150000_057557A/frame_00032.jpg,
/Users/tontran/Library/CloudStorage/OneDrive-VisualDefenceInc/Projects/road_object_shared/raw_frames/daytime/20250727150000_057557A/frame_00033.jpg,car
/Users/tontran/Library/CloudStorage/OneDrive-VisualDefenceInc/Projects/road_object_shared/raw_frames/daytime/20250727150000_057557A/frame_00034.jpg,car
/Users/tontran/Library/CloudStorage/OneDrive-VisualDefenceInc/Projects/road_object_shared/raw_frames/daytime/20250727150000_057557A/frame_00035.jpg,car
/Users/tontran/Library/CloudStorage/OneDrive-VisualDefenceInc/Projects/road_object_shared/raw_frames/daytime/20250727150000_057557A/frame_00036.jpg,car
/Users/tontran/Library/CloudStorage/OneDrive-VisualDefenceInc/Projects/road_object_shared/raw_frames/daytime/20250727150000_057557A/frame_00037.jpg,car
/Users/tontran/Library/CloudStorage/OneDrive-VisualDefenceInc/Projects/road_object_shared/raw_frames/daytime/20250727150000_057557A/frame_00038.jpg,car
/Users/tontran/Library/CloudStorage/OneDrive-VisualDefenceInc/Projects/road_object_shared/raw_frames/daytime/20250727150000_057557A/frame_00039.jpg,car
/Users/tontran/Library/CloudStorage/OneDrive-VisualDefenceInc/Projects/road_object_shared/raw_frames/daytime/20250727150000_057557A/frame_00040.jpg,car
/Users/tontran/Library/CloudStorage/OneDrive-VisualDefenceInc/Projects/road_object_shared/raw_frames/daytime/20250727150000_057557A/frame_00041.jpg,car
/Users/tontran/Library/CloudStorage/OneDrive-VisualDefenceInc/Projects/road_object_shared/raw_frames/daytime/20250727150000_057557A/frame_00042.jpg,car
/Users/tontran/Library/CloudStorage/OneDrive-VisualDefenceInc/Projects/road_object_shared/raw_frames/daytime/20250727150000_057557A/frame_00043.jpg,car
/Users/tontran/Library/CloudStorage/OneDrive-VisualDefenceInc/Projects/road_object_shared/raw_frames/daytime/20250727150000_057557A/frame_00044.jpg,car
/Users/tontran/Library/CloudStorage/OneDrive-VisualDefenceInc/Projects/road_object_shared/raw_frames/daytime/20250727150000_057557A/frame_00045.jpg,car
/Users/tontran/Library/CloudStorage/OneDrive-VisualDefenceInc/Projects/road_object_shared/raw_frames/daytime/20250727150000_057557A/frame_00046.jpg,car
/Users/tontran/Library/CloudStorage/OneDrive-VisualDefenceInc/Projects/road_object_shared/raw_frames/daytime/20250727150000_057557A/frame_00047.jpg,car
/Users/tontran/Library/CloudStorage/OneDrive-VisualDefenceInc/Projects/road_object_shared/raw_frames/daytime/20250727150100_057559A/frame_00000.jpg,
/Users/tontran/Library/CloudStorage/OneDrive-VisualDefenceInc/Projects/road_object_shared/raw_frames/daytime/20250727150100_057559A/frame_00001.jpg,
/Users/tontran/Library/CloudStorage/OneDrive-VisualDefenceInc/Projects/road_object_shared/raw_frames/daytime/20250727150100_057559A/frame_00002.jpg,
/Users/tontran/Library/CloudStorage/OneDrive-VisualDefenceInc/Projects/road_object_shared/raw_frames/daytime/20250727150100_057559A/frame_00003.jpg,
/Users/tontran/Library/CloudStorage/OneDrive-VisualDefenceInc/Projects/road_object_shared/raw_frames/daytime/20250727150300_057563A/frame_00000.jpg,
/Users/tontran/Library/CloudStorage/OneDrive-VisualDefenceInc/Projects/road_object_shared/raw_frames/daytime/20250727150300_057563A/frame_00001.jpg,
/Users/tontran/Library/CloudStorage/OneDrive-VisualDefenceInc/Projects/road_object_shared/raw_frames/daytime/20250727150300_057563A/frame_00002.jpg,car
/Users/tontran/Library/CloudStorage/OneDrive-VisualDefenceInc/Projects/road_object_shared/raw_frames/daytime/20250727150500_057567A/frame_00000.jpg,car
/Users/tontran/Library/CloudStorage/OneDrive-VisualDefenceInc/Projects/road_object_shared/raw_frames/daytime/20250727150500_057567A/frame_00001.jpg,car
/Users/tontran/Library/CloudStorage/OneDrive-VisualDefenceInc/Projects/road_object_shared/raw_frames/daytime/20250727150500_057567A/frame_00002.jpg,car
/Users/tontran/Library/CloudStorage/OneDrive-VisualDefenceInc/Projects/road_object_shared/raw_frames/daytime/20250727150500_057567A/frame_00003.jpg,car
/Users/tontran/Library/CloudStorage/OneDrive-VisualDefenceInc/Projects/road_object_shared/raw_frames/daytime/20250727150700_057571A/frame_00000.jpg,car
/Users/tontran/Library/CloudStorage/OneDrive-VisualDefenceInc/Projects/road_object_shared/raw_frames/daytime/20250727150700_057571A/frame_00001.jpg,
/Users/tontran/Library/CloudStorage/OneDrive-VisualDefenceInc/Projects/road_object_shared/raw_frames/daytime/20250727150700_057571A/frame_00002.jpg,truck
/Users/tontran/Library/CloudStorage/OneDrive-VisualDefenceInc/Projects/road_object_shared/raw_frames/daytime/20250727150700_057571A/frame_00003.jpg,truck
/Users/tontran/Library/CloudStorage/OneDrive-VisualDefenceInc/Projects/road_object_shared/raw_frames/daytime/20250727150900_057575A/frame_00000.jpg,car
/Users/tontran/Library/CloudStorage/OneDrive-VisualDefenceInc/Projects/road_object_shared/raw_frames/daytime/20250727150900_057575A/frame_00001.jpg,car
/Users/tontran/Library/CloudStorage/OneDrive-VisualDefenceInc/Projects/road_object_shared/raw_frames/daytime/20250727150900_057575A/frame_00002.jpg,car
/Users/tontran/Library/CloudStorage/OneDrive-VisualDefenceInc/Projects/road_object_shared/raw_frames/daytime/20250727150900_057575A/frame_00003.jpg,car
/Users/tontran/Library/CloudStorage/OneDrive-VisualDefenceInc/Projects/road_object_shared/raw_frames/daytime/20250727151100_057579A/frame_00000.jpg,car
/Users/tontran/Library/CloudStorage/OneDrive-VisualDefenceInc/Projects/road_object_shared/raw_frames/daytime/20250727151100_057579A/frame_00001.jpg,car
/Users/tontran/Library/CloudStorage/OneDrive-VisualDefenceInc/Projects/road_object_shared/raw_frames/daytime/20250727151100_057579A/frame_00002.jpg,car
/Users/tontran/Library/CloudStorage/OneDrive-VisualDefenceInc/Projects/road_object_shared/raw_frames/daytime/20250727151100_057579A/frame_00003.jpg,car
/Users/tontran/Library/CloudStorage/OneDrive-VisualDefenceInc/Projects/road_object_shared/raw_frames/daytime/20250727151300_057583A/frame_00000.jpg,car
/Users/tontran/Library/CloudStorage/OneDrive-VisualDefenceInc/Projects/road_object_shared/raw_frames/daytime/20250727151300_057583A/frame_00001.jpg,car
/Users/tontran/Library/CloudStorage/OneDrive-VisualDefenceInc/Projects/road_object_shared/raw_frames/daytime/20250727151300_057583A/frame_00002.jpg,car
/Users/tontran/Library/CloudStorage/OneDrive-VisualDefenceInc/Projects/road_object_shared/raw_frames/daytime/20250727151300_057583A/frame_00003.jpg,car
/Users/tontran/Library/CloudStorage/OneDrive-VisualDefenceInc/Projects/road_object_shared/raw_frames/daytime/20250727151500_057587A/frame_00000.jpg,car
/Users/tontran/Library/CloudStorage/OneDrive-VisualDefenceInc/Projects/road_object_shared/raw_frames/daytime/20250727151500_057587A/frame_00001.jpg,car
/Users/tontran/Library/CloudStorage/OneDrive-VisualDefenceInc/Projects/road_object_shared/raw_frames/daytime/20250727151500_057587A/frame_00002.jpg,car
/Users/tontran/Library/CloudStorage/OneDrive-VisualDefenceInc/Projects/road_object_shared/raw_frames/daytime/20250727151500_057587A/frame_00003.jpg,car
/Users/tontran/Library/CloudStorage/OneDrive-VisualDefenceInc/Projects/road_object_shared/raw_frames/daytime/20250727151700_057591A/frame_00000.jpg,car
/Users/tontran/Library/CloudStorage/OneDrive-VisualDefenceInc/Projects/road_object_shared/raw_frames/daytime/20250727151700_057591A/frame_00001.jpg,car
/Users/tontran/Library/CloudStorage/OneDrive-VisualDefenceInc/Projects/road_object_shared/raw_frames/daytime/20250727151700_057591A/frame_00002.jpg,car
/Users/tontran/Library/CloudStorage/OneDrive-VisualDefenceInc/Projects/road_object_shared/raw_frames/daytime/20250727151700_057591A/frame_00003.jpg,car
/Users/tontran/Library/CloudStorage/OneDrive-VisualDefenceInc/Projects/road_object_shared/raw_frames/daytime/20250727151900_057595A/frame_00000.jpg,car
/Users/tontran/Library/CloudStorage/OneDrive-VisualDefenceInc/Projects/road_object_shared/raw_frames/daytime/20250727151900_057595A/frame_00001.jpg,car
/Users/tontran/Library/CloudStorage/OneDrive-VisualDefenceInc/Projects/road_object_shared/raw_frames/daytime/20250727151900_057595A/frame_00002.jpg,car
/Users/tontran/Library/CloudStorage/OneDrive-VisualDefenceInc/Projects/road_object_shared/raw_frames/daytime/20250727152100_057599A/frame_00000.jpg,car
/Users/tontran/Library/CloudStorage/OneDrive-VisualDefenceInc/Projects/road_object_shared/raw_frames/daytime/20250727152100_057599A/frame_00001.jpg,car
/Users/tontran/Library/CloudStorage/OneDrive-VisualDefenceInc/Projects/road_object_shared/raw_frames/daytime/20250727152100_057599A/frame_00002.jpg,car
/Users/tontran/Library/CloudStorage/OneDrive-VisualDefenceInc/Projects/road_object_shared/raw_frames/daytime/20250728071925_057721A/frame_00000.jpg,truck
/Users/tontran/Library/CloudStorage/OneDrive-VisualDefenceInc/Projects/road_object_shared/raw_frames/daytime/20250728072125_057725A/frame_00000.jpg,car
/Users/tontran/Library/CloudStorage/OneDrive-VisualDefenceInc/Projects/road_object_shared/raw_frames/daytime/20250728072325_057729A/frame_00000.jpg,car
/Users/tontran/Library/CloudStorage/OneDrive-VisualDefenceInc/Projects/road_object_shared/raw_frames/daytime/20250728072525_057733A/frame_00000.jpg,car
/Users/tontran/Library/CloudStorage/OneDrive-VisualDefenceInc/Projects/road_object_shared/raw_frames/daytime/20250728072725_057737A/frame_00000.jpg,car
/Users/tontran/Library/CloudStorage/OneDrive-VisualDefenceInc/Projects/road_object_shared/raw_frames/daytime/20250728072925_057741A/frame_00000.jpg,car
/Users/tontran/Library/CloudStorage/OneDrive-VisualDefenceInc/Projects/road_object_shared/raw_frames/daytime/20250728073125_057745A/frame_00000.jpg,car
/Users/tontran/Library/CloudStorage/OneDrive-VisualDefenceInc/Projects/road_object_shared/raw_frames/daytime/20250728073325_057749A/frame_00000.jpg,bus
/Users/tontran/Library/CloudStorage/OneDrive-VisualDefenceInc/Projects/road_object_shared/raw_frames/nighttime/20250726235308_057387A/frame_00000.jpg,
/Users/tontran/Library/CloudStorage/OneDrive-VisualDefenceInc/Projects/road_object_shared/raw_frames/nighttime/20250726235308_057387A/frame_00001.jpg,
/Users/tontran/Library/CloudStorage/OneDrive-VisualDefenceInc/Projects/road_object_shared/raw_frames/nighttime/20250726235308_057387A/frame_00002.jpg,
/Users/tontran/Library/CloudStorage/OneDrive-VisualDefenceInc/Projects/road_object_shared/raw_frames/nighttime/20250726235308_057387A/frame_00003.jpg,
/Users/tontran/Library/CloudStorage/OneDrive-VisualDefenceInc/Projects/road_object_shared/raw_frames/nighttime/20250726235308_057387A/frame_00004.jpg,
/Users/tontran/Library/CloudStorage/OneDrive-VisualDefenceInc/Projects/road_object_shared/raw_frames/nighttime/20250726235308_057387A/frame_00005.jpg,
/Users/tontran/Library/CloudStorage/OneDrive-VisualDefenceInc/Projects/road_object_shared/raw_frames/nighttime/20250726235308_057387A/frame_00006.jpg,
/Users/tontran/Library/CloudStorage/OneDrive-VisualDefenceInc/Projects/road_object_shared/raw_frames/nighttime/20250726235308_057387A/frame_00007.jpg,
/Users/tontran/Library/CloudStorage/OneDrive-VisualDefenceInc/Projects/road_object_shared/raw_frames/nighttime/20250726235308_057387A/frame_00008.jpg,
/Users/tontran/Library/CloudStorage/OneDrive-VisualDefenceInc/Projects/road_object_shared/raw_frames/nighttime/20250726235308_057387A/frame_00009.jpg,
/Users/tontran/Library/CloudStorage/OneDrive-VisualDefenceInc/Projects/road_object_shared/raw_frames/nighttime/20250726235308_057387A/frame_00010.jpg,truck
/Users/tontran/Library/CloudStorage/OneDrive-VisualDefenceInc/Projects/road_object_shared/raw_frames/nighttime/20250726235308_057387A/frame_00011.jpg,
/Users/tontran/Library/CloudStorage/OneDrive-VisualDefenceInc/Projects/road_object_shared/raw_frames/nighttime/20250726235308_057387A/frame_00012.jpg,
/Users/tontran/Library/CloudStorage/OneDrive-VisualDefenceInc/Projects/road_object_shared/raw_frames/nighttime/20250726235308_057387A/frame_00013.jpg,truck
/Users/tontran/Library/CloudStorage/OneDrive-VisualDefenceInc/Projects/road_object_shared/raw_frames/nighttime/20250726235308_057387A/frame_00014.jpg,
/Users/tontran/Library/CloudStorage/OneDrive-VisualDefenceInc/Projects/road_object_shared/raw_frames/nighttime/20250726235308_057387A/frame_00015.jpg,
/Users/tontran/Library/CloudStorage/OneDrive-VisualDefenceInc/Projects/road_object_shared/raw_frames/nighttime/20250726235308_057387A/frame_00016.jpg,
/Users/tontran/Library/CloudStorage/OneDrive-VisualDefenceInc/Projects/road_object_shared/raw_frames/nighttime/20250726235308_057387A/frame_00017.jpg,
/Users/tontran/Library/CloudStorage/OneDrive-VisualDefenceInc/Projects/road_object_shared/raw_frames/nighttime/20250726235308_057387A/frame_00018.jpg,
/Users/tontran/Library/CloudStorage/OneDrive-VisualDefenceInc/Projects/road_object_shared/raw_frames/nighttime/20250726235308_057387A/frame_00019.jpg,
/Users/tontran/Library/CloudStorage/OneDrive-VisualDefenceInc/Projects/road_object_shared/raw_frames/nighttime/20250726235308_057387A/frame_00020.jpg,
/Users/tontran/Library/CloudStorage/OneDrive-VisualDefenceInc/Projects/road_object_shared/raw_frames/nighttime/20250726235308_057387A/frame_00021.jpg,
/Users/tontran/Library/CloudStorage/OneDrive-VisualDefenceInc/Projects/road_object_shared/raw_frames/nighttime/20250726235308_057387A/frame_00022.jpg,
/Users/tontran/Library/CloudStorage/OneDrive-VisualDefenceInc/Projects/road_object_shared/raw_frames/nighttime/20250726235308_057387A/frame_00023.jpg,
/Users/tontran/Library/CloudStorage/OneDrive-VisualDefenceInc/Projects/road_object_shared/raw_frames/nighttime/20250726235308_057387A/frame_00024.jpg,
/Users/tontran/Library/CloudStorage/OneDrive-VisualDefenceInc/Projects/road_object_shared/raw_frames/nighttime/20250726235308_057387A/frame_00025.jpg,
/Users/tontran/Library/CloudStorage/OneDrive-VisualDefenceInc/Projects/road_object_shared/raw_frames/nighttime/20250726235308_057387A/frame_00026.jpg,
/Users/tontran/Library/CloudStorage/OneDrive-VisualDefenceInc/Projects/road_object_shared/raw_frames/nighttime/20250726235308_057387A/frame_00027.jpg,
/Users/tontran/Library/CloudStorage/OneDrive-VisualDefenceInc/Projects/road_object_shared/raw_frames/nighttime/20250726235308_057387A/frame_00028.jpg,
/Users/tontran/Library/CloudStorage/OneDrive-VisualDefenceInc/Projects/road_object_shared/raw_frames/nighttime/20250726235308_057387A/frame_00029.jpg,
/Users/tontran/Library/CloudStorage/OneDrive-VisualDefenceInc/Projects/road_object_shared/raw_frames/nighttime/20250726235308_057387A/frame_00030.jpg,
/Users/tontran/Library/CloudStorage/OneDrive-VisualDefenceInc/Projects/road_object_shared/raw_frames/nighttime/20250726235308_057387A/frame_00031.jpg,
/Users/tontran/Library/CloudStorage/OneDrive-VisualDefenceInc/Projects/road_object_shared/raw_frames/nighttime/20250726235308_057387A/frame_00032.jpg,
/Users/tontran/Library/CloudStorage/OneDrive-VisualDefenceInc/Projects/road_object_shared/raw_frames/nighttime/20250726235308_057387A/frame_00033.jpg,car
/Users/tontran/Library/CloudStorage/OneDrive-VisualDefenceInc/Projects/road_object_shared/raw_frames/nighttime/20250726235308_057387A/frame_00034.jpg,car
/Users/tontran/Library/CloudStorage/OneDrive-VisualDefenceInc/Projects/road_object_shared/raw_frames/nighttime/20250726235308_057387A/frame_00035.jpg,car
/Users/tontran/Library/CloudStorage/OneDrive-VisualDefenceInc/Projects/road_object_shared/raw_frames/nighttime/20250726235308_057387A/frame_00036.jpg,car
/Users/tontran/Library/CloudStorage/OneDrive-VisualDefenceInc/Projects/road_object_shared/raw_frames/nighttime/20250726235308_057387A/frame_00037.jpg,car
/Users/tontran/Library/CloudStorage/OneDrive-VisualDefenceInc/Projects/road_object_shared/raw_frames/nighttime/20250726235308_057387A/frame_00038.jpg,car
/Users/tontran/Library/CloudStorage/OneDrive-VisualDefenceInc/Projects/road_object_shared/raw_frames/nighttime/20250726235308_057387A/frame_00039.jpg,car
/Users/tontran/Library/CloudStorage/OneDrive-VisualDefenceInc/Projects/road_object_shared/raw_frames/nighttime/20250726235308_057387A/frame_00040.jpg,car
/Users/tontran/Library/CloudStorage/OneDrive-VisualDefenceInc/Projects/road_object_shared/raw_frames/nighttime/20250726235308_057387A/frame_00041.jpg,car
/Users/tontran/Library/CloudStorage/OneDrive-VisualDefenceInc/Projects/road_object_shared/raw_frames/nighttime/20250726235308_057387A/frame_00042.jpg,
/Users/tontran/Library/CloudStorage/OneDrive-VisualDefenceInc/Projects/road_object_shared/raw_frames/nighttime/20250726235308_057387A/frame_00043.jpg,
/Users/tontran/Library/CloudStorage/OneDrive-VisualDefenceInc/Projects/road_object_shared/raw_frames/nighttime/20250726235308_057387A/frame_00044.jpg,
/Users/tontran/Library/CloudStorage/OneDrive-VisualDefenceInc/Projects/road_object_shared/raw_frames/nighttime/20250726235308_057387A/frame_00045.jpg,
/Users/tontran/Library/CloudStorage/OneDrive-VisualDefenceInc/Projects/road_object_shared/raw_frames/nighttime/20250726235308_057387A/frame_00046.jpg,
/Users/tontran/Library/CloudStorage/OneDrive-VisualDefenceInc/Projects/road_object_shared/raw_frames/nighttime/20250726235308_057387A/frame_00047.jpg,
/Users/tontran/Library/CloudStorage/OneDrive-VisualDefenceInc/Projects/road_object_shared/raw_frames/nighttime/20250726235408_057389A/frame_00000.jpg,
/Users/tontran/Library/CloudStorage/OneDrive-VisualDefenceInc/Projects/road_object_shared/raw_frames/nighttime/20250726235408_057389A/frame_00001.jpg,
/Users/tontran/Library/CloudStorage/OneDrive-VisualDefenceInc/Projects/road_object_shared/raw_frames/nighttime/20250726235408_057389A/frame_00002.jpg,
/Users/tontran/Library/CloudStorage/OneDrive-VisualDefenceInc/Projects/road_object_shared/raw_frames/nighttime/20250726235408_057389A/frame_00003.jpg,car
/Users/tontran/Library/CloudStorage/OneDrive-VisualDefenceInc/Projects/road_object_shared/raw_frames/nighttime/20250726235408_057389A/frame_00004.jpg,car
/Users/tontran/Library/CloudStorage/OneDrive-VisualDefenceInc/Projects/road_object_shared/raw_frames/nighttime/20250726235408_057389A/frame_00005.jpg,car
/Users/tontran/Library/CloudStorage/OneDrive-VisualDefenceInc/Projects/road_object_shared/raw_frames/nighttime/20250726235408_057389A/frame_00006.jpg,car
/Users/tontran/Library/CloudStorage/OneDrive-VisualDefenceInc/Projects/road_object_shared/raw_frames/nighttime/20250726235408_057389A/frame_00007.jpg,car
/Users/tontran/Library/CloudStorage/OneDrive-VisualDefenceInc/Projects/road_object_shared/raw_frames/nighttime/20250726235408_057389A/frame_00008.jpg,truck
/Users/tontran/Library/CloudStorage/OneDrive-VisualDefenceInc/Projects/road_object_shared/raw_frames/nighttime/20250726235408_057389A/frame_00009.jpg,
/Users/tontran/Library/CloudStorage/OneDrive-VisualDefenceInc/Projects/road_object_shared/raw_frames/nighttime/20250726235408_057389A/frame_00010.jpg,car
/Users/tontran/Library/CloudStorage/OneDrive-VisualDefenceInc/Projects/road_object_shared/raw_frames/nighttime/20250726235408_057389A/frame_00011.jpg,car
/Users/tontran/Library/CloudStorage/OneDrive-VisualDefenceInc/Projects/road_object_shared/raw_frames/nighttime/20250726235408_057389A/frame_00012.jpg,
/Users/tontran/Library/CloudStorage/OneDrive-VisualDefenceInc/Projects/road_object_shared/raw_frames/nighttime/20250726235408_057389A/frame_00013.jpg,
/Users/tontran/Library/CloudStorage/OneDrive-VisualDefenceInc/Projects/road_object_shared/raw_frames/nighttime/20250726235408_057389A/frame_00014.jpg,
/Users/tontran/Library/CloudStorage/OneDrive-VisualDefenceInc/Projects/road_object_shared/raw_frames/nighttime/20250726235408_057389A/frame_00015.jpg,
/Users/tontran/Library/CloudStorage/OneDrive-VisualDefenceInc/Projects/road_object_shared/raw_frames/nighttime/20250726235408_057389A/frame_00016.jpg,
/Users/tontran/Library/CloudStorage/OneDrive-VisualDefenceInc/Projects/road_object_shared/raw_frames/nighttime/20250726235408_057389A/frame_00017.jpg,car
/Users/tontran/Library/CloudStorage/OneDrive-VisualDefenceInc/Projects/road_object_shared/raw_frames/nighttime/20250726235408_057389A/frame_00018.jpg,car
/Users/tontran/Library/CloudStorage/OneDrive-VisualDefenceInc/Projects/road_object_shared/raw_frames/nighttime/20250726235408_057389A/frame_00019.jpg,car
/Users/tontran/Library/CloudStorage/OneDrive-VisualDefenceInc/Projects/road_object_shared/raw_frames/nighttime/20250726235408_057389A/frame_00020.jpg,car
/Users/tontran/Library/CloudStorage/OneDrive-VisualDefenceInc/Projects/road_object_shared/raw_frames/nighttime/20250726235408_057389A/frame_00021.jpg,car
/Users/tontran/Library/CloudStorage/OneDrive-VisualDefenceInc/Projects/road_object_shared/raw_frames/nighttime/20250726235408_057389A/frame_00022.jpg,car
/Users/tontran/Library/CloudStorage/OneDrive-VisualDefenceInc/Projects/road_object_shared/raw_frames/nighttime/20250726235408_057389A/frame_00023.jpg,car
/Users/tontran/Library/CloudStorage/OneDrive-VisualDefenceInc/Projects/road_object_shared/raw_frames/nighttime/20250726235408_057389A/frame_00024.jpg,car
/Users/tontran/Library/CloudStorage/OneDrive-VisualDefenceInc/Projects/road_object_shared/raw_frames/nighttime/20250726235408_057389A/frame_00025.jpg,car
/Users/tontran/Library/CloudStorage/OneDrive-VisualDefenceInc/Projects/road_object_shared/raw_frames/nighttime/20250726235408_057389A/frame_00026.jpg,truck
/Users/tontran/Library/CloudStorage/OneDrive-VisualDefenceInc/Projects/road_object_shared/raw_frames/nighttime/20250726235408_057389A/frame_00027.jpg,car
/Users/tontran/Library/CloudStorage/OneDrive-VisualDefenceInc/Projects/road_object_shared/raw_frames/nighttime/20250726235408_057389A/frame_00028.jpg,car
/Users/tontran/Library/CloudStorage/OneDrive-VisualDefenceInc/Projects/road_object_shared/raw_frames/nighttime/20250726235408_057389A/frame_00029.jpg,car
/Users/tontran/Library/CloudStorage/OneDrive-VisualDefenceInc/Projects/road_object_shared/raw_frames/nighttime/20250726235408_057389A/frame_00030.jpg,car
/Users/tontran/Library/CloudStorage/OneDrive-VisualDefenceInc/Projects/road_object_shared/raw_frames/nighttime/20250726235408_057389A/frame_00031.jpg,car
/Users/tontran/Library/CloudStorage/OneDrive-VisualDefenceInc/Projects/road_object_shared/raw_frames/nighttime/20250726235408_057389A/frame_00032.jpg,car
/Users/tontran/Library/CloudStorage/OneDrive-VisualDefenceInc/Projects/road_object_shared/raw_frames/nighttime/20250726235408_057389A/frame_00033.jpg,car
/Users/tontran/Library/CloudStorage/OneDrive-VisualDefenceInc/Projects/road_object_shared/raw_frames/nighttime/20250726235408_057389A/frame_00034.jpg,
/Users/tontran/Library/CloudStorage/OneDrive-VisualDefenceInc/Projects/road_object_shared/raw_frames/nighttime/20250726235408_057389A/frame_00035.jpg,
/Users/tontran/Library/CloudStorage/OneDrive-VisualDefenceInc/Projects/road_object_shared/raw_frames/nighttime/20250726235408_057389A/frame_00036.jpg,car
/Users/tontran/Library/CloudStorage/OneDrive-VisualDefenceInc/Projects/road_object_shared/raw_frames/nighttime/20250726235408_057389A/frame_00037.jpg,car
/Users/tontran/Library/CloudStorage/OneDrive-VisualDefenceInc/Projects/road_object_shared/raw_frames/nighttime/20250726235408_057389A/frame_00038.jpg,car
/Users/tontran/Library/CloudStorage/OneDrive-VisualDefenceInc/Projects/road_object_shared/raw_frames/nighttime/20250726235408_057389A/frame_00039.jpg,car
/Users/tontran/Library/CloudStorage/OneDrive-VisualDefenceInc/Projects/road_object_shared/raw_frames/nighttime/20250726235408_057389A/frame_00040.jpg,car
/Users/tontran/Library/CloudStorage/OneDrive-VisualDefenceInc/Projects/road_object_shared/raw_frames/nighttime/20250726235408_057389A/frame_00041.jpg,car
/Users/tontran/Library/CloudStorage/OneDrive-VisualDefenceInc/Projects/road_object_shared/raw_frames/nighttime/20250726235408_057389A/frame_00042.jpg,car
/Users/tontran/Library/CloudStorage/OneDrive-VisualDefenceInc/Projects/road_object_shared/raw_frames/nighttime/20250726235408_057389A/frame_00043.jpg,car
/Users/tontran/Library/CloudStorage/OneDrive-VisualDefenceInc/Projects/road_object_shared/raw_frames/nighttime/20250726235408_057389A/frame_00044.jpg,car
/Users/tontran/Library/CloudStorage/OneDrive-VisualDefenceInc/Projects/road_object_shared/raw_frames/nighttime/20250726235408_057389A/frame_00045.jpg,car
/Users/tontran/Library/CloudStorage/OneDrive-VisualDefenceInc/Projects/road_object_shared/raw_frames/nighttime/20250726235408_057389A/frame_00046.jpg,car
/Users/tontran/Library/CloudStorage/OneDrive-VisualDefenceInc/Projects/road_object_shared/raw_frames/nighttime/20250726235408_057389A/frame_00047.jpg,car
/Users/tontran/Library/CloudStorage/OneDrive-VisualDefenceInc/Projects/road_object_shared/raw_frames/nighttime/20250726235508_057391A/frame_00000.jpg,car
/Users/tontran/Library/CloudStorage/OneDrive-VisualDefenceInc/Projects/road_object_shared/raw_frames/nighttime/20250726235508_057391A/frame_00001.jpg,car
/Users/tontran/Library/CloudStorage/OneDrive-VisualDefenceInc/Projects/road_object_shared/raw_frames/nighttime/20250726235508_057391A/frame_00002.jpg,car
/Users/tontran/Library/CloudStorage/OneDrive-VisualDefenceInc/Projects/road_object_shared/raw_frames/nighttime/20250726235508_057391A/frame_00003.jpg,car
/Users/tontran/Library/CloudStorage/OneDrive-VisualDefenceInc/Projects/road_object_shared/raw_frames/nighttime/20250726235508_057391A/frame_00004.jpg,car
/Users/tontran/Library/CloudStorage/OneDrive-VisualDefenceInc/Projects/road_object_shared/raw_frames/nighttime/20250726235508_057391A/frame_00005.jpg,car
/Users/tontran/Library/CloudStorage/OneDrive-VisualDefenceInc/Projects/road_object_shared/raw_frames/nighttime/20250726235508_057391A/frame_00006.jpg,car
/Users/tontran/Library/CloudStorage/OneDrive-VisualDefenceInc/Projects/road_object_shared/raw_frames/nighttime/20250726235508_057391A/frame_00007.jpg,car
/Users/tontran/Library/CloudStorage/OneDrive-VisualDefenceInc/Projects/road_object_shared/raw_frames/nighttime/20250726235508_057391A/frame_00008.jpg,car
/Users/tontran/Library/CloudStorage/OneDrive-VisualDefenceInc/Projects/road_object_shared/raw_frames/nighttime/20250726235508_057391A/frame_00009.jpg,car
/Users/tontran/Library/CloudStorage/OneDrive-VisualDefenceInc/Projects/road_object_shared/raw_frames/nighttime/20250726235508_057391A/frame_00010.jpg,car
/Users/tontran/Library/CloudStorage/OneDrive-VisualDefenceInc/Projects/road_object_shared/raw_frames/nighttime/20250726235508_057391A/frame_00011.jpg,car
/Users/tontran/Library/CloudStorage/OneDrive-VisualDefenceInc/Projects/road_object_shared/raw_frames/nighttime/20250726235508_057391A/frame_00012.jpg,car
/Users/tontran/Library/CloudStorage/OneDrive-VisualDefenceInc/Projects/road_object_shared/raw_frames/nighttime/20250726235508_057391A/frame_00013.jpg,car
/Users/tontran/Library/CloudStorage/OneDrive-VisualDefenceInc/Projects/road_object_shared/raw_frames/nighttime/20250726235508_057391A/frame_00014.jpg,car
/Users/tontran/Library/CloudStorage/OneDrive-VisualDefenceInc/Projects/road_object_shared/raw_frames/nighttime/20250726235508_057391A/frame_00015.jpg,car
/Users/tontran/Library/CloudStorage/OneDrive-VisualDefenceInc/Projects/road_object_shared/raw_frames/nighttime/20250726235508_057391A/frame_00016.jpg,car
/Users/tontran/Library/CloudStorage/OneDrive-VisualDefenceInc/Projects/road_object_shared/raw_frames/nighttime/20250726235508_057391A/frame_00017.jpg,car
/Users/tontran/Library/CloudStorage/OneDrive-VisualDefenceInc/Projects/road_object_shared/raw_frames/nighttime/20250726235508_057391A/frame_00018.jpg,car
/Users/tontran/Library/CloudStorage/OneDrive-VisualDefenceInc/Projects/road_object_shared/raw_frames/nighttime/20250726235508_057391A/frame_00019.jpg,car
/Users/tontran/Library/CloudStorage/OneDrive-VisualDefenceInc/Projects/road_object_shared/raw_frames/nighttime/20250726235508_057391A/frame_00020.jpg,car
/Users/tontran/Library/CloudStorage/OneDrive-VisualDefenceInc/Projects/road_object_shared/raw_frames/nighttime/20250726235508_057391A/frame_00021.jpg,car
/Users/tontran/Library/CloudStorage/OneDrive-VisualDefenceInc/Projects/road_object_shared/raw_frames/nighttime/20250726235508_057391A/frame_00022.jpg,car
/Users/tontran/Library/CloudStorage/OneDrive-VisualDefenceInc/Projects/road_object_shared/raw_frames/nighttime/20250726235508_057391A/frame_00023.jpg,car
/Users/tontran/Library/CloudStorage/OneDrive-VisualDefenceInc/Projects/road_object_shared/raw_frames/nighttime/20250726235508_057391A/frame_00024.jpg,car
/Users/tontran/Library/CloudStorage/OneDrive-VisualDefenceInc/Projects/road_object_shared/raw_frames/nighttime/20250726235508_057391A/frame_00025.jpg,car
/Users/tontran/Library/CloudStorage/OneDrive-VisualDefenceInc/Projects/road_object_shared/raw_frames/nighttime/20250726235508_057391A/frame_00026.jpg,car
/Users/tontran/Library/CloudStorage/OneDrive-VisualDefenceInc/Projects/road_object_shared/raw_frames/nighttime/20250726235508_057391A/frame_00027.jpg,car
/Users/tontran/Library/CloudStorage/OneDrive-VisualDefenceInc/Projects/road_object_shared/raw_frames/nighttime/20250726235508_057391A/frame_00028.jpg,car
/Users/tontran/Library/CloudStorage/OneDrive-VisualDefenceInc/Projects/road_object_shared/raw_frames/nighttime/20250726235508_057391A/frame_00029.jpg,car
/Users/tontran/Library/CloudStorage/OneDrive-VisualDefenceInc/Projects/road_object_shared/raw_frames/nighttime/20250726235508_057391A/frame_00030.jpg,car
/Users/tontran/Library/CloudStorage/OneDrive-VisualDefenceInc/Projects/road_object_shared/raw_frames/nighttime/20250726235508_057391A/frame_00031.jpg,car
/Users/tontran/Library/CloudStorage/OneDrive-VisualDefenceInc/Projects/road_object_shared/raw_frames/nighttime/20250726235508_057391A/frame_00032.jpg,car
/Users/tontran/Library/CloudStorage/OneDrive-VisualDefenceInc/Projects/road_object_shared/raw_frames/nighttime/20250726235508_057391A/frame_00033.jpg,car
/Users/tontran/Library/CloudStorage/OneDrive-VisualDefenceInc/Projects/road_object_shared/raw_frames/nighttime/20250726235508_057391A/frame_00034.jpg,car
/Users/tontran/Library/CloudStorage/OneDrive-VisualDefenceInc/Projects/road_object_shared/raw_frames/nighttime/20250726235508_057391A/frame_00035.jpg,car
/Users/tontran/Library/CloudStorage/OneDrive-VisualDefenceInc/Projects/road_object_shared/raw_frames/nighttime/20250726235508_057391A/frame_00036.jpg,car
/Users/tontran/Library/CloudStorage/OneDrive-VisualDefenceInc/Projects/road_object_shared/raw_frames/nighttime/20250726235508_057391A/frame_00037.jpg,car
/Users/tontran/Library/CloudStorage/OneDrive-VisualDefenceInc/Projects/road_object_shared/raw_frames/nighttime/20250726235508_057391A/frame_00038.jpg,car
/Users/tontran/Library/CloudStorage/OneDrive-VisualDefenceInc/Projects/road_object_shared/raw_frames/nighttime/20250726235508_057391A/frame_00039.jpg,car
/Users/tontran/Library/CloudStorage/OneDrive-VisualDefenceInc/Projects/road_object_shared/raw_frames/nighttime/20250726235508_057391A/frame_00040.jpg,car
/Users/tontran/Library/CloudStorage/OneDrive-VisualDefenceInc/Projects/road_object_shared/raw_frames/nighttime/20250726235508_057391A/frame_00041.jpg,car
/Users/tontran/Library/CloudStorage/OneDrive-VisualDefenceInc/Projects/road_object_shared/raw_frames/nighttime/20250726235508_057391A/frame_00042.jpg,car
/Users/tontran/Library/CloudStorage/OneDrive-VisualDefenceInc/Projects/road_object_shared/raw_frames/nighttime/20250726235508_057391A/frame_00043.jpg,car
/Users/tontran/Library/CloudStorage/OneDrive-VisualDefenceInc/Projects/road_object_shared/raw_frames/nighttime/20250726235508_057391A/frame_00044.jpg,car
/Users/tontran/Library/CloudStorage/OneDrive-VisualDefenceInc/Projects/road_object_shared/raw_frames/nighttime/20250726235508_057391A/frame_00045.jpg,car
/Users/tontran/Library/CloudStorage/OneDrive-VisualDefenceInc/Projects/road_object_shared/raw_frames/nighttime/20250726235508_057391A/frame_00046.jpg,car
/Users/tontran/Library/CloudStorage/OneDrive-VisualDefenceInc/Projects/road_object_shared/raw_frames/nighttime/20250726235508_057391A/frame_00047.jpg,car
/Users/tontran/Library/CloudStorage/OneDrive-VisualDefenceInc/Projects/road_object_shared/raw_frames/nighttime/20250726235608_057393A/frame_00000.jpg,car
/Users/tontran/Library/CloudStorage/OneDrive-VisualDefenceInc/Projects/road_object_shared/raw_frames/nighttime/20250726235608_057393A/frame_00001.jpg,car
/Users/tontran/Library/CloudStorage/OneDrive-VisualDefenceInc/Projects/road_object_shared/raw_frames/nighttime/20250726235608_057393A/frame_00002.jpg,car
/Users/tontran/Library/CloudStorage/OneDrive-VisualDefenceInc/Projects/road_object_shared/raw_frames/nighttime/20250726235608_057393A/frame_00003.jpg,car
/Users/tontran/Library/CloudStorage/OneDrive-VisualDefenceInc/Projects/road_object_shared/raw_frames/nighttime/20250726235608_057393A/frame_00004.jpg,car
/Users/tontran/Library/CloudStorage/OneDrive-VisualDefenceInc/Projects/road_object_shared/raw_frames/nighttime/20250726235608_057393A/frame_00005.jpg,car
/Users/tontran/Library/CloudStorage/OneDrive-VisualDefenceInc/Projects/road_object_shared/raw_frames/nighttime/20250726235608_057393A/frame_00006.jpg,car
/Users/tontran/Library/CloudStorage/OneDrive-VisualDefenceInc/Projects/road_object_shared/raw_frames/nighttime/20250726235608_057393A/frame_00007.jpg,car
/Users/tontran/Library/CloudStorage/OneDrive-VisualDefenceInc/Projects/road_object_shared/raw_frames/nighttime/20250726235608_057393A/frame_00008.jpg,car
/Users/tontran/Library/CloudStorage/OneDrive-VisualDefenceInc/Projects/road_object_shared/raw_frames/nighttime/20250726235608_057393A/frame_00009.jpg,car
/Users/tontran/Library/CloudStorage/OneDrive-VisualDefenceInc/Projects/road_object_shared/raw_frames/nighttime/20250726235608_057393A/frame_00010.jpg,car
/Users/tontran/Library/CloudStorage/OneDrive-VisualDefenceInc/Projects/road_object_shared/raw_frames/nighttime/20250726235608_057393A/frame_00011.jpg,car
/Users/tontran/Library/CloudStorage/OneDrive-VisualDefenceInc/Projects/road_object_shared/raw_frames/nighttime/20250726235608_057393A/frame_00012.jpg,car
/Users/tontran/Library/CloudStorage/OneDrive-VisualDefenceInc/Projects/road_object_shared/raw_frames/nighttime/20250726235608_057393A/frame_00013.jpg,car
/Users/tontran/Library/CloudStorage/OneDrive-VisualDefenceInc/Projects/road_object_shared/raw_frames/nighttime/20250726235608_057393A/frame_00014.jpg,car
/Users/tontran/Library/CloudStorage/OneDrive-VisualDefenceInc/Projects/road_object_shared/raw_frames/nighttime/20250726235608_057393A/frame_00015.jpg,car
/Users/tontran/Library/CloudStorage/OneDrive-VisualDefenceInc/Projects/road_object_shared/raw_frames/nighttime/20250726235608_057393A/frame_00016.jpg,car
/Users/tontran/Library/CloudStorage/OneDrive-VisualDefenceInc/Projects/road_object_shared/raw_frames/nighttime/20250726235608_057393A/frame_00017.jpg,truck
/Users/tontran/Library/CloudStorage/OneDrive-VisualDefenceInc/Projects/road_object_shared/raw_frames/nighttime/20250726235608_057393A/frame_00018.jpg,truck
/Users/tontran/Library/CloudStorage/OneDrive-VisualDefenceInc/Projects/road_object_shared/raw_frames/nighttime/20250726235608_057393A/frame_00019.jpg,car
/Users/tontran/Library/CloudStorage/OneDrive-VisualDefenceInc/Projects/road_object_shared/raw_frames/nighttime/20250726235608_057393A/frame_00020.jpg,car
/Users/tontran/Library/CloudStorage/OneDrive-VisualDefenceInc/Projects/road_object_shared/raw_frames/nighttime/20250726235608_057393A/frame_00021.jpg,car
/Users/tontran/Library/CloudStorage/OneDrive-VisualDefenceInc/Projects/road_object_shared/raw_frames/nighttime/20250726235608_057393A/frame_00022.jpg,car
/Users/tontran/Library/CloudStorage/OneDrive-VisualDefenceInc/Projects/road_object_shared/raw_frames/nighttime/20250726235608_057393A/frame_00023.jpg,car
/Users/tontran/Library/CloudStorage/OneDrive-VisualDefenceInc/Projects/road_object_shared/raw_frames/nighttime/20250726235608_057393A/frame_00024.jpg,car
/Users/tontran/Library/CloudStorage/OneDrive-VisualDefenceInc/Projects/road_object_shared/raw_frames/nighttime/20250726235608_057393A/frame_00025.jpg,car
/Users/tontran/Library/CloudStorage/OneDrive-VisualDefenceInc/Projects/road_object_shared/raw_frames/nighttime/20250726235608_057393A/frame_00026.jpg,car
/Users/tontran/Library/CloudStorage/OneDrive-VisualDefenceInc/Projects/road_object_shared/raw_frames/nighttime/20250726235608_057393A/frame_00027.jpg,car
/Users/tontran/Library/CloudStorage/OneDrive-VisualDefenceInc/Projects/road_object_shared/raw_frames/nighttime/20250726235608_057393A/frame_00028.jpg,car
/Users/tontran/Library/CloudStorage/OneDrive-VisualDefenceInc/Projects/road_object_shared/raw_frames/nighttime/20250726235608_057393A/frame_00029.jpg,car
/Users/tontran/Library/CloudStorage/OneDrive-VisualDefenceInc/Projects/road_object_shared/raw_frames/nighttime/20250726235608_057393A/frame_00030.jpg,car
/Users/tontran/Library/CloudStorage/OneDrive-VisualDefenceInc/Projects/road_object_shared/raw_frames/nighttime/20250726235608_057393A/frame_00031.jpg,car
/Users/tontran/Library/CloudStorage/OneDrive-VisualDefenceInc/Projects/road_object_shared/raw_frames/nighttime/20250726235608_057393A/frame_00032.jpg,car
/Users/tontran/Library/CloudStorage/OneDrive-VisualDefenceInc/Projects/road_object_shared/raw_frames/nighttime/20250726235608_057393A/frame_00033.jpg,car
/Users/tontran/Library/CloudStorage/OneDrive-VisualDefenceInc/Projects/road_object_shared/raw_frames/nighttime/20250726235608_057393A/frame_00034.jpg,car
/Users/tontran/Library/CloudStorage/OneDrive-VisualDefenceInc/Projects/road_object_shared/raw_frames/nighttime/20250726235608_057393A/frame_00035.jpg,car
/Users/tontran/Library/CloudStorage/OneDrive-VisualDefenceInc/Projects/road_object_shared/raw_frames/nighttime/20250726235608_057393A/frame_00036.jpg,car
/Users/tontran/Library/CloudStorage/OneDrive-VisualDefenceInc/Projects/road_object_shared/raw_frames/nighttime/20250726235608_057393A/frame_00037.jpg,car
/Users/tontran/Library/CloudStorage/OneDrive-VisualDefenceInc/Projects/road_object_shared/raw_frames/nighttime/20250726235608_057393A/frame_00038.jpg,car
/Users/tontran/Library/CloudStorage/OneDrive-VisualDefenceInc/Projects/road_object_shared/raw_frames/nighttime/20250726235608_057393A/frame_00039.jpg,car
/Users/tontran/Library/CloudStorage/OneDrive-VisualDefenceInc/Projects/road_object_shared/raw_frames/nighttime/20250726235608_057393A/frame_00040.jpg,car
/Users/tontran/Library/CloudStorage/OneDrive-VisualDefenceInc/Projects/road_object_shared/raw_frames/nighttime/20250726235608_057393A/frame_00041.jpg,car
/Users/tontran/Library/CloudStorage/OneDrive-VisualDefenceInc/Projects/road_object_shared/raw_frames/nighttime/20250726235608_057393A/frame_00042.jpg,car
/Users/tontran/Library/CloudStorage/OneDrive-VisualDefenceInc/Projects/road_object_shared/raw_frames/nighttime/20250726235608_057393A/frame_00043.jpg,car
/Users/tontran/Library/CloudStorage/OneDrive-VisualDefenceInc/Projects/road_object_shared/raw_frames/nighttime/20250726235608_057393A/frame_00044.jpg,car
/Users/tontran/Library/CloudStorage/OneDrive-VisualDefenceInc/Projects/road_object_shared/raw_frames/nighttime/20250726235608_057393A/frame_00045.jpg,car
/Users/tontran/Library/CloudStorage/OneDrive-VisualDefenceInc/Projects/road_object_shared/raw_frames/nighttime/20250726235608_057393A/frame_00046.jpg,car
/Users/tontran/Library/CloudStorage/OneDrive-VisualDefenceInc/Projects/road_object_shared/raw_frames/nighttime/20250726235608_057393A/frame_00047.jpg,car
/Users/tontran/Library/CloudStorage/OneDrive-VisualDefenceInc/Projects/road_object_shared/raw_frames/nighttime/20250726235708_057395A/frame_00000.jpg,car
/Users/tontran/Library/CloudStorage/OneDrive-VisualDefenceInc/Projects/road_object_shared/raw_frames/nighttime/20250726235708_057395A/frame_00001.jpg,car
/Users/tontran/Library/CloudStorage/OneDrive-VisualDefenceInc/Projects/road_object_shared/raw_frames/nighttime/20250726235708_057395A/frame_00002.jpg,car
/Users/tontran/Library/CloudStorage/OneDrive-VisualDefenceInc/Projects/road_object_shared/raw_frames/nighttime/20250726235708_057395A/frame_00003.jpg,car
/Users/tontran/Library/CloudStorage/OneDrive-VisualDefenceInc/Projects/road_object_shared/raw_frames/nighttime/20250726235708_057395A/frame_00004.jpg,car
/Users/tontran/Library/CloudStorage/OneDrive-VisualDefenceInc/Projects/road_object_shared/raw_frames/nighttime/20250726235708_057395A/frame_00005.jpg,car
/Users/tontran/Library/CloudStorage/OneDrive-VisualDefenceInc/Projects/road_object_shared/raw_frames/nighttime/20250726235708_057395A/frame_00006.jpg,car
/Users/tontran/Library/CloudStorage/OneDrive-VisualDefenceInc/Projects/road_object_shared/raw_frames/nighttime/20250726235708_057395A/frame_00007.jpg,car
/Users/tontran/Library/CloudStorage/OneDrive-VisualDefenceInc/Projects/road_object_shared/raw_frames/nighttime/20250726235708_057395A/frame_00008.jpg,car
/Users/tontran/Library/CloudStorage/OneDrive-VisualDefenceInc/Projects/road_object_shared/raw_frames/nighttime/20250726235708_057395A/frame_00009.jpg,car
/Users/tontran/Library/CloudStorage/OneDrive-VisualDefenceInc/Projects/road_object_shared/raw_frames/nighttime/20250726235708_057395A/frame_00010.jpg,car
/Users/tontran/Library/CloudStorage/OneDrive-VisualDefenceInc/Projects/road_object_shared/raw_frames/nighttime/20250726235708_057395A/frame_00011.jpg,car
/Users/tontran/Library/CloudStorage/OneDrive-VisualDefenceInc/Projects/road_object_shared/raw_frames/nighttime/20250726235708_057395A/frame_00012.jpg,car
/Users/tontran/Library/CloudStorage/OneDrive-VisualDefenceInc/Projects/road_object_shared/raw_frames/nighttime/20250726235708_057395A/frame_00013.jpg,car
/Users/tontran/Library/CloudStorage/OneDrive-VisualDefenceInc/Projects/road_object_shared/raw_frames/nighttime/20250726235708_057395A/frame_00014.jpg,car
/Users/tontran/Library/CloudStorage/OneDrive-VisualDefenceInc/Projects/road_object_shared/raw_frames/nighttime/20250726235708_057395A/frame_00015.jpg,car
/Users/tontran/Library/CloudStorage/OneDrive-VisualDefenceInc/Projects/road_object_shared/raw_frames/nighttime/20250726235708_057395A/frame_00016.jpg,car
/Users/tontran/Library/CloudStorage/OneDrive-VisualDefenceInc/Projects/road_object_shared/raw_frames/nighttime/20250726235708_057395A/frame_00017.jpg,car
/Users/tontran/Library/CloudStorage/OneDrive-VisualDefenceInc/Projects/road_object_shared/raw_frames/nighttime/20250726235708_057395A/frame_00018.jpg,car
/Users/tontran/Library/CloudStorage/OneDrive-VisualDefenceInc/Projects/road_object_shared/raw_frames/nighttime/20250726235708_057395A/frame_00019.jpg,car
/Users/tontran/Library/CloudStorage/OneDrive-VisualDefenceInc/Projects/road_object_shared/raw_frames/nighttime/20250726235708_057395A/frame_00020.jpg,car
/Users/tontran/Library/CloudStorage/OneDrive-VisualDefenceInc/Projects/road_object_shared/raw_frames/nighttime/20250726235708_057395A/frame_00021.jpg,car
/Users/tontran/Library/CloudStorage/OneDrive-VisualDefenceInc/Projects/road_object_shared/raw_frames/nighttime/20250726235708_057395A/frame_00022.jpg,car
/Users/tontran/Library/CloudStorage/OneDrive-VisualDefenceInc/Projects/road_object_shared/raw_frames/nighttime/20250726235708_057395A/frame_00023.jpg,car
/Users/tontran/Library/CloudStorage/OneDrive-VisualDefenceInc/Projects/road_object_shared/raw_frames/nighttime/20250726235708_057395A/frame_00024.jpg,car
/Users/tontran/Library/CloudStorage/OneDrive-VisualDefenceInc/Projects/road_object_shared/raw_frames/nighttime/20250726235708_057395A/frame_00025.jpg,car
/Users/tontran/Library/CloudStorage/OneDrive-VisualDefenceInc/Projects/road_object_shared/raw_frames/nighttime/20250726235708_057395A/frame_00026.jpg,car
/Users/tontran/Library/CloudStorage/OneDrive-VisualDefenceInc/Projects/road_object_shared/raw_frames/nighttime/20250726235708_057395A/frame_00027.jpg,car
/Users/tontran/Library/CloudStorage/OneDrive-VisualDefenceInc/Projects/road_object_shared/raw_frames/nighttime/20250726235708_057395A/frame_00028.jpg,car
/Users/tontran/Library/CloudStorage/OneDrive-VisualDefenceInc/Projects/road_object_shared/raw_frames/nighttime/20250726235708_057395A/frame_00029.jpg,car
/Users/tontran/Library/CloudStorage/OneDrive-VisualDefenceInc/Projects/road_object_shared/raw_frames/nighttime/20250726235708_057395A/frame_00030.jpg,car
/Users/tontran/Library/CloudStorage/OneDrive-VisualDefenceInc/Projects/road_object_shared/raw_frames/nighttime/20250726235708_057395A/frame_00031.jpg,car
/Users/tontran/Library/CloudStorage/OneDrive-VisualDefenceInc/Projects/road_object_shared/raw_frames/nighttime/20250726235708_057395A/frame_00032.jpg,car
/Users/tontran/Library/CloudStorage/OneDrive-VisualDefenceInc/Projects/road_object_shared/raw_frames/nighttime/20250726235708_057395A/frame_00033.jpg,car
/Users/tontran/Library/CloudStorage/OneDrive-VisualDefenceInc/Projects/road_object_shared/raw_frames/nighttime/20250726235708_057395A/frame_00034.jpg,car
/Users/tontran/Library/CloudStorage/OneDrive-VisualDefenceInc/Projects/road_object_shared/raw_frames/nighttime/20250726235708_057395A/frame_00035.jpg,car
/Users/tontran/Library/CloudStorage/OneDrive-VisualDefenceInc/Projects/road_object_shared/raw_frames/nighttime/20250726235708_057395A/frame_00036.jpg,car
/Users/tontran/Library/CloudStorage/OneDrive-VisualDefenceInc/Projects/road_object_shared/raw_frames/nighttime/20250726235708_057395A/frame_00037.jpg,car
/Users/tontran/Library/CloudStorage/OneDrive-VisualDefenceInc/Projects/road_object_shared/raw_frames/nighttime/20250726235708_057395A/frame_00038.jpg,car
/Users/tontran/Library/CloudStorage/OneDrive-VisualDefenceInc/Projects/road_object_shared/raw_frames/nighttime/20250726235708_057395A/frame_00039.jpg,car
/Users/tontran/Library/CloudStorage/OneDrive-VisualDefenceInc/Projects/road_object_shared/raw_frames/nighttime/20250726235708_057395A/frame_00040.jpg,car
/Users/tontran/Library/CloudStorage/OneDrive-VisualDefenceInc/Projects/road_object_shared/raw_frames/nighttime/20250726235708_057395A/frame_00041.jpg,car
/Users/tontran/Library/CloudStorage/OneDrive-VisualDefenceInc/Projects/road_object_shared/raw_frames/nighttime/20250726235708_057395A/frame_00042.jpg,car
/Users/tontran/Library/CloudStorage/OneDrive-VisualDefenceInc/Projects/road_object_shared/raw_frames/nighttime/20250726235708_057395A/frame_00043.jpg,car
/Users/tontran/Library/CloudStorage/OneDrive-VisualDefenceInc/Projects/road_object_shared/raw_frames/nighttime/20250726235708_057395A/frame_00044.jpg,car
/Users/tontran/Library/CloudStorage/OneDrive-VisualDefenceInc/Projects/road_object_shared/raw_frames/nighttime/20250726235708_057395A/frame_00045.jpg,car
/Users/tontran/Library/CloudStorage/OneDrive-VisualDefenceInc/Projects/road_object_shared/raw_frames/nighttime/20250726235708_057395A/frame_00046.jpg,car
/Users/tontran/Library/CloudStorage/OneDrive-VisualDefenceInc/Projects/road_object_shared/raw_frames/nighttime/20250726235708_057395A/frame_00047.jpg,car
/Users/tontran/Library/CloudStorage/OneDrive-VisualDefenceInc/Projects/road_object_shared/raw_frames/nighttime/20250726235808_057397A/frame_00000.jpg,car
/Users/tontran/Library/CloudStorage/OneDrive-VisualDefenceInc/Projects/road_object_shared/raw_frames/nighttime/20250726235808_057397A/frame_00001.jpg,car
/Users/tontran/Library/CloudStorage/OneDrive-VisualDefenceInc/Projects/road_object_shared/raw_frames/nighttime/20250726235808_057397A/frame_00002.jpg,car
/Users/tontran/Library/CloudStorage/OneDrive-VisualDefenceInc/Projects/road_object_shared/raw_frames/nighttime/20250726235808_057397A/frame_00003.jpg,car
/Users/tontran/Library/CloudStorage/OneDrive-VisualDefenceInc/Projects/road_object_shared/raw_frames/nighttime/20250726235808_057397A/frame_00004.jpg,car
/Users/tontran/Library/CloudStorage/OneDrive-VisualDefenceInc/Projects/road_object_shared/raw_frames/nighttime/20250726235808_057397A/frame_00005.jpg,car
/Users/tontran/Library/CloudStorage/OneDrive-VisualDefenceInc/Projects/road_object_shared/raw_frames/nighttime/20250726235808_057397A/frame_00006.jpg,car
/Users/tontran/Library/CloudStorage/OneDrive-VisualDefenceInc/Projects/road_object_shared/raw_frames/nighttime/20250726235808_057397A/frame_00007.jpg,car
/Users/tontran/Library/CloudStorage/OneDrive-VisualDefenceInc/Projects/road_object_shared/raw_frames/nighttime/20250726235808_057397A/frame_00008.jpg,car
/Users/tontran/Library/CloudStorage/OneDrive-VisualDefenceInc/Projects/road_object_shared/raw_frames/nighttime/20250726235808_057397A/frame_00009.jpg,car
/Users/tontran/Library/CloudStorage/OneDrive-VisualDefenceInc/Projects/road_object_shared/raw_frames/nighttime/20250726235808_057397A/frame_00010.jpg,car
/Users/tontran/Library/CloudStorage/OneDrive-VisualDefenceInc/Projects/road_object_shared/raw_frames/nighttime/20250726235808_057397A/frame_00011.jpg,car
/Users/tontran/Library/CloudStorage/OneDrive-VisualDefenceInc/Projects/road_object_shared/raw_frames/nighttime/20250726235808_057397A/frame_00012.jpg,car
/Users/tontran/Library/CloudStorage/OneDrive-VisualDefenceInc/Projects/road_object_shared/raw_frames/nighttime/20250726235808_057397A/frame_00013.jpg,car
/Users/tontran/Library/CloudStorage/OneDrive-VisualDefenceInc/Projects/road_object_shared/raw_frames/nighttime/20250726235808_057397A/frame_00014.jpg,car
/Users/tontran/Library/CloudStorage/OneDrive-VisualDefenceInc/Projects/road_object_shared/raw_frames/nighttime/20250726235808_057397A/frame_00015.jpg,car
/Users/tontran/Library/CloudStorage/OneDrive-VisualDefenceInc/Projects/road_object_shared/raw_frames/nighttime/20250726235808_057397A/frame_00016.jpg,car
/Users/tontran/Library/CloudStorage/OneDrive-VisualDefenceInc/Projects/road_object_shared/raw_frames/nighttime/20250726235808_057397A/frame_00017.jpg,car
/Users/tontran/Library/CloudStorage/OneDrive-VisualDefenceInc/Projects/road_object_shared/raw_frames/nighttime/20250726235808_057397A/frame_00018.jpg,car
/Users/tontran/Library/CloudStorage/OneDrive-VisualDefenceInc/Projects/road_object_shared/raw_frames/nighttime/20250726235808_057397A/frame_00019.jpg,car
/Users/tontran/Library/CloudStorage/OneDrive-VisualDefenceInc/Projects/road_object_shared/raw_frames/nighttime/20250726235808_057397A/frame_00020.jpg,car
/Users/tontran/Library/CloudStorage/OneDrive-VisualDefenceInc/Projects/road_object_shared/raw_frames/nighttime/20250726235808_057397A/frame_00021.jpg,car
/Users/tontran/Library/CloudStorage/OneDrive-VisualDefenceInc/Projects/road_object_shared/raw_frames/nighttime/20250726235808_057397A/frame_00022.jpg,car
/Users/tontran/Library/CloudStorage/OneDrive-VisualDefenceInc/Projects/road_object_shared/raw_frames/nighttime/20250726235808_057397A/frame_00023.jpg,car
/Users/tontran/Library/CloudStorage/OneDrive-VisualDefenceInc/Projects/road_object_shared/raw_frames/nighttime/20250726235808_057397A/frame_00024.jpg,car
/Users/tontran/Library/CloudStorage/OneDrive-VisualDefenceInc/Projects/road_object_shared/raw_frames/nighttime/20250726235808_057397A/frame_00025.jpg,car
/Users/tontran/Library/CloudStorage/OneDrive-VisualDefenceInc/Projects/road_object_shared/raw_frames/nighttime/20250726235808_057397A/frame_00026.jpg,car
/Users/tontran/Library/CloudStorage/OneDrive-VisualDefenceInc/Projects/road_object_shared/raw_frames/nighttime/20250726235808_057397A/frame_00027.jpg,car
/Users/tontran/Library/CloudStorage/OneDrive-VisualDefenceInc/Projects/road_object_shared/raw_frames/nighttime/20250726235808_057397A/frame_00028.jpg,car
/Users/tontran/Library/CloudStorage/OneDrive-VisualDefenceInc/Projects/road_object_shared/raw_frames/nighttime/20250726235808_057397A/frame_00029.jpg,car
/Users/tontran/Library/CloudStorage/OneDrive-VisualDefenceInc/Projects/road_object_shared/raw_frames/nighttime/20250726235808_057397A/frame_00030.jpg,car
/Users/tontran/Library/CloudStorage/OneDrive-VisualDefenceInc/Projects/road_object_shared/raw_frames/nighttime/20250726235808_057397A/frame_00031.jpg,car
/Users/tontran/Library/CloudStorage/OneDrive-VisualDefenceInc/Projects/road_object_shared/raw_frames/nighttime/20250726235808_057397A/frame_00032.jpg,car
/Users/tontran/Library/CloudStorage/OneDrive-VisualDefenceInc/Projects/road_object_shared/raw_frames/nighttime/20250726235808_057397A/frame_00033.jpg,car
/Users/tontran/Library/CloudStorage/OneDrive-VisualDefenceInc/Projects/road_object_shared/raw_frames/nighttime/20250726235808_057397A/frame_00034.jpg,car
/Users/tontran/Library/CloudStorage/OneDrive-VisualDefenceInc/Projects/road_object_shared/raw_frames/nighttime/20250726235808_057397A/frame_00035.jpg,car
/Users/tontran/Library/CloudStorage/OneDrive-VisualDefenceInc/Projects/road_object_shared/raw_frames/nighttime/20250726235808_057397A/frame_00036.jpg,car
/Users/tontran/Library/CloudStorage/OneDrive-VisualDefenceInc/Projects/road_object_shared/raw_frames/nighttime/20250726235808_057397A/frame_00037.jpg,car
/Users/tontran/Library/CloudStorage/OneDrive-VisualDefenceInc/Projects/road_object_shared/raw_frames/nighttime/20250726235808_057397A/frame_00038.jpg,car
/Users/tontran/Library/CloudStorage/OneDrive-VisualDefenceInc/Projects/road_object_shared/raw_frames/nighttime/20250726235808_057397A/frame_00039.jpg,car
/Users/tontran/Library/CloudStorage/OneDrive-VisualDefenceInc/Projects/road_object_shared/raw_frames/nighttime/20250726235808_057397A/frame_00040.jpg,car
/Users/tontran/Library/CloudStorage/OneDrive-VisualDefenceInc/Projects/road_object_shared/raw_frames/nighttime/20250726235808_057397A/frame_00041.jpg,car
/Users/tontran/Library/CloudStorage/OneDrive-VisualDefenceInc/Projects/road_object_shared/raw_frames/nighttime/20250726235808_057397A/frame_00042.jpg,car
/Users/tontran/Library/CloudStorage/OneDrive-VisualDefenceInc/Projects/road_object_shared/raw_frames/nighttime/20250726235808_057397A/frame_00043.jpg,car
/Users/tontran/Library/CloudStorage/OneDrive-VisualDefenceInc/Projects/road_object_shared/raw_frames/nighttime/20250726235808_057397A/frame_00044.jpg,car
/Users/tontran/Library/CloudStorage/OneDrive-VisualDefenceInc/Projects/road_object_shared/raw_frames/nighttime/20250726235808_057397A/frame_00045.jpg,car
/Users/tontran/Library/CloudStorage/OneDrive-VisualDefenceInc/Projects/road_object_shared/raw_frames/nighttime/20250726235808_057397A/frame_00046.jpg,car
/Users/tontran/Library/CloudStorage/OneDrive-VisualDefenceInc/Projects/road_object_shared/raw_frames/nighttime/20250726235808_057397A/frame_00047.jpg,car
/Users/tontran/Library/CloudStorage/OneDrive-VisualDefenceInc/Projects/road_object_shared/raw_frames/nighttime/20250726235908_057399A/frame_00000.jpg,car
/Users/tontran/Library/CloudStorage/OneDrive-VisualDefenceInc/Projects/road_object_shared/raw_frames/nighttime/20250726235908_057399A/frame_00001.jpg,car
/Users/tontran/Library/CloudStorage/OneDrive-VisualDefenceInc/Projects/road_object_shared/raw_frames/nighttime/20250726235908_057399A/frame_00002.jpg,car
/Users/tontran/Library/CloudStorage/OneDrive-VisualDefenceInc/Projects/road_object_shared/raw_frames/nighttime/20250726235908_057399A/frame_00003.jpg,car
/Users/tontran/Library/CloudStorage/OneDrive-VisualDefenceInc/Projects/road_object_shared/raw_frames/nighttime/20250726235908_057399A/frame_00004.jpg,car
/Users/tontran/Library/CloudStorage/OneDrive-VisualDefenceInc/Projects/road_object_shared/raw_frames/nighttime/20250726235908_057399A/frame_00005.jpg,car
/Users/tontran/Library/CloudStorage/OneDrive-VisualDefenceInc/Projects/road_object_shared/raw_frames/nighttime/20250726235908_057399A/frame_00006.jpg,car
/Users/tontran/Library/CloudStorage/OneDrive-VisualDefenceInc/Projects/road_object_shared/raw_frames/nighttime/20250726235908_057399A/frame_00007.jpg,car
/Users/tontran/Library/CloudStorage/OneDrive-VisualDefenceInc/Projects/road_object_shared/raw_frames/nighttime/20250726235908_057399A/frame_00008.jpg,car
/Users/tontran/Library/CloudStorage/OneDrive-VisualDefenceInc/Projects/road_object_shared/raw_frames/nighttime/20250726235908_057399A/frame_00009.jpg,car
/Users/tontran/Library/CloudStorage/OneDrive-VisualDefenceInc/Projects/road_object_shared/raw_frames/nighttime/20250726235908_057399A/frame_00010.jpg,car
/Users/tontran/Library/CloudStorage/OneDrive-VisualDefenceInc/Projects/road_object_shared/raw_frames/nighttime/20250726235908_057399A/frame_00011.jpg,car
/Users/tontran/Library/CloudStorage/OneDrive-VisualDefenceInc/Projects/road_object_shared/raw_frames/nighttime/20250726235908_057399A/frame_00012.jpg,car
/Users/tontran/Library/CloudStorage/OneDrive-VisualDefenceInc/Projects/road_object_shared/raw_frames/nighttime/20250726235908_057399A/frame_00013.jpg,car
/Users/tontran/Library/CloudStorage/OneDrive-VisualDefenceInc/Projects/road_object_shared/raw_frames/nighttime/20250726235908_057399A/frame_00014.jpg,car
/Users/tontran/Library/CloudStorage/OneDrive-VisualDefenceInc/Projects/road_object_shared/raw_frames/nighttime/20250726235908_057399A/frame_00015.jpg,car
/Users/tontran/Library/CloudStorage/OneDrive-VisualDefenceInc/Projects/road_object_shared/raw_frames/nighttime/20250726235908_057399A/frame_00016.jpg,car
/Users/tontran/Library/CloudStorage/OneDrive-VisualDefenceInc/Projects/road_object_shared/raw_frames/nighttime/20250726235908_057399A/frame_00017.jpg,car
/Users/tontran/Library/CloudStorage/OneDrive-VisualDefenceInc/Projects/road_object_shared/raw_frames/nighttime/20250726235908_057399A/frame_00018.jpg,car
/Users/tontran/Library/CloudStorage/OneDrive-VisualDefenceInc/Projects/road_object_shared/raw_frames/nighttime/20250726235908_057399A/frame_00019.jpg,car
/Users/tontran/Library/CloudStorage/OneDrive-VisualDefenceInc/Projects/road_object_shared/raw_frames/nighttime/20250726235908_057399A/frame_00020.jpg,car
/Users/tontran/Library/CloudStorage/OneDrive-VisualDefenceInc/Projects/road_object_shared/raw_frames/nighttime/20250726235908_057399A/frame_00021.jpg,car
/Users/tontran/Library/CloudStorage/OneDrive-VisualDefenceInc/Projects/road_object_shared/raw_frames/nighttime/20250726235908_057399A/frame_00022.jpg,car
/Users/tontran/Library/CloudStorage/OneDrive-VisualDefenceInc/Projects/road_object_shared/raw_frames/nighttime/20250726235908_057399A/frame_00023.jpg,car
/Users/tontran/Library/CloudStorage/OneDrive-VisualDefenceInc/Projects/road_object_shared/raw_frames/nighttime/20250726235908_057399A/frame_00024.jpg,car
/Users/tontran/Library/CloudStorage/OneDrive-VisualDefenceInc/Projects/road_object_shared/raw_frames/nighttime/20250726235908_057399A/frame_00025.jpg,car
/Users/tontran/Library/CloudStorage/OneDrive-VisualDefenceInc/Projects/road_object_shared/raw_frames/nighttime/20250726235908_057399A/frame_00026.jpg,car
/Users/tontran/Library/CloudStorage/OneDrive-VisualDefenceInc/Projects/road_object_shared/raw_frames/nighttime/20250726235908_057399A/frame_00027.jpg,car
/Users/tontran/Library/CloudStorage/OneDrive-VisualDefenceInc/Projects/road_object_shared/raw_frames/nighttime/20250726235908_057399A/frame_00028.jpg,car
/Users/tontran/Library/CloudStorage/OneDrive-VisualDefenceInc/Projects/road_object_shared/raw_frames/nighttime/20250726235908_057399A/frame_00029.jpg,car
/Users/tontran/Library/CloudStorage/OneDrive-VisualDefenceInc/Projects/road_object_shared/raw_frames/nighttime/20250726235908_057399A/frame_00030.jpg,car
/Users/tontran/Library/CloudStorage/OneDrive-VisualDefenceInc/Projects/road_object_shared/raw_frames/nighttime/20250726235908_057399A/frame_00031.jpg,bus
/Users/tontran/Library/CloudStorage/OneDrive-VisualDefenceInc/Projects/road_object_shared/raw_frames/nighttime/20250726235908_057399A/frame_00032.jpg,bus
/Users/tontran/Library/CloudStorage/OneDrive-VisualDefenceInc/Projects/road_object_shared/raw_frames/nighttime/20250726235908_057399A/frame_00033.jpg,car
/Users/tontran/Library/CloudStorage/OneDrive-VisualDefenceInc/Projects/road_object_shared/raw_frames/nighttime/20250726235908_057399A/frame_00034.jpg,car
/Users/tontran/Library/CloudStorage/OneDrive-VisualDefenceInc/Projects/road_object_shared/raw_frames/nighttime/20250726235908_057399A/frame_00035.jpg,car
/Users/tontran/Library/CloudStorage/OneDrive-VisualDefenceInc/Projects/road_object_shared/raw_frames/nighttime/20250726235908_057399A/frame_00036.jpg,car
/Users/tontran/Library/CloudStorage/OneDrive-VisualDefenceInc/Projects/road_object_shared/raw_frames/nighttime/20250726235908_057399A/frame_00037.jpg,car
/Users/tontran/Library/CloudStorage/OneDrive-VisualDefenceInc/Projects/road_object_shared/raw_frames/nighttime/20250726235908_057399A/frame_00038.jpg,car
/Users/tontran/Library/CloudStorage/OneDrive-VisualDefenceInc/Projects/road_object_shared/raw_frames/nighttime/20250726235908_057399A/frame_00039.jpg,car
/Users/tontran/Library/CloudStorage/OneDrive-VisualDefenceInc/Projects/road_object_shared/raw_frames/nighttime/20250726235908_057399A/frame_00040.jpg,car
/Users/tontran/Library/CloudStorage/OneDrive-VisualDefenceInc/Projects/road_object_shared/raw_frames/nighttime/20250726235908_057399A/frame_00041.jpg,car
/Users/tontran/Library/CloudStorage/OneDrive-VisualDefenceInc/Projects/road_object_shared/raw_frames/nighttime/20250726235908_057399A/frame_00042.jpg,car
/Users/tontran/Library/CloudStorage/OneDrive-VisualDefenceInc/Projects/road_object_shared/raw_frames/nighttime/20250726235908_057399A/frame_00043.jpg,car
/Users/tontran/Library/CloudStorage/OneDrive-VisualDefenceInc/Projects/road_object_shared/raw_frames/nighttime/20250726235908_057399A/frame_00044.jpg,car
/Users/tontran/Library/CloudStorage/OneDrive-VisualDefenceInc/Projects/road_object_shared/raw_frames/nighttime/20250726235908_057399A/frame_00045.jpg,car
/Users/tontran/Library/CloudStorage/OneDrive-VisualDefenceInc/Projects/road_object_shared/raw_frames/nighttime/20250726235908_057399A/frame_00046.jpg,car
/Users/tontran/Library/CloudStorage/OneDrive-VisualDefenceInc/Projects/road_object_shared/raw_frames/nighttime/20250726235908_057399A/frame_00047.jpg,car
/Users/tontran/Library/CloudStorage/OneDrive-VisualDefenceInc/Projects/road_object_shared/raw_frames/nighttime/20250727000008_057401A/frame_00000.jpg,car
/Users/tontran/Library/CloudStorage/OneDrive-VisualDefenceInc/Projects/road_object_shared/raw_frames/nighttime/20250727000008_057401A/frame_00001.jpg,car
/Users/tontran/Library/CloudStorage/OneDrive-VisualDefenceInc/Projects/road_object_shared/raw_frames/nighttime/20250727000008_057401A/frame_00002.jpg,car
/Users/tontran/Library/CloudStorage/OneDrive-VisualDefenceInc/Projects/road_object_shared/raw_frames/nighttime/20250727000008_057401A/frame_00003.jpg,car
/Users/tontran/Library/CloudStorage/OneDrive-VisualDefenceInc/Projects/road_object_shared/raw_frames/nighttime/20250727000008_057401A/frame_00004.jpg,car
/Users/tontran/Library/CloudStorage/OneDrive-VisualDefenceInc/Projects/road_object_shared/raw_frames/nighttime/20250727000008_057401A/frame_00005.jpg,car
/Users/tontran/Library/CloudStorage/OneDrive-VisualDefenceInc/Projects/road_object_shared/raw_frames/nighttime/20250727000008_057401A/frame_00006.jpg,car
/Users/tontran/Library/CloudStorage/OneDrive-VisualDefenceInc/Projects/road_object_shared/raw_frames/nighttime/20250727000008_057401A/frame_00007.jpg,car
/Users/tontran/Library/CloudStorage/OneDrive-VisualDefenceInc/Projects/road_object_shared/raw_frames/nighttime/20250727000008_057401A/frame_00008.jpg,car
/Users/tontran/Library/CloudStorage/OneDrive-VisualDefenceInc/Projects/road_object_shared/raw_frames/nighttime/20250727000008_057401A/frame_00009.jpg,car
/Users/tontran/Library/CloudStorage/OneDrive-VisualDefenceInc/Projects/road_object_shared/raw_frames/nighttime/20250727000008_057401A/frame_00010.jpg,car
/Users/tontran/Library/CloudStorage/OneDrive-VisualDefenceInc/Projects/road_object_shared/raw_frames/nighttime/20250727000008_057401A/frame_00011.jpg,car
/Users/tontran/Library/CloudStorage/OneDrive-VisualDefenceInc/Projects/road_object_shared/raw_frames/nighttime/20250727000008_057401A/frame_00012.jpg,car
/Users/tontran/Library/CloudStorage/OneDrive-VisualDefenceInc/Projects/road_object_shared/raw_frames/nighttime/20250727000008_057401A/frame_00013.jpg,car
/Users/tontran/Library/CloudStorage/OneDrive-VisualDefenceInc/Projects/road_object_shared/raw_frames/nighttime/20250727000008_057401A/frame_00014.jpg,car
/Users/tontran/Library/CloudStorage/OneDrive-VisualDefenceInc/Projects/road_object_shared/raw_frames/nighttime/20250727000008_057401A/frame_00015.jpg,car
/Users/tontran/Library/CloudStorage/OneDrive-VisualDefenceInc/Projects/road_object_shared/raw_frames/nighttime/20250727000008_057401A/frame_00016.jpg,car
/Users/tontran/Library/CloudStorage/OneDrive-VisualDefenceInc/Projects/road_object_shared/raw_frames/nighttime/20250727000008_057401A/frame_00017.jpg,car
/Users/tontran/Library/CloudStorage/OneDrive-VisualDefenceInc/Projects/road_object_shared/raw_frames/nighttime/20250727000008_057401A/frame_00018.jpg,car
/Users/tontran/Library/CloudStorage/OneDrive-VisualDefenceInc/Projects/road_object_shared/raw_frames/nighttime/20250727000008_057401A/frame_00019.jpg,car
/Users/tontran/Library/CloudStorage/OneDrive-VisualDefenceInc/Projects/road_object_shared/raw_frames/nighttime/20250727000008_057401A/frame_00020.jpg,car
/Users/tontran/Library/CloudStorage/OneDrive-VisualDefenceInc/Projects/road_object_shared/raw_frames/nighttime/20250727000008_057401A/frame_00021.jpg,car
/Users/tontran/Library/CloudStorage/OneDrive-VisualDefenceInc/Projects/road_object_shared/raw_frames/nighttime/20250727000008_057401A/frame_00022.jpg,car
/Users/tontran/Library/CloudStorage/OneDrive-VisualDefenceInc/Projects/road_object_shared/raw_frames/nighttime/20250727000008_057401A/frame_00023.jpg,car
/Users/tontran/Library/CloudStorage/OneDrive-VisualDefenceInc/Projects/road_object_shared/raw_frames/nighttime/20250727000008_057401A/frame_00024.jpg,car
/Users/tontran/Library/CloudStorage/OneDrive-VisualDefenceInc/Projects/road_object_shared/raw_frames/nighttime/20250727000008_057401A/frame_00025.jpg,car
/Users/tontran/Library/CloudStorage/OneDrive-VisualDefenceInc/Projects/road_object_shared/raw_frames/nighttime/20250727000008_057401A/frame_00026.jpg,car
/Users/tontran/Library/CloudStorage/OneDrive-VisualDefenceInc/Projects/road_object_shared/raw_frames/nighttime/20250727000008_057401A/frame_00027.jpg,car
/Users/tontran/Library/CloudStorage/OneDrive-VisualDefenceInc/Projects/road_object_shared/raw_frames/nighttime/20250727000008_057401A/frame_00028.jpg,car
/Users/tontran/Library/CloudStorage/OneDrive-VisualDefenceInc/Projects/road_object_shared/raw_frames/nighttime/20250727000008_057401A/frame_00029.jpg,car
/Users/tontran/Library/CloudStorage/OneDrive-VisualDefenceInc/Projects/road_object_shared/raw_frames/nighttime/20250727000008_057401A/frame_00030.jpg,car
/Users/tontran/Library/CloudStorage/OneDrive-VisualDefenceInc/Projects/road_object_shared/raw_frames/nighttime/20250727000008_057401A/frame_00031.jpg,car
/Users/tontran/Library/CloudStorage/OneDrive-VisualDefenceInc/Projects/road_object_shared/raw_frames/nighttime/20250727000008_057401A/frame_00032.jpg,car
/Users/tontran/Library/CloudStorage/OneDrive-VisualDefenceInc/Projects/road_object_shared/raw_frames/nighttime/20250727000008_057401A/frame_00033.jpg,car
/Users/tontran/Library/CloudStorage/OneDrive-VisualDefenceInc/Projects/road_object_shared/raw_frames/nighttime/20250727000008_057401A/frame_00034.jpg,car
/Users/tontran/Library/CloudStorage/OneDrive-VisualDefenceInc/Projects/road_object_shared/raw_frames/nighttime/20250727000008_057401A/frame_00035.jpg,car
/Users/tontran/Library/CloudStorage/OneDrive-VisualDefenceInc/Projects/road_object_shared/raw_frames/nighttime/20250727000008_057401A/frame_00036.jpg,car
/Users/tontran/Library/CloudStorage/OneDrive-VisualDefenceInc/Projects/road_object_shared/raw_frames/nighttime/20250727000008_057401A/frame_00037.jpg,car
/Users/tontran/Library/CloudStorage/OneDrive-VisualDefenceInc/Projects/road_object_shared/raw_frames/nighttime/20250727000008_057401A/frame_00038.jpg,car
/Users/tontran/Library/CloudStorage/OneDrive-VisualDefenceInc/Projects/road_object_shared/raw_frames/nighttime/20250727000008_057401A/frame_00039.jpg,car
/Users/tontran/Library/CloudStorage/OneDrive-VisualDefenceInc/Projects/road_object_shared/raw_frames/nighttime/20250727000008_057401A/frame_00040.jpg,car
/Users/tontran/Library/CloudStorage/OneDrive-VisualDefenceInc/Projects/road_object_shared/raw_frames/nighttime/20250727000008_057401A/frame_00041.jpg,car
/Users/tontran/Library/CloudStorage/OneDrive-VisualDefenceInc/Projects/road_object_shared/raw_frames/nighttime/20250727000008_057401A/frame_00042.jpg,car
/Users/tontran/Library/CloudStorage/OneDrive-VisualDefenceInc/Projects/road_object_shared/raw_frames/nighttime/20250727000008_057401A/frame_00043.jpg,car
/Users/tontran/Library/CloudStorage/OneDrive-VisualDefenceInc/Projects/road_object_shared/raw_frames/nighttime/20250727000008_057401A/frame_00044.jpg,car
/Users/tontran/Library/CloudStorage/OneDrive-VisualDefenceInc/Projects/road_object_shared/raw_frames/nighttime/20250727000008_057401A/frame_00045.jpg,car
/Users/tontran/Library/CloudStorage/OneDrive-VisualDefenceInc/Projects/road_object_shared/raw_frames/nighttime/20250727000008_057401A/frame_00046.jpg,car
/Users/tontran/Library/CloudStorage/OneDrive-VisualDefenceInc/Projects/road_object_shared/raw_frames/nighttime/20250727000008_057401A/frame_00047.jpg,car
/Users/tontran/Library/CloudStorage/OneDrive-VisualDefenceInc/Projects/road_object_shared/raw_frames/nighttime/20250727000108_057403A/frame_00000.jpg,car
/Users/tontran/Library/CloudStorage/OneDrive-VisualDefenceInc/Projects/road_object_shared/raw_frames/nighttime/20250727000108_057403A/frame_00001.jpg,car
/Users/tontran/Library/CloudStorage/OneDrive-VisualDefenceInc/Projects/road_object_shared/raw_frames/nighttime/20250727000108_057403A/frame_00002.jpg,car
/Users/tontran/Library/CloudStorage/OneDrive-VisualDefenceInc/Projects/road_object_shared/raw_frames/nighttime/20250727000108_057403A/frame_00003.jpg,car
/Users/tontran/Library/CloudStorage/OneDrive-VisualDefenceInc/Projects/road_object_shared/raw_frames/nighttime/20250727000108_057403A/frame_00004.jpg,car
/Users/tontran/Library/CloudStorage/OneDrive-VisualDefenceInc/Projects/road_object_shared/raw_frames/nighttime/20250727000108_057403A/frame_00005.jpg,car
/Users/tontran/Library/CloudStorage/OneDrive-VisualDefenceInc/Projects/road_object_shared/raw_frames/nighttime/20250727000108_057403A/frame_00006.jpg,car
/Users/tontran/Library/CloudStorage/OneDrive-VisualDefenceInc/Projects/road_object_shared/raw_frames/nighttime/20250727000108_057403A/frame_00007.jpg,car
/Users/tontran/Library/CloudStorage/OneDrive-VisualDefenceInc/Projects/road_object_shared/raw_frames/nighttime/20250727000108_057403A/frame_00008.jpg,car
/Users/tontran/Library/CloudStorage/OneDrive-VisualDefenceInc/Projects/road_object_shared/raw_frames/nighttime/20250727000108_057403A/frame_00009.jpg,car
/Users/tontran/Library/CloudStorage/OneDrive-VisualDefenceInc/Projects/road_object_shared/raw_frames/nighttime/20250727000108_057403A/frame_00010.jpg,car
/Users/tontran/Library/CloudStorage/OneDrive-VisualDefenceInc/Projects/road_object_shared/raw_frames/nighttime/20250727000108_057403A/frame_00011.jpg,car
/Users/tontran/Library/CloudStorage/OneDrive-VisualDefenceInc/Projects/road_object_shared/raw_frames/nighttime/20250727000108_057403A/frame_00012.jpg,car
/Users/tontran/Library/CloudStorage/OneDrive-VisualDefenceInc/Projects/road_object_shared/raw_frames/nighttime/20250727000108_057403A/frame_00013.jpg,car
/Users/tontran/Library/CloudStorage/OneDrive-VisualDefenceInc/Projects/road_object_shared/raw_frames/nighttime/20250727000108_057403A/frame_00014.jpg,car
/Users/tontran/Library/CloudStorage/OneDrive-VisualDefenceInc/Projects/road_object_shared/raw_frames/nighttime/20250727000108_057403A/frame_00015.jpg,car
/Users/tontran/Library/CloudStorage/OneDrive-VisualDefenceInc/Projects/road_object_shared/raw_frames/nighttime/20250727000108_057403A/frame_00016.jpg,car
/Users/tontran/Library/CloudStorage/OneDrive-VisualDefenceInc/Projects/road_object_shared/raw_frames/nighttime/20250727000108_057403A/frame_00017.jpg,car
/Users/tontran/Library/CloudStorage/OneDrive-VisualDefenceInc/Projects/road_object_shared/raw_frames/nighttime/20250727000108_057403A/frame_00018.jpg,car
/Users/tontran/Library/CloudStorage/OneDrive-VisualDefenceInc/Projects/road_object_shared/raw_frames/nighttime/20250727000108_057403A/frame_00019.jpg,car
/Users/tontran/Library/CloudStorage/OneDrive-VisualDefenceInc/Projects/road_object_shared/raw_frames/nighttime/20250727000108_057403A/frame_00020.jpg,car
/Users/tontran/Library/CloudStorage/OneDrive-VisualDefenceInc/Projects/road_object_shared/raw_frames/nighttime/20250727000108_057403A/frame_00021.jpg,car
/Users/tontran/Library/CloudStorage/OneDrive-VisualDefenceInc/Projects/road_object_shared/raw_frames/nighttime/20250727000108_057403A/frame_00022.jpg,car
/Users/tontran/Library/CloudStorage/OneDrive-VisualDefenceInc/Projects/road_object_shared/raw_frames/nighttime/20250727000108_057403A/frame_00023.jpg,car
/Users/tontran/Library/CloudStorage/OneDrive-VisualDefenceInc/Projects/road_object_shared/raw_frames/nighttime/20250727000108_057403A/frame_00024.jpg,car
/Users/tontran/Library/CloudStorage/OneDrive-VisualDefenceInc/Projects/road_object_shared/raw_frames/nighttime/20250727000108_057403A/frame_00025.jpg,car
/Users/tontran/Library/CloudStorage/OneDrive-VisualDefenceInc/Projects/road_object_shared/raw_frames/nighttime/20250727000108_057403A/frame_00026.jpg,car
/Users/tontran/Library/CloudStorage/OneDrive-VisualDefenceInc/Projects/road_object_shared/raw_frames/nighttime/20250727000108_057403A/frame_00027.jpg,car
/Users/tontran/Library/CloudStorage/OneDrive-VisualDefenceInc/Projects/road_object_shared/raw_frames/nighttime/20250727000108_057403A/frame_00028.jpg,car
/Users/tontran/Library/CloudStorage/OneDrive-VisualDefenceInc/Projects/road_object_shared/raw_frames/nighttime/20250727000108_057403A/frame_00029.jpg,car
/Users/tontran/Library/CloudStorage/OneDrive-VisualDefenceInc/Projects/road_object_shared/raw_frames/nighttime/20250727000108_057403A/frame_00030.jpg,car
/Users/tontran/Library/CloudStorage/OneDrive-VisualDefenceInc/Projects/road_object_shared/raw_frames/nighttime/20250727000108_057403A/frame_00031.jpg,car
/Users/tontran/Library/CloudStorage/OneDrive-VisualDefenceInc/Projects/road_object_shared/raw_frames/nighttime/20250727000108_057403A/frame_00032.jpg,car
/Users/tontran/Library/CloudStorage/OneDrive-VisualDefenceInc/Projects/road_object_shared/raw_frames/nighttime/20250727000108_057403A/frame_00033.jpg,car
/Users/tontran/Library/CloudStorage/OneDrive-VisualDefenceInc/Projects/road_object_shared/raw_frames/nighttime/20250727000108_057403A/frame_00034.jpg,car
/Users/tontran/Library/CloudStorage/OneDrive-VisualDefenceInc/Projects/road_object_shared/raw_frames/nighttime/20250727000108_057403A/frame_00035.jpg,car
/Users/tontran/Library/CloudStorage/OneDrive-VisualDefenceInc/Projects/road_object_shared/raw_frames/nighttime/20250727000108_057403A/frame_00036.jpg,car
/Users/tontran/Library/CloudStorage/OneDrive-VisualDefenceInc/Projects/road_object_shared/raw_frames/nighttime/20250727000108_057403A/frame_00037.jpg,car
/Users/tontran/Library/CloudStorage/OneDrive-VisualDefenceInc/Projects/road_object_shared/raw_frames/nighttime/20250727000108_057403A/frame_00038.jpg,car
/Users/tontran/Library/CloudStorage/OneDrive-VisualDefenceInc/Projects/road_object_shared/raw_frames/nighttime/20250727000108_057403A/frame_00039.jpg,car
/Users/tontran/Library/CloudStorage/OneDrive-VisualDefenceInc/Projects/road_object_shared/raw_frames/nighttime/20250727000108_057403A/frame_00040.jpg,car
/Users/tontran/Library/CloudStorage/OneDrive-VisualDefenceInc/Projects/road_object_shared/raw_frames/nighttime/20250727000108_057403A/frame_00041.jpg,car
/Users/tontran/Library/CloudStorage/OneDrive-VisualDefenceInc/Projects/road_object_shared/raw_frames/nighttime/20250727000108_057403A/frame_00042.jpg,car
/Users/tontran/Library/CloudStorage/OneDrive-VisualDefenceInc/Projects/road_object_shared/raw_frames/nighttime/20250727000108_057403A/frame_00043.jpg,car
/Users/tontran/Library/CloudStorage/OneDrive-VisualDefenceInc/Projects/road_object_shared/raw_frames/nighttime/20250727000108_057403A/frame_00044.jpg,car
/Users/tontran/Library/CloudStorage/OneDrive-VisualDefenceInc/Projects/road_object_shared/raw_frames/nighttime/20250727000108_057403A/frame_00045.jpg,car
/Users/tontran/Library/CloudStorage/OneDrive-VisualDefenceInc/Projects/road_object_shared/raw_frames/nighttime/20250727000108_057403A/frame_00046.jpg,car
/Users/tontran/Library/CloudStorage/OneDrive-VisualDefenceInc/Projects/road_object_shared/raw_frames/nighttime/20250727000108_057403A/frame_00047.jpg,car
/Users/tontran/Library/CloudStorage/OneDrive-VisualDefenceInc/Projects/road_object_shared/raw_frames/nighttime/20250727000208_057405A/frame_00000.jpg,car
/Users/tontran/Library/CloudStorage/OneDrive-VisualDefenceInc/Projects/road_object_shared/raw_frames/nighttime/20250727000208_057405A/frame_00001.jpg,car
/Users/tontran/Library/CloudStorage/OneDrive-VisualDefenceInc/Projects/road_object_shared/raw_frames/nighttime/20250727000208_057405A/frame_00002.jpg,car
/Users/tontran/Library/CloudStorage/OneDrive-VisualDefenceInc/Projects/road_object_shared/raw_frames/nighttime/20250727000208_057405A/frame_00003.jpg,car
/Users/tontran/Library/CloudStorage/OneDrive-VisualDefenceInc/Projects/road_object_shared/raw_frames/nighttime/20250727000208_057405A/frame_00004.jpg,car
/Users/tontran/Library/CloudStorage/OneDrive-VisualDefenceInc/Projects/road_object_shared/raw_frames/nighttime/20250727000208_057405A/frame_00005.jpg,car
/Users/tontran/Library/CloudStorage/OneDrive-VisualDefenceInc/Projects/road_object_shared/raw_frames/nighttime/20250727000208_057405A/frame_00006.jpg,car
/Users/tontran/Library/CloudStorage/OneDrive-VisualDefenceInc/Projects/road_object_shared/raw_frames/nighttime/20250727000208_057405A/frame_00007.jpg,car
/Users/tontran/Library/CloudStorage/OneDrive-VisualDefenceInc/Projects/road_object_shared/raw_frames/nighttime/20250727000208_057405A/frame_00008.jpg,car
/Users/tontran/Library/CloudStorage/OneDrive-VisualDefenceInc/Projects/road_object_shared/raw_frames/nighttime/20250727000208_057405A/frame_00009.jpg,car
/Users/tontran/Library/CloudStorage/OneDrive-VisualDefenceInc/Projects/road_object_shared/raw_frames/nighttime/20250727000208_057405A/frame_00010.jpg,car
/Users/tontran/Library/CloudStorage/OneDrive-VisualDefenceInc/Projects/road_object_shared/raw_frames/nighttime/20250727000208_057405A/frame_00011.jpg,car
/Users/tontran/Library/CloudStorage/OneDrive-VisualDefenceInc/Projects/road_object_shared/raw_frames/nighttime/20250727000208_057405A/frame_00012.jpg,car
/Users/tontran/Library/CloudStorage/OneDrive-VisualDefenceInc/Projects/road_object_shared/raw_frames/nighttime/20250727000208_057405A/frame_00013.jpg,car
/Users/tontran/Library/CloudStorage/OneDrive-VisualDefenceInc/Projects/road_object_shared/raw_frames/nighttime/20250727000208_057405A/frame_00014.jpg,car
/Users/tontran/Library/CloudStorage/OneDrive-VisualDefenceInc/Projects/road_object_shared/raw_frames/nighttime/20250727000208_057405A/frame_00015.jpg,car
/Users/tontran/Library/CloudStorage/OneDrive-VisualDefenceInc/Projects/road_object_shared/raw_frames/nighttime/20250727000208_057405A/frame_00016.jpg,car
/Users/tontran/Library/CloudStorage/OneDrive-VisualDefenceInc/Projects/road_object_shared/raw_frames/nighttime/20250727000208_057405A/frame_00017.jpg,car
/Users/tontran/Library/CloudStorage/OneDrive-VisualDefenceInc/Projects/road_object_shared/raw_frames/nighttime/20250727000208_057405A/frame_00018.jpg,car
/Users/tontran/Library/CloudStorage/OneDrive-VisualDefenceInc/Projects/road_object_shared/raw_frames/nighttime/20250727000208_057405A/frame_00019.jpg,car
/Users/tontran/Library/CloudStorage/OneDrive-VisualDefenceInc/Projects/road_object_shared/raw_frames/nighttime/20250727000208_057405A/frame_00020.jpg,car
/Users/tontran/Library/CloudStorage/OneDrive-VisualDefenceInc/Projects/road_object_shared/raw_frames/nighttime/20250727000208_057405A/frame_00021.jpg,car
/Users/tontran/Library/CloudStorage/OneDrive-VisualDefenceInc/Projects/road_object_shared/raw_frames/nighttime/20250727000208_057405A/frame_00022.jpg,car
/Users/tontran/Library/CloudStorage/OneDrive-VisualDefenceInc/Projects/road_object_shared/raw_frames/nighttime/20250727000208_057405A/frame_00023.jpg,car
/Users/tontran/Library/CloudStorage/OneDrive-VisualDefenceInc/Projects/road_object_shared/raw_frames/nighttime/20250727000208_057405A/frame_00024.jpg,car
/Users/tontran/Library/CloudStorage/OneDrive-VisualDefenceInc/Projects/road_object_shared/raw_frames/nighttime/20250727000208_057405A/frame_00025.jpg,car
/Users/tontran/Library/CloudStorage/OneDrive-VisualDefenceInc/Projects/road_object_shared/raw_frames/nighttime/20250727000208_057405A/frame_00026.jpg,car
/Users/tontran/Library/CloudStorage/OneDrive-VisualDefenceInc/Projects/road_object_shared/raw_frames/nighttime/20250727000208_057405A/frame_00027.jpg,car
/Users/tontran/Library/CloudStorage/OneDrive-VisualDefenceInc/Projects/road_object_shared/raw_frames/nighttime/20250727000208_057405A/frame_00028.jpg,car
/Users/tontran/Library/CloudStorage/OneDrive-VisualDefenceInc/Projects/road_object_shared/raw_frames/nighttime/20250727000208_057405A/frame_00029.jpg,car
/Users/tontran/Library/CloudStorage/OneDrive-VisualDefenceInc/Projects/road_object_shared/raw_frames/nighttime/20250727000208_057405A/frame_00030.jpg,car
/Users/tontran/Library/CloudStorage/OneDrive-VisualDefenceInc/Projects/road_object_shared/raw_frames/nighttime/20250727000208_057405A/frame_00031.jpg,car
/Users/tontran/Library/CloudStorage/OneDrive-VisualDefenceInc/Projects/road_object_shared/raw_frames/nighttime/20250727000208_057405A/frame_00032.jpg,car
/Users/tontran/Library/CloudStorage/OneDrive-VisualDefenceInc/Projects/road_object_shared/raw_frames/nighttime/20250727000208_057405A/frame_00033.jpg,car
/Users/tontran/Library/CloudStorage/OneDrive-VisualDefenceInc/Projects/road_object_shared/raw_frames/nighttime/20250727000208_057405A/frame_00034.jpg,car
/Users/tontran/Library/CloudStorage/OneDrive-VisualDefenceInc/Projects/road_object_shared/raw_frames/nighttime/20250727000208_057405A/frame_00035.jpg,car
/Users/tontran/Library/CloudStorage/OneDrive-VisualDefenceInc/Projects/road_object_shared/raw_frames/nighttime/20250727000208_057405A/frame_00036.jpg,car
/Users/tontran/Library/CloudStorage/OneDrive-VisualDefenceInc/Projects/road_object_shared/raw_frames/nighttime/20250727000208_057405A/frame_00037.jpg,car
/Users/tontran/Library/CloudStorage/OneDrive-VisualDefenceInc/Projects/road_object_shared/raw_frames/nighttime/20250727000208_057405A/frame_00038.jpg,car
/Users/tontran/Library/CloudStorage/OneDrive-VisualDefenceInc/Projects/road_object_shared/raw_frames/nighttime/20250727000208_057405A/frame_00039.jpg,car
/Users/tontran/Library/CloudStorage/OneDrive-VisualDefenceInc/Projects/road_object_shared/raw_frames/nighttime/20250727000208_057405A/frame_00040.jpg,car
/Users/tontran/Library/CloudStorage/OneDrive-VisualDefenceInc/Projects/road_object_shared/raw_frames/nighttime/20250727000208_057405A/frame_00041.jpg,car
/Users/tontran/Library/CloudStorage/OneDrive-VisualDefenceInc/Projects/road_object_shared/raw_frames/nighttime/20250727000208_057405A/frame_00042.jpg,car
/Users/tontran/Library/CloudStorage/OneDrive-VisualDefenceInc/Projects/road_object_shared/raw_frames/nighttime/20250727000208_057405A/frame_00043.jpg,car
/Users/tontran/Library/CloudStorage/OneDrive-VisualDefenceInc/Projects/road_object_shared/raw_frames/nighttime/20250727000208_057405A/frame_00044.jpg,car
/Users/tontran/Library/CloudStorage/OneDrive-VisualDefenceInc/Projects/road_object_shared/raw_frames/nighttime/20250727000208_057405A/frame_00045.jpg,car
/Users/tontran/Library/CloudStorage/OneDrive-VisualDefenceInc/Projects/road_object_shared/raw_frames/nighttime/20250727000208_057405A/frame_00046.jpg,car
/Users/tontran/Library/CloudStorage/OneDrive-VisualDefenceInc/Projects/road_object_shared/raw_frames/nighttime/20250727000208_057405A/frame_00047.jpg,car
/Users/tontran/Library/CloudStorage/OneDrive-VisualDefenceInc/Projects/road_object_shared/raw_frames/nighttime/20250727000308_057407A/frame_00000.jpg,car
/Users/tontran/Library/CloudStorage/OneDrive-VisualDefenceInc/Projects/road_object_shared/raw_frames/nighttime/20250727000308_057407A/frame_00001.jpg,car
/Users/tontran/Library/CloudStorage/OneDrive-VisualDefenceInc/Projects/road_object_shared/raw_frames/nighttime/20250727000308_057407A/frame_00002.jpg,car
/Users/tontran/Library/CloudStorage/OneDrive-VisualDefenceInc/Projects/road_object_shared/raw_frames/nighttime/20250727000308_057407A/frame_00003.jpg,car
/Users/tontran/Library/CloudStorage/OneDrive-VisualDefenceInc/Projects/road_object_shared/raw_frames/nighttime/20250727000308_057407A/frame_00004.jpg,car
/Users/tontran/Library/CloudStorage/OneDrive-VisualDefenceInc/Projects/road_object_shared/raw_frames/nighttime/20250727000308_057407A/frame_00005.jpg,car
/Users/tontran/Library/CloudStorage/OneDrive-VisualDefenceInc/Projects/road_object_shared/raw_frames/nighttime/20250727000308_057407A/frame_00006.jpg,car
/Users/tontran/Library/CloudStorage/OneDrive-VisualDefenceInc/Projects/road_object_shared/raw_frames/nighttime/20250727000308_057407A/frame_00007.jpg,car
/Users/tontran/Library/CloudStorage/OneDrive-VisualDefenceInc/Projects/road_object_shared/raw_frames/nighttime/20250727000308_057407A/frame_00008.jpg,car
/Users/tontran/Library/CloudStorage/OneDrive-VisualDefenceInc/Projects/road_object_shared/raw_frames/nighttime/20250727000308_057407A/frame_00009.jpg,car
/Users/tontran/Library/CloudStorage/OneDrive-VisualDefenceInc/Projects/road_object_shared/raw_frames/nighttime/20250727000308_057407A/frame_00010.jpg,car
/Users/tontran/Library/CloudStorage/OneDrive-VisualDefenceInc/Projects/road_object_shared/raw_frames/nighttime/20250727000308_057407A/frame_00011.jpg,car
/Users/tontran/Library/CloudStorage/OneDrive-VisualDefenceInc/Projects/road_object_shared/raw_frames/nighttime/20250727000308_057407A/frame_00012.jpg,car
/Users/tontran/Library/CloudStorage/OneDrive-VisualDefenceInc/Projects/road_object_shared/raw_frames/nighttime/20250727000308_057407A/frame_00013.jpg,car
/Users/tontran/Library/CloudStorage/OneDrive-VisualDefenceInc/Projects/road_object_shared/raw_frames/nighttime/20250727000308_057407A/frame_00014.jpg,car
/Users/tontran/Library/CloudStorage/OneDrive-VisualDefenceInc/Projects/road_object_shared/raw_frames/nighttime/20250727000308_057407A/frame_00015.jpg,car
/Users/tontran/Library/CloudStorage/OneDrive-VisualDefenceInc/Projects/road_object_shared/raw_frames/nighttime/20250727000308_057407A/frame_00016.jpg,car
/Users/tontran/Library/CloudStorage/OneDrive-VisualDefenceInc/Projects/road_object_shared/raw_frames/nighttime/20250727000308_057407A/frame_00017.jpg,car
/Users/tontran/Library/CloudStorage/OneDrive-VisualDefenceInc/Projects/road_object_shared/raw_frames/nighttime/20250727000308_057407A/frame_00018.jpg,car
/Users/tontran/Library/CloudStorage/OneDrive-VisualDefenceInc/Projects/road_object_shared/raw_frames/nighttime/20250727000308_057407A/frame_00019.jpg,car
/Users/tontran/Library/CloudStorage/OneDrive-VisualDefenceInc/Projects/road_object_shared/raw_frames/nighttime/20250727000308_057407A/frame_00020.jpg,
/Users/tontran/Library/CloudStorage/OneDrive-VisualDefenceInc/Projects/road_object_shared/raw_frames/nighttime/20250727000308_057407A/frame_00021.jpg,
/Users/tontran/Library/CloudStorage/OneDrive-VisualDefenceInc/Projects/road_object_shared/raw_frames/nighttime/20250727000308_057407A/frame_00022.jpg,
/Users/tontran/Library/CloudStorage/OneDrive-VisualDefenceInc/Projects/road_object_shared/raw_frames/nighttime/20250727000308_057407A/frame_00023.jpg,
/Users/tontran/Library/CloudStorage/OneDrive-VisualDefenceInc/Projects/road_object_shared/raw_frames/nighttime/20250727000308_057407A/frame_00024.jpg,
/Users/tontran/Library/CloudStorage/OneDrive-VisualDefenceInc/Projects/road_object_shared/raw_frames/nighttime/20250727000308_057407A/frame_00025.jpg,
/Users/tontran/Library/CloudStorage/OneDrive-VisualDefenceInc/Projects/road_object_shared/raw_frames/nighttime/20250727000308_057407A/frame_00026.jpg,
/Users/tontran/Library/CloudStorage/OneDrive-VisualDefenceInc/Projects/road_object_shared/raw_frames/nighttime/20250727000308_057407A/frame_00027.jpg,
/Users/tontran/Library/CloudStorage/OneDrive-VisualDefenceInc/Projects/road_object_shared/raw_frames/nighttime/20250727000308_057407A/frame_00028.jpg,
/Users/tontran/Library/CloudStorage/OneDrive-VisualDefenceInc/Projects/road_object_shared/raw_frames/nighttime/20250727000308_057407A/frame_00029.jpg,
/Users/tontran/Library/CloudStorage/OneDrive-VisualDefenceInc/Projects/road_object_shared/raw_frames/nighttime/20250727000308_057407A/frame_00030.jpg,
/Users/tontran/Library/CloudStorage/OneDrive-VisualDefenceInc/Projects/road_object_shared/raw_frames/nighttime/20250727000308_057407A/frame_00031.jpg,car
/Users/tontran/Library/CloudStorage/OneDrive-VisualDefenceInc/Projects/road_object_shared/raw_frames/nighttime/20250727000308_057407A/frame_00032.jpg,car
/Users/tontran/Library/CloudStorage/OneDrive-VisualDefenceInc/Projects/road_object_shared/raw_frames/nighttime/20250727000308_057407A/frame_00033.jpg,car
/Users/tontran/Library/CloudStorage/OneDrive-VisualDefenceInc/Projects/road_object_shared/raw_frames/nighttime/20250727000308_057407A/frame_00034.jpg,car
/Users/tontran/Library/CloudStorage/OneDrive-VisualDefenceInc/Projects/road_object_shared/raw_frames/nighttime/20250727000308_057407A/frame_00035.jpg,car
/Users/tontran/Library/CloudStorage/OneDrive-VisualDefenceInc/Projects/road_object_shared/raw_frames/nighttime/20250727000308_057407A/frame_00036.jpg,car
/Users/tontran/Library/CloudStorage/OneDrive-VisualDefenceInc/Projects/road_object_shared/raw_frames/nighttime/20250727000308_057407A/frame_00037.jpg,car
/Users/tontran/Library/CloudStorage/OneDrive-VisualDefenceInc/Projects/road_object_shared/raw_frames/nighttime/20250727000308_057407A/frame_00038.jpg,car
/Users/tontran/Library/CloudStorage/OneDrive-VisualDefenceInc/Projects/road_object_shared/raw_frames/nighttime/20250727000308_057407A/frame_00039.jpg,car
/Users/tontran/Library/CloudStorage/OneDrive-VisualDefenceInc/Projects/road_object_shared/raw_frames/nighttime/20250727000308_057407A/frame_00040.jpg,car
/Users/tontran/Library/CloudStorage/OneDrive-VisualDefenceInc/Projects/road_object_shared/raw_frames/nighttime/20250727000308_057407A/frame_00041.jpg,car
/Users/tontran/Library/CloudStorage/OneDrive-VisualDefenceInc/Projects/road_object_shared/raw_frames/nighttime/20250727000308_057407A/frame_00042.jpg,human
/Users/tontran/Library/CloudStorage/OneDrive-VisualDefenceInc/Projects/road_object_shared/raw_frames/nighttime/20250727000308_057407A/frame_00043.jpg,human
/Users/tontran/Library/CloudStorage/OneDrive-VisualDefenceInc/Projects/road_object_shared/raw_frames/nighttime/20250727000308_057407A/frame_00044.jpg,car
/Users/tontran/Library/CloudStorage/OneDrive-VisualDefenceInc/Projects/road_object_shared/raw_frames/nighttime/20250727000308_057407A/frame_00045.jpg,car
/Users/tontran/Library/CloudStorage/OneDrive-VisualDefenceInc/Projects/road_object_shared/raw_frames/nighttime/20250727000308_057407A/frame_00046.jpg,car
/Users/tontran/Library/CloudStorage/OneDrive-VisualDefenceInc/Projects/road_object_shared/raw_frames/nighttime/20250727000308_057407A/frame_00047.jpg,car
/Users/tontran/Library/CloudStorage/OneDrive-VisualDefenceInc/Projects/road_object_shared/raw_frames/nighttime/20250727000408_057409A/frame_00000.jpg,car
/Users/tontran/Library/CloudStorage/OneDrive-VisualDefenceInc/Projects/road_object_shared/raw_frames/nighttime/20250727000408_057409A/frame_00001.jpg,car
/Users/tontran/Library/CloudStorage/OneDrive-VisualDefenceInc/Projects/road_object_shared/raw_frames/nighttime/20250727000408_057409A/frame_00002.jpg,car
/Users/tontran/Library/CloudStorage/OneDrive-VisualDefenceInc/Projects/road_object_shared/raw_frames/nighttime/20250727000408_057409A/frame_00003.jpg,car
/Users/tontran/Library/CloudStorage/OneDrive-VisualDefenceInc/Projects/road_object_shared/raw_frames/nighttime/20250727000408_057409A/frame_00004.jpg,car
/Users/tontran/Library/CloudStorage/OneDrive-VisualDefenceInc/Projects/road_object_shared/raw_frames/nighttime/20250727000408_057409A/frame_00005.jpg,car
/Users/tontran/Library/CloudStorage/OneDrive-VisualDefenceInc/Projects/road_object_shared/raw_frames/nighttime/20250727000408_057409A/frame_00006.jpg,car
/Users/tontran/Library/CloudStorage/OneDrive-VisualDefenceInc/Projects/road_object_shared/raw_frames/nighttime/20250727000408_057409A/frame_00007.jpg,car
/Users/tontran/Library/CloudStorage/OneDrive-VisualDefenceInc/Projects/road_object_shared/raw_frames/nighttime/20250727000408_057409A/frame_00008.jpg,car
/Users/tontran/Library/CloudStorage/OneDrive-VisualDefenceInc/Projects/road_object_shared/raw_frames/nighttime/20250727000408_057409A/frame_00009.jpg,car
/Users/tontran/Library/CloudStorage/OneDrive-VisualDefenceInc/Projects/road_object_shared/raw_frames/nighttime/20250727000408_057409A/frame_00010.jpg,car
/Users/tontran/Library/CloudStorage/OneDrive-VisualDefenceInc/Projects/road_object_shared/raw_frames/nighttime/20250727000408_057409A/frame_00011.jpg,car
/Users/tontran/Library/CloudStorage/OneDrive-VisualDefenceInc/Projects/road_object_shared/raw_frames/nighttime/20250727000408_057409A/frame_00012.jpg,car
/Users/tontran/Library/CloudStorage/OneDrive-VisualDefenceInc/Projects/road_object_shared/raw_frames/nighttime/20250727000408_057409A/frame_00013.jpg,car
/Users/tontran/Library/CloudStorage/OneDrive-VisualDefenceInc/Projects/road_object_shared/raw_frames/nighttime/20250727000408_057409A/frame_00014.jpg,car
/Users/tontran/Library/CloudStorage/OneDrive-VisualDefenceInc/Projects/road_object_shared/raw_frames/nighttime/20250727000408_057409A/frame_00015.jpg,car
/Users/tontran/Library/CloudStorage/OneDrive-VisualDefenceInc/Projects/road_object_shared/raw_frames/nighttime/20250727000408_057409A/frame_00016.jpg,car
/Users/tontran/Library/CloudStorage/OneDrive-VisualDefenceInc/Projects/road_object_shared/raw_frames/nighttime/20250727000408_057409A/frame_00017.jpg,car
/Users/tontran/Library/CloudStorage/OneDrive-VisualDefenceInc/Projects/road_object_shared/raw_frames/nighttime/20250727000408_057409A/frame_00018.jpg,car
/Users/tontran/Library/CloudStorage/OneDrive-VisualDefenceInc/Projects/road_object_shared/raw_frames/nighttime/20250727000408_057409A/frame_00019.jpg,car
/Users/tontran/Library/CloudStorage/OneDrive-VisualDefenceInc/Projects/road_object_shared/raw_frames/nighttime/20250727000408_057409A/frame_00020.jpg,car
/Users/tontran/Library/CloudStorage/OneDrive-VisualDefenceInc/Projects/road_object_shared/raw_frames/nighttime/20250727000408_057409A/frame_00021.jpg,car
/Users/tontran/Library/CloudStorage/OneDrive-VisualDefenceInc/Projects/road_object_shared/raw_frames/nighttime/20250727000408_057409A/frame_00022.jpg,car
/Users/tontran/Library/CloudStorage/OneDrive-VisualDefenceInc/Projects/road_object_shared/raw_frames/nighttime/20250727000408_057409A/frame_00023.jpg,car
/Users/tontran/Library/CloudStorage/OneDrive-VisualDefenceInc/Projects/road_object_shared/raw_frames/nighttime/20250727000408_057409A/frame_00024.jpg,car
/Users/tontran/Library/CloudStorage/OneDrive-VisualDefenceInc/Projects/road_object_shared/raw_frames/nighttime/20250727000408_057409A/frame_00025.jpg,car
/Users/tontran/Library/CloudStorage/OneDrive-VisualDefenceInc/Projects/road_object_shared/raw_frames/nighttime/20250727000408_057409A/frame_00026.jpg,car
/Users/tontran/Library/CloudStorage/OneDrive-VisualDefenceInc/Projects/road_object_shared/raw_frames/nighttime/20250727000408_057409A/frame_00027.jpg,car
/Users/tontran/Library/CloudStorage/OneDrive-VisualDefenceInc/Projects/road_object_shared/raw_frames/nighttime/20250727000408_057409A/frame_00028.jpg,car
/Users/tontran/Library/CloudStorage/OneDrive-VisualDefenceInc/Projects/road_object_shared/raw_frames/nighttime/20250727000408_057409A/frame_00029.jpg,car
/Users/tontran/Library/CloudStorage/OneDrive-VisualDefenceInc/Projects/road_object_shared/raw_frames/nighttime/20250727000408_057409A/frame_00030.jpg,car
/Users/tontran/Library/CloudStorage/OneDrive-VisualDefenceInc/Projects/road_object_shared/raw_frames/nighttime/20250727000408_057409A/frame_00031.jpg,car
/Users/tontran/Library/CloudStorage/OneDrive-VisualDefenceInc/Projects/road_object_shared/raw_frames/nighttime/20250727000408_057409A/frame_00032.jpg,car
/Users/tontran/Library/CloudStorage/OneDrive-VisualDefenceInc/Projects/road_object_shared/raw_frames/nighttime/20250727000408_057409A/frame_00033.jpg,car
/Users/tontran/Library/CloudStorage/OneDrive-VisualDefenceInc/Projects/road_object_shared/raw_frames/nighttime/20250727000408_057409A/frame_00034.jpg,car
/Users/tontran/Library/CloudStorage/OneDrive-VisualDefenceInc/Projects/road_object_shared/raw_frames/nighttime/20250727000408_057409A/frame_00035.jpg,car
/Users/tontran/Library/CloudStorage/OneDrive-VisualDefenceInc/Projects/road_object_shared/raw_frames/nighttime/20250727000408_057409A/frame_00036.jpg,car
/Users/tontran/Library/CloudStorage/OneDrive-VisualDefenceInc/Projects/road_object_shared/raw_frames/nighttime/20250727000408_057409A/frame_00037.jpg,car
/Users/tontran/Library/CloudStorage/OneDrive-VisualDefenceInc/Projects/road_object_shared/raw_frames/nighttime/20250727000408_057409A/frame_00038.jpg,car
/Users/tontran/Library/CloudStorage/OneDrive-VisualDefenceInc/Projects/road_object_shared/raw_frames/nighttime/20250727000408_057409A/frame_00039.jpg,car
/Users/tontran/Library/CloudStorage/OneDrive-VisualDefenceInc/Projects/road_object_shared/raw_frames/nighttime/20250727000408_057409A/frame_00040.jpg,car
/Users/tontran/Library/CloudStorage/OneDrive-VisualDefenceInc/Projects/road_object_shared/raw_frames/nighttime/20250727000408_057409A/frame_00041.jpg,car
/Users/tontran/Library/CloudStorage/OneDrive-VisualDefenceInc/Projects/road_object_shared/raw_frames/nighttime/20250727000408_057409A/frame_00042.jpg,car
/Users/tontran/Library/CloudStorage/OneDrive-VisualDefenceInc/Projects/road_object_shared/raw_frames/nighttime/20250727000408_057409A/frame_00043.jpg,car
/Users/tontran/Library/CloudStorage/OneDrive-VisualDefenceInc/Projects/road_object_shared/raw_frames/nighttime/20250727000408_057409A/frame_00044.jpg,car
/Users/tontran/Library/CloudStorage/OneDrive-VisualDefenceInc/Projects/road_object_shared/raw_frames/nighttime/20250727000408_057409A/frame_00045.jpg,car
/Users/tontran/Library/CloudStorage/OneDrive-VisualDefenceInc/Projects/road_object_shared/raw_frames/nighttime/20250727000408_057409A/frame_00046.jpg,car
/Users/tontran/Library/CloudStorage/OneDrive-VisualDefenceInc/Projects/road_object_shared/raw_frames/nighttime/20250727000408_057409A/frame_00047.jpg,car
/Users/tontran/Library/CloudStorage/OneDrive-VisualDefenceInc/Projects/road_object_shared/raw_frames/nighttime/20250727000508_057411A/frame_00000.jpg,car
/Users/tontran/Library/CloudStorage/OneDrive-VisualDefenceInc/Projects/road_object_shared/raw_frames/nighttime/20250727000508_057411A/frame_00001.jpg,car
/Users/tontran/Library/CloudStorage/OneDrive-VisualDefenceInc/Projects/road_object_shared/raw_frames/nighttime/20250727000508_057411A/frame_00002.jpg,car
/Users/tontran/Library/CloudStorage/OneDrive-VisualDefenceInc/Projects/road_object_shared/raw_frames/nighttime/20250727000508_057411A/frame_00003.jpg,car
/Users/tontran/Library/CloudStorage/OneDrive-VisualDefenceInc/Projects/road_object_shared/raw_frames/nighttime/20250727000508_057411A/frame_00004.jpg,car
/Users/tontran/Library/CloudStorage/OneDrive-VisualDefenceInc/Projects/road_object_shared/raw_frames/nighttime/20250727000508_057411A/frame_00005.jpg,car
/Users/tontran/Library/CloudStorage/OneDrive-VisualDefenceInc/Projects/road_object_shared/raw_frames/nighttime/20250727000508_057411A/frame_00006.jpg,car
/Users/tontran/Library/CloudStorage/OneDrive-VisualDefenceInc/Projects/road_object_shared/raw_frames/nighttime/20250727000508_057411A/frame_00007.jpg,car
/Users/tontran/Library/CloudStorage/OneDrive-VisualDefenceInc/Projects/road_object_shared/raw_frames/nighttime/20250727000508_057411A/frame_00008.jpg,car
/Users/tontran/Library/CloudStorage/OneDrive-VisualDefenceInc/Projects/road_object_shared/raw_frames/nighttime/20250727000508_057411A/frame_00009.jpg,car
/Users/tontran/Library/CloudStorage/OneDrive-VisualDefenceInc/Projects/road_object_shared/raw_frames/nighttime/20250727000508_057411A/frame_00010.jpg,car
/Users/tontran/Library/CloudStorage/OneDrive-VisualDefenceInc/Projects/road_object_shared/raw_frames/nighttime/20250727000508_057411A/frame_00011.jpg,car
/Users/tontran/Library/CloudStorage/OneDrive-VisualDefenceInc/Projects/road_object_shared/raw_frames/nighttime/20250727000508_057411A/frame_00012.jpg,car
/Users/tontran/Library/CloudStorage/OneDrive-VisualDefenceInc/Projects/road_object_shared/raw_frames/nighttime/20250727000508_057411A/frame_00013.jpg,car
/Users/tontran/Library/CloudStorage/OneDrive-VisualDefenceInc/Projects/road_object_shared/raw_frames/nighttime/20250727000508_057411A/frame_00014.jpg,car
/Users/tontran/Library/CloudStorage/OneDrive-VisualDefenceInc/Projects/road_object_shared/raw_frames/nighttime/20250727000508_057411A/frame_00015.jpg,car
/Users/tontran/Library/CloudStorage/OneDrive-VisualDefenceInc/Projects/road_object_shared/raw_frames/nighttime/20250727000508_057411A/frame_00016.jpg,car
/Users/tontran/Library/CloudStorage/OneDrive-VisualDefenceInc/Projects/road_object_shared/raw_frames/nighttime/20250727000508_057411A/frame_00017.jpg,car
/Users/tontran/Library/CloudStorage/OneDrive-VisualDefenceInc/Projects/road_object_shared/raw_frames/nighttime/20250727000508_057411A/frame_00018.jpg,car
/Users/tontran/Library/CloudStorage/OneDrive-VisualDefenceInc/Projects/road_object_shared/raw_frames/nighttime/20250727000508_057411A/frame_00019.jpg,car
/Users/tontran/Library/CloudStorage/OneDrive-VisualDefenceInc/Projects/road_object_shared/raw_frames/nighttime/20250727000508_057411A/frame_00020.jpg,car
/Users/tontran/Library/CloudStorage/OneDrive-VisualDefenceInc/Projects/road_object_shared/raw_frames/nighttime/20250727000508_057411A/frame_00021.jpg,car
/Users/tontran/Library/CloudStorage/OneDrive-VisualDefenceInc/Projects/road_object_shared/raw_frames/nighttime/20250727000508_057411A/frame_00022.jpg,car
/Users/tontran/Library/CloudStorage/OneDrive-VisualDefenceInc/Projects/road_object_shared/raw_frames/nighttime/20250727000508_057411A/frame_00023.jpg,car
/Users/tontran/Library/CloudStorage/OneDrive-VisualDefenceInc/Projects/road_object_shared/raw_frames/nighttime/20250727000508_057411A/frame_00024.jpg,car
/Users/tontran/Library/CloudStorage/OneDrive-VisualDefenceInc/Projects/road_object_shared/raw_frames/nighttime/20250727000508_057411A/frame_00025.jpg,car
/Users/tontran/Library/CloudStorage/OneDrive-VisualDefenceInc/Projects/road_object_shared/raw_frames/nighttime/20250727000508_057411A/frame_00026.jpg,car
/Users/tontran/Library/CloudStorage/OneDrive-VisualDefenceInc/Projects/road_object_shared/raw_frames/nighttime/20250727000508_057411A/frame_00027.jpg,car
/Users/tontran/Library/CloudStorage/OneDrive-VisualDefenceInc/Projects/road_object_shared/raw_frames/nighttime/20250727000508_057411A/frame_00028.jpg,car
/Users/tontran/Library/CloudStorage/OneDrive-VisualDefenceInc/Projects/road_object_shared/raw_frames/nighttime/20250727000508_057411A/frame_00029.jpg,car
/Users/tontran/Library/CloudStorage/OneDrive-VisualDefenceInc/Projects/road_object_shared/raw_frames/nighttime/20250727000508_057411A/frame_00030.jpg,car
/Users/tontran/Library/CloudStorage/OneDrive-VisualDefenceInc/Projects/road_object_shared/raw_frames/nighttime/20250727000508_057411A/frame_00031.jpg,car
/Users/tontran/Library/CloudStorage/OneDrive-VisualDefenceInc/Projects/road_object_shared/raw_frames/nighttime/20250727000508_057411A/frame_00032.jpg,car
/Users/tontran/Library/CloudStorage/OneDrive-VisualDefenceInc/Projects/road_object_shared/raw_frames/nighttime/20250727000508_057411A/frame_00033.jpg,car
/Users/tontran/Library/CloudStorage/OneDrive-VisualDefenceInc/Projects/road_object_shared/raw_frames/nighttime/20250727000508_057411A/frame_00034.jpg,car
/Users/tontran/Library/CloudStorage/OneDrive-VisualDefenceInc/Projects/road_object_shared/raw_frames/nighttime/20250727000508_057411A/frame_00035.jpg,car
/Users/tontran/Library/CloudStorage/OneDrive-VisualDefenceInc/Projects/road_object_shared/raw_frames/nighttime/20250727000508_057411A/frame_00036.jpg,car
/Users/tontran/Library/CloudStorage/OneDrive-VisualDefenceInc/Projects/road_object_shared/raw_frames/nighttime/20250727000508_057411A/frame_00037.jpg,car
/Users/tontran/Library/CloudStorage/OneDrive-VisualDefenceInc/Projects/road_object_shared/raw_frames/nighttime/20250727000508_057411A/frame_00038.jpg,car
/Users/tontran/Library/CloudStorage/OneDrive-VisualDefenceInc/Projects/road_object_shared/raw_frames/nighttime/20250727000508_057411A/frame_00039.jpg,car
/Users/tontran/Library/CloudStorage/OneDrive-VisualDefenceInc/Projects/road_object_shared/raw_frames/nighttime/20250727000508_057411A/frame_00040.jpg,car
/Users/tontran/Library/CloudStorage/OneDrive-VisualDefenceInc/Projects/road_object_shared/raw_frames/nighttime/20250727000508_057411A/frame_00041.jpg,car
/Users/tontran/Library/CloudStorage/OneDrive-VisualDefenceInc/Projects/road_object_shared/raw_frames/nighttime/20250727000508_057411A/frame_00042.jpg,car
/Users/tontran/Library/CloudStorage/OneDrive-VisualDefenceInc/Projects/road_object_shared/raw_frames/nighttime/20250727000508_057411A/frame_00043.jpg,car
/Users/tontran/Library/CloudStorage/OneDrive-VisualDefenceInc/Projects/road_object_shared/raw_frames/nighttime/20250727000508_057411A/frame_00044.jpg,car
/Users/tontran/Library/CloudStorage/OneDrive-VisualDefenceInc/Projects/road_object_shared/raw_frames/nighttime/20250727000508_057411A/frame_00045.jpg,car
/Users/tontran/Library/CloudStorage/OneDrive-VisualDefenceInc/Projects/road_object_shared/raw_frames/nighttime/20250727000508_057411A/frame_00046.jpg,car
/Users/tontran/Library/CloudStorage/OneDrive-VisualDefenceInc/Projects/road_object_shared/raw_frames/nighttime/20250727000508_057411A/frame_00047.jpg,car
/Users/tontran/Library/CloudStorage/OneDrive-VisualDefenceInc/Projects/road_object_shared/raw_frames/nighttime/20250727000608_057413A/frame_00000.jpg,car
/Users/tontran/Library/CloudStorage/OneDrive-VisualDefenceInc/Projects/road_object_shared/raw_frames/nighttime/20250727000608_057413A/frame_00001.jpg,car
/Users/tontran/Library/CloudStorage/OneDrive-VisualDefenceInc/Projects/road_object_shared/raw_frames/nighttime/20250727000608_057413A/frame_00002.jpg,car
/Users/tontran/Library/CloudStorage/OneDrive-VisualDefenceInc/Projects/road_object_shared/raw_frames/nighttime/20250727000608_057413A/frame_00003.jpg,
/Users/tontran/Library/CloudStorage/OneDrive-VisualDefenceInc/Projects/road_object_shared/raw_frames/nighttime/20250727000608_057413A/frame_00004.jpg,
/Users/tontran/Library/CloudStorage/OneDrive-VisualDefenceInc/Projects/road_object_shared/raw_frames/nighttime/20250727000608_057413A/frame_00005.jpg,
/Users/tontran/Library/CloudStorage/OneDrive-VisualDefenceInc/Projects/road_object_shared/raw_frames/nighttime/20250727000608_057413A/frame_00006.jpg,
/Users/tontran/Library/CloudStorage/OneDrive-VisualDefenceInc/Projects/road_object_shared/raw_frames/nighttime/20250727000608_057413A/frame_00007.jpg,
/Users/tontran/Library/CloudStorage/OneDrive-VisualDefenceInc/Projects/road_object_shared/raw_frames/nighttime/20250727000608_057413A/frame_00008.jpg,
/Users/tontran/Library/CloudStorage/OneDrive-VisualDefenceInc/Projects/road_object_shared/raw_frames/nighttime/20250727000608_057413A/frame_00009.jpg,
/Users/tontran/Library/CloudStorage/OneDrive-VisualDefenceInc/Projects/road_object_shared/raw_frames/nighttime/20250727000608_057413A/frame_00010.jpg,
/Users/tontran/Library/CloudStorage/OneDrive-VisualDefenceInc/Projects/road_object_shared/raw_frames/nighttime/20250727000608_057413A/frame_00011.jpg,
/Users/tontran/Library/CloudStorage/OneDrive-VisualDefenceInc/Projects/road_object_shared/raw_frames/nighttime/20250727000608_057413A/frame_00012.jpg,
/Users/tontran/Library/CloudStorage/OneDrive-VisualDefenceInc/Projects/road_object_shared/raw_frames/nighttime/20250727000608_057413A/frame_00013.jpg,
/Users/tontran/Library/CloudStorage/OneDrive-VisualDefenceInc/Projects/road_object_shared/raw_frames/nighttime/20250727000608_057413A/frame_00014.jpg,
/Users/tontran/Library/CloudStorage/OneDrive-VisualDefenceInc/Projects/road_object_shared/raw_frames/nighttime/20250727000608_057413A/frame_00015.jpg,
/Users/tontran/Library/CloudStorage/OneDrive-VisualDefenceInc/Projects/road_object_shared/raw_frames/nighttime/20250727000608_057413A/frame_00016.jpg,
/Users/tontran/Library/CloudStorage/OneDrive-VisualDefenceInc/Projects/road_object_shared/raw_frames/nighttime/20250727000608_057413A/frame_00017.jpg,
/Users/tontran/Library/CloudStorage/OneDrive-VisualDefenceInc/Projects/road_object_shared/raw_frames/nighttime/20250727000608_057413A/frame_00018.jpg,
/Users/tontran/Library/CloudStorage/OneDrive-VisualDefenceInc/Projects/road_object_shared/raw_frames/nighttime/20250727000608_057413A/frame_00019.jpg,
/Users/tontran/Library/CloudStorage/OneDrive-VisualDefenceInc/Projects/road_object_shared/raw_frames/nighttime/20250727000608_057413A/frame_00020.jpg,
/Users/tontran/Library/CloudStorage/OneDrive-VisualDefenceInc/Projects/road_object_shared/raw_frames/nighttime/20250727000608_057413A/frame_00021.jpg,
/Users/tontran/Library/CloudStorage/OneDrive-VisualDefenceInc/Projects/road_object_shared/raw_frames/nighttime/20250727000608_057413A/frame_00022.jpg,
/Users/tontran/Library/CloudStorage/OneDrive-VisualDefenceInc/Projects/road_object_shared/raw_frames/nighttime/20250727000608_057413A/frame_00023.jpg,
/Users/tontran/Library/CloudStorage/OneDrive-VisualDefenceInc/Projects/road_object_shared/raw_frames/nighttime/20250727000608_057413A/frame_00024.jpg,
/Users/tontran/Library/CloudStorage/OneDrive-VisualDefenceInc/Projects/road_object_shared/raw_frames/nighttime/20250727000608_057413A/frame_00025.jpg,
/Users/tontran/Library/CloudStorage/OneDrive-VisualDefenceInc/Projects/road_object_shared/raw_frames/nighttime/20250727000608_057413A/frame_00026.jpg,
/Users/tontran/Library/CloudStorage/OneDrive-VisualDefenceInc/Projects/road_object_shared/raw_frames/nighttime/20250727000608_057413A/frame_00027.jpg,
/Users/tontran/Library/CloudStorage/OneDrive-VisualDefenceInc/Projects/road_object_shared/raw_frames/nighttime/20250727000608_057413A/frame_00028.jpg,
/Users/tontran/Library/CloudStorage/OneDrive-VisualDefenceInc/Projects/road_object_shared/raw_frames/nighttime/20250727000608_057413A/frame_00029.jpg,car
/Users/tontran/Library/CloudStorage/OneDrive-VisualDefenceInc/Projects/road_object_shared/raw_frames/nighttime/20250727000608_057413A/frame_00030.jpg,
/Users/tontran/Library/CloudStorage/OneDrive-VisualDefenceInc/Projects/road_object_shared/raw_frames/nighttime/20250727000608_057413A/frame_00031.jpg,
/Users/tontran/Library/CloudStorage/OneDrive-VisualDefenceInc/Projects/road_object_shared/raw_frames/nighttime/20250727000608_057413A/frame_00032.jpg,
/Users/tontran/Library/CloudStorage/OneDrive-VisualDefenceInc/Projects/road_object_shared/raw_frames/nighttime/20250727000608_057413A/frame_00033.jpg,
/Users/tontran/Library/CloudStorage/OneDrive-VisualDefenceInc/Projects/road_object_shared/raw_frames/nighttime/20250727000608_057413A/frame_00034.jpg,
/Users/tontran/Library/CloudStorage/OneDrive-VisualDefenceInc/Projects/road_object_shared/raw_frames/nighttime/20250727000608_057413A/frame_00035.jpg,
/Users/tontran/Library/CloudStorage/OneDrive-VisualDefenceInc/Projects/road_object_shared/raw_frames/nighttime/20250727000608_057413A/frame_00036.jpg,
/Users/tontran/Library/CloudStorage/OneDrive-VisualDefenceInc/Projects/road_object_shared/raw_frames/nighttime/20250727000608_057413A/frame_00037.jpg,
/Users/tontran/Library/CloudStorage/OneDrive-VisualDefenceInc/Projects/road_object_shared/raw_frames/nighttime/20250727000608_057413A/frame_00038.jpg,
/Users/tontran/Library/CloudStorage/OneDrive-VisualDefenceInc/Projects/road_object_shared/raw_frames/nighttime/20250727000608_057413A/frame_00039.jpg,
/Users/tontran/Library/CloudStorage/OneDrive-VisualDefenceInc/Projects/road_object_shared/raw_frames/nighttime/20250727000608_057413A/frame_00040.jpg,
/Users/tontran/Library/CloudStorage/OneDrive-VisualDefenceInc/Projects/road_object_shared/raw_frames/nighttime/20250727000608_057413A/frame_00041.jpg,
/Users/tontran/Library/CloudStorage/OneDrive-VisualDefenceInc/Projects/road_object_shared/raw_frames/nighttime/20250727000608_057413A/frame_00042.jpg,
/Users/tontran/Library/CloudStorage/OneDrive-VisualDefenceInc/Projects/road_object_shared/raw_frames/nighttime/20250727000608_057413A/frame_00043.jpg,
/Users/tontran/Library/CloudStorage/OneDrive-VisualDefenceInc/Projects/road_object_shared/raw_frames/nighttime/20250727000608_057413A/frame_00044.jpg,
/Users/tontran/Library/CloudStorage/OneDrive-VisualDefenceInc/Projects/road_object_shared/raw_frames/nighttime/20250727000608_057413A/frame_00045.jpg,
/Users/tontran/Library/CloudStorage/OneDrive-VisualDefenceInc/Projects/road_object_shared/raw_frames/nighttime/20250727000608_057413A/frame_00046.jpg,
/Users/tontran/Library/CloudStorage/OneDrive-VisualDefenceInc/Projects/road_object_shared/raw_frames/nighttime/20250727000608_057413A/frame_00047.jpg,
/Users/tontran/Library/CloudStorage/OneDrive-VisualDefenceInc/Projects/road_object_shared/raw_frames/nighttime/20250727000708_057415A/frame_00000.jpg,
/Users/tontran/Library/CloudStorage/OneDrive-VisualDefenceInc/Projects/road_object_shared/raw_frames/nighttime/20250727000708_057415A/frame_00001.jpg,
/Users/tontran/Library/CloudStorage/OneDrive-VisualDefenceInc/Projects/road_object_shared/raw_frames/nighttime/20250727000708_057415A/frame_00002.jpg,
/Users/tontran/Library/CloudStorage/OneDrive-VisualDefenceInc/Projects/road_object_shared/raw_frames/nighttime/20250727000708_057415A/frame_00003.jpg,
/Users/tontran/Library/CloudStorage/OneDrive-VisualDefenceInc/Projects/road_object_shared/raw_frames/nighttime/20250727000708_057415A/frame_00004.jpg,
/Users/tontran/Library/CloudStorage/OneDrive-VisualDefenceInc/Projects/road_object_shared/raw_frames/nighttime/20250727000708_057415A/frame_00005.jpg,
/Users/tontran/Library/CloudStorage/OneDrive-VisualDefenceInc/Projects/road_object_shared/raw_frames/nighttime/20250727000708_057415A/frame_00006.jpg,
/Users/tontran/Library/CloudStorage/OneDrive-VisualDefenceInc/Projects/road_object_shared/raw_frames/nighttime/20250727000708_057415A/frame_00007.jpg,
/Users/tontran/Library/CloudStorage/OneDrive-VisualDefenceInc/Projects/road_object_shared/raw_frames/nighttime/20250727000708_057415A/frame_00008.jpg,
/Users/tontran/Library/CloudStorage/OneDrive-VisualDefenceInc/Projects/road_object_shared/raw_frames/nighttime/20250727000708_057415A/frame_00009.jpg,
/Users/tontran/Library/CloudStorage/OneDrive-VisualDefenceInc/Projects/road_object_shared/raw_frames/nighttime/20250727000708_057415A/frame_00010.jpg,
/Users/tontran/Library/CloudStorage/OneDrive-VisualDefenceInc/Projects/road_object_shared/raw_frames/nighttime/20250727000708_057415A/frame_00011.jpg,
/Users/tontran/Library/CloudStorage/OneDrive-VisualDefenceInc/Projects/road_object_shared/raw_frames/nighttime/20250727000708_057415A/frame_00012.jpg,
/Users/tontran/Library/CloudStorage/OneDrive-VisualDefenceInc/Projects/road_object_shared/raw_frames/nighttime/20250727000708_057415A/frame_00013.jpg,
/Users/tontran/Library/CloudStorage/OneDrive-VisualDefenceInc/Projects/road_object_shared/raw_frames/nighttime/20250727000708_057415A/frame_00014.jpg,
/Users/tontran/Library/CloudStorage/OneDrive-VisualDefenceInc/Projects/road_object_shared/raw_frames/nighttime/20250727000708_057415A/frame_00015.jpg,
/Users/tontran/Library/CloudStorage/OneDrive-VisualDefenceInc/Projects/road_object_shared/raw_frames/nighttime/20250727000708_057415A/frame_00016.jpg,
/Users/tontran/Library/CloudStorage/OneDrive-VisualDefenceInc/Projects/road_object_shared/raw_frames/nighttime/20250727000708_057415A/frame_00017.jpg,
/Users/tontran/Library/CloudStorage/OneDrive-VisualDefenceInc/Projects/road_object_shared/raw_frames/nighttime/20250727000708_057415A/frame_00018.jpg,
/Users/tontran/Library/CloudStorage/OneDrive-VisualDefenceInc/Projects/road_object_shared/raw_frames/nighttime/20250727000708_057415A/frame_00019.jpg,
/Users/tontran/Library/CloudStorage/OneDrive-VisualDefenceInc/Projects/road_object_shared/raw_frames/nighttime/20250727000708_057415A/frame_00020.jpg,
/Users/tontran/Library/CloudStorage/OneDrive-VisualDefenceInc/Projects/road_object_shared/raw_frames/nighttime/20250727000708_057415A/frame_00021.jpg,
/Users/tontran/Library/CloudStorage/OneDrive-VisualDefenceInc/Projects/road_object_shared/raw_frames/nighttime/20250727000708_057415A/frame_00022.jpg,
/Users/tontran/Library/CloudStorage/OneDrive-VisualDefenceInc/Projects/road_object_shared/raw_frames/nighttime/20250727000708_057415A/frame_00023.jpg,
/Users/tontran/Library/CloudStorage/OneDrive-VisualDefenceInc/Projects/road_object_shared/raw_frames/nighttime/20250727000708_057415A/frame_00024.jpg,
/Users/tontran/Library/CloudStorage/OneDrive-VisualDefenceInc/Projects/road_object_shared/raw_frames/nighttime/20250727000708_057415A/frame_00025.jpg,
/Users/tontran/Library/CloudStorage/OneDrive-VisualDefenceInc/Projects/road_object_shared/raw_frames/nighttime/20250727000708_057415A/frame_00026.jpg,
/Users/tontran/Library/CloudStorage/OneDrive-VisualDefenceInc/Projects/road_object_shared/raw_frames/nighttime/20250727000708_057415A/frame_00027.jpg,
/Users/tontran/Library/CloudStorage/OneDrive-VisualDefenceInc/Projects/road_object_shared/raw_frames/nighttime/20250727000708_057415A/frame_00028.jpg,
/Users/tontran/Library/CloudStorage/OneDrive-VisualDefenceInc/Projects/road_object_shared/raw_frames/nighttime/20250727000708_057415A/frame_00029.jpg,
/Users/tontran/Library/CloudStorage/OneDrive-VisualDefenceInc/Projects/road_object_shared/raw_frames/nighttime/20250727000708_057415A/frame_00030.jpg,
/Users/tontran/Library/CloudStorage/OneDrive-VisualDefenceInc/Projects/road_object_shared/raw_frames/nighttime/20250727000708_057415A/frame_00031.jpg,
/Users/tontran/Library/CloudStorage/OneDrive-VisualDefenceInc/Projects/road_object_shared/raw_frames/nighttime/20250727000708_057415A/frame_00032.jpg,
/Users/tontran/Library/CloudStorage/OneDrive-VisualDefenceInc/Projects/road_object_shared/raw_frames/nighttime/20250727000708_057415A/frame_00033.jpg,
/Users/tontran/Library/CloudStorage/OneDrive-VisualDefenceInc/Projects/road_object_shared/raw_frames/nighttime/20250727000708_057415A/frame_00034.jpg,
/Users/tontran/Library/CloudStorage/OneDrive-VisualDefenceInc/Projects/road_object_shared/raw_frames/nighttime/20250727000708_057415A/frame_00035.jpg,
/Users/tontran/Library/CloudStorage/OneDrive-VisualDefenceInc/Projects/road_object_shared/raw_frames/nighttime/20250727000708_057415A/frame_00036.jpg,
/Users/tontran/Library/CloudStorage/OneDrive-VisualDefenceInc/Projects/road_object_shared/raw_frames/nighttime/20250727000708_057415A/frame_00037.jpg,
/Users/tontran/Library/CloudStorage/OneDrive-VisualDefenceInc/Projects/road_object_shared/raw_frames/nighttime/20250727000708_057415A/frame_00038.jpg,
/Users/tontran/Library/CloudStorage/OneDrive-VisualDefenceInc/Projects/road_object_shared/raw_frames/nighttime/20250727000708_057415A/frame_00039.jpg,
/Users/tontran/Library/CloudStorage/OneDrive-VisualDefenceInc/Projects/road_object_shared/raw_frames/nighttime/20250727000708_057415A/frame_00040.jpg,
/Users/tontran/Library/CloudStorage/OneDrive-VisualDefenceInc/Projects/road_object_shared/raw_frames/nighttime/20250727000708_057415A/frame_00041.jpg,
/Users/tontran/Library/CloudStorage/OneDrive-VisualDefenceInc/Projects/road_object_shared/raw_frames/nighttime/20250727000708_057415A/frame_00042.jpg,
/Users/tontran/Library/CloudStorage/OneDrive-VisualDefenceInc/Projects/road_object_shared/raw_frames/nighttime/20250727000708_057415A/frame_00043.jpg,
/Users/tontran/Library/CloudStorage/OneDrive-VisualDefenceInc/Projects/road_object_shared/raw_frames/nighttime/20250727000708_057415A/frame_00044.jpg,
/Users/tontran/Library/CloudStorage/OneDrive-VisualDefenceInc/Projects/road_object_shared/raw_frames/nighttime/20250727000708_057415A/frame_00045.jpg,
/Users/tontran/Library/CloudStorage/OneDrive-VisualDefenceInc/Projects/road_object_shared/raw_frames/nighttime/20250727000708_057415A/frame_00046.jpg,
/Users/tontran/Library/CloudStorage/OneDrive-VisualDefenceInc/Projects/road_object_shared/raw_frames/nighttime/20250727000708_057415A/frame_00047.jpg,
/Users/tontran/Library/CloudStorage/OneDrive-VisualDefenceInc/Projects/road_object_shared/raw_frames/nighttime/20250727000808_057417A/frame_00000.jpg,
/Users/tontran/Library/CloudStorage/OneDrive-VisualDefenceInc/Projects/road_object_shared/raw_frames/nighttime/20250727000808_057417A/frame_00001.jpg,
/Users/tontran/Library/CloudStorage/OneDrive-VisualDefenceInc/Projects/road_object_shared/raw_frames/nighttime/20250727000808_057417A/frame_00002.jpg,
/Users/tontran/Library/CloudStorage/OneDrive-VisualDefenceInc/Projects/road_object_shared/raw_frames/nighttime/20250727000808_057417A/frame_00003.jpg,
/Users/tontran/Library/CloudStorage/OneDrive-VisualDefenceInc/Projects/road_object_shared/raw_frames/nighttime/20250727000808_057417A/frame_00004.jpg,
/Users/tontran/Library/CloudStorage/OneDrive-VisualDefenceInc/Projects/road_object_shared/raw_frames/nighttime/20250727000808_057417A/frame_00005.jpg,
/Users/tontran/Library/CloudStorage/OneDrive-VisualDefenceInc/Projects/road_object_shared/raw_frames/nighttime/20250727000808_057417A/frame_00006.jpg,
/Users/tontran/Library/CloudStorage/OneDrive-VisualDefenceInc/Projects/road_object_shared/raw_frames/nighttime/20250727000808_057417A/frame_00007.jpg,
/Users/tontran/Library/CloudStorage/OneDrive-VisualDefenceInc/Projects/road_object_shared/raw_frames/nighttime/20250727000808_057417A/frame_00008.jpg,
/Users/tontran/Library/CloudStorage/OneDrive-VisualDefenceInc/Projects/road_object_shared/raw_frames/nighttime/20250727000808_057417A/frame_00009.jpg,
/Users/tontran/Library/CloudStorage/OneDrive-VisualDefenceInc/Projects/road_object_shared/raw_frames/nighttime/20250727000808_057417A/frame_00010.jpg,
/Users/tontran/Library/CloudStorage/OneDrive-VisualDefenceInc/Projects/road_object_shared/raw_frames/nighttime/20250727000808_057417A/frame_00011.jpg,
/Users/tontran/Library/CloudStorage/OneDrive-VisualDefenceInc/Projects/road_object_shared/raw_frames/nighttime/20250727000808_057417A/frame_00012.jpg,
/Users/tontran/Library/CloudStorage/OneDrive-VisualDefenceInc/Projects/road_object_shared/raw_frames/nighttime/20250727000808_057417A/frame_00013.jpg,
/Users/tontran/Library/CloudStorage/OneDrive-VisualDefenceInc/Projects/road_object_shared/raw_frames/nighttime/20250727000808_057417A/frame_00014.jpg,
/Users/tontran/Library/CloudStorage/OneDrive-VisualDefenceInc/Projects/road_object_shared/raw_frames/nighttime/20250727000808_057417A/frame_00015.jpg,
/Users/tontran/Library/CloudStorage/OneDrive-VisualDefenceInc/Projects/road_object_shared/raw_frames/nighttime/20250727000808_057417A/frame_00016.jpg,
/Users/tontran/Library/CloudStorage/OneDrive-VisualDefenceInc/Projects/road_object_shared/raw_frames/nighttime/20250727000808_057417A/frame_00017.jpg,
/Users/tontran/Library/CloudStorage/OneDrive-VisualDefenceInc/Projects/road_object_shared/raw_frames/nighttime/20250727000808_057417A/frame_00018.jpg,
/Users/tontran/Library/CloudStorage/OneDrive-VisualDefenceInc/Projects/road_object_shared/raw_frames/nighttime/20250727000808_057417A/frame_00019.jpg,
/Users/tontran/Library/CloudStorage/OneDrive-VisualDefenceInc/Projects/road_object_shared/raw_frames/nighttime/20250727000808_057417A/frame_00020.jpg,
/Users/tontran/Library/CloudStorage/OneDrive-VisualDefenceInc/Projects/road_object_shared/raw_frames/nighttime/20250727000808_057417A/frame_00021.jpg,bus
/Users/tontran/Library/CloudStorage/OneDrive-VisualDefenceInc/Projects/road_object_shared/raw_frames/nighttime/20250727000808_057417A/frame_00022.jpg,
/Users/tontran/Library/CloudStorage/OneDrive-VisualDefenceInc/Projects/road_object_shared/raw_frames/nighttime/20250727000808_057417A/frame_00023.jpg,
/Users/tontran/Library/CloudStorage/OneDrive-VisualDefenceInc/Projects/road_object_shared/raw_frames/nighttime/20250727000808_057417A/frame_00024.jpg,car
/Users/tontran/Library/CloudStorage/OneDrive-VisualDefenceInc/Projects/road_object_shared/raw_frames/nighttime/20250727000808_057417A/frame_00025.jpg,
/Users/tontran/Library/CloudStorage/OneDrive-VisualDefenceInc/Projects/road_object_shared/raw_frames/nighttime/20250727000808_057417A/frame_00026.jpg,
/Users/tontran/Library/CloudStorage/OneDrive-VisualDefenceInc/Projects/road_object_shared/raw_frames/nighttime/20250727000808_057417A/frame_00027.jpg,car
/Users/tontran/Library/CloudStorage/OneDrive-VisualDefenceInc/Projects/road_object_shared/raw_frames/nighttime/20250727000808_057417A/frame_00028.jpg,
/Users/tontran/Library/CloudStorage/OneDrive-VisualDefenceInc/Projects/road_object_shared/raw_frames/nighttime/20250727000808_057417A/frame_00029.jpg,
/Users/tontran/Library/CloudStorage/OneDrive-VisualDefenceInc/Projects/road_object_shared/raw_frames/nighttime/20250727000808_057417A/frame_00030.jpg,car
/Users/tontran/Library/CloudStorage/OneDrive-VisualDefenceInc/Projects/road_object_shared/raw_frames/nighttime/20250727000808_057417A/frame_00031.jpg,
/Users/tontran/Library/CloudStorage/OneDrive-VisualDefenceInc/Projects/road_object_shared/raw_frames/nighttime/20250727000808_057417A/frame_00032.jpg,
/Users/tontran/Library/CloudStorage/OneDrive-VisualDefenceInc/Projects/road_object_shared/raw_frames/nighttime/20250727000808_057417A/frame_00033.jpg,car
/Users/tontran/Library/CloudStorage/OneDrive-VisualDefenceInc/Projects/road_object_shared/raw_frames/nighttime/20250727000808_057417A/frame_00034.jpg,
/Users/tontran/Library/CloudStorage/OneDrive-VisualDefenceInc/Projects/road_object_shared/raw_frames/nighttime/20250727000808_057417A/frame_00035.jpg,
/Users/tontran/Library/CloudStorage/OneDrive-VisualDefenceInc/Projects/road_object_shared/raw_frames/nighttime/20250727000808_057417A/frame_00036.jpg,
/Users/tontran/Library/CloudStorage/OneDrive-VisualDefenceInc/Projects/road_object_shared/raw_frames/nighttime/20250727000808_057417A/frame_00037.jpg,
/Users/tontran/Library/CloudStorage/OneDrive-VisualDefenceInc/Projects/road_object_shared/raw_frames/nighttime/20250727000808_057417A/frame_00038.jpg,
/Users/tontran/Library/CloudStorage/OneDrive-VisualDefenceInc/Projects/road_object_shared/raw_frames/nighttime/20250727000808_057417A/frame_00039.jpg,car
/Users/tontran/Library/CloudStorage/OneDrive-VisualDefenceInc/Projects/road_object_shared/raw_frames/nighttime/20250727000808_057417A/frame_00040.jpg,
/Users/tontran/Library/CloudStorage/OneDrive-VisualDefenceInc/Projects/road_object_shared/raw_frames/nighttime/20250727000808_057417A/frame_00041.jpg,
/Users/tontran/Library/CloudStorage/OneDrive-VisualDefenceInc/Projects/road_object_shared/raw_frames/nighttime/20250727000808_057417A/frame_00042.jpg,
/Users/tontran/Library/CloudStorage/OneDrive-VisualDefenceInc/Projects/road_object_shared/raw_frames/nighttime/20250727000808_057417A/frame_00043.jpg,car
/Users/tontran/Library/CloudStorage/OneDrive-VisualDefenceInc/Projects/road_object_shared/raw_frames/nighttime/20250727000808_057417A/frame_00044.jpg,car
/Users/tontran/Library/CloudStorage/OneDrive-VisualDefenceInc/Projects/road_object_shared/raw_frames/nighttime/20250727000808_057417A/frame_00045.jpg,car
/Users/tontran/Library/CloudStorage/OneDrive-VisualDefenceInc/Projects/road_object_shared/raw_frames/nighttime/20250727000808_057417A/frame_00046.jpg,car
/Users/tontran/Library/CloudStorage/OneDrive-VisualDefenceInc/Projects/road_object_shared/raw_frames/nighttime/20250727000808_057417A/frame_00047.jpg,car
/Users/tontran/Library/CloudStorage/OneDrive-VisualDefenceInc/Projects/road_object_shared/raw_frames/nighttime/20250727000908_057419A/frame_00000.jpg,
/Users/tontran/Library/CloudStorage/OneDrive-VisualDefenceInc/Projects/road_object_shared/raw_frames/nighttime/20250727000908_057419A/frame_00001.jpg,
/Users/tontran/Library/CloudStorage/OneDrive-VisualDefenceInc/Projects/road_object_shared/raw_frames/nighttime/20250727000908_057419A/frame_00002.jpg,
/Users/tontran/Library/CloudStorage/OneDrive-VisualDefenceInc/Projects/road_object_shared/raw_frames/nighttime/20250727000908_057419A/frame_00003.jpg,
/Users/tontran/Library/CloudStorage/OneDrive-VisualDefenceInc/Projects/road_object_shared/raw_frames/nighttime/20250727000908_057419A/frame_00004.jpg,
/Users/tontran/Library/CloudStorage/OneDrive-VisualDefenceInc/Projects/road_object_shared/raw_frames/nighttime/20250727000908_057419A/frame_00005.jpg,
/Users/tontran/Library/CloudStorage/OneDrive-VisualDefenceInc/Projects/road_object_shared/raw_frames/nighttime/20250727000908_057419A/frame_00006.jpg,car
/Users/tontran/Library/CloudStorage/OneDrive-VisualDefenceInc/Projects/road_object_shared/raw_frames/nighttime/20250727000908_057419A/frame_00007.jpg,car
/Users/tontran/Library/CloudStorage/OneDrive-VisualDefenceInc/Projects/road_object_shared/raw_frames/nighttime/20250727000908_057419A/frame_00008.jpg,car
/Users/tontran/Library/CloudStorage/OneDrive-VisualDefenceInc/Projects/road_object_shared/raw_frames/nighttime/20250727000908_057419A/frame_00009.jpg,
/Users/tontran/Library/CloudStorage/OneDrive-VisualDefenceInc/Projects/road_object_shared/raw_frames/nighttime/20250727000908_057419A/frame_00010.jpg,car
/Users/tontran/Library/CloudStorage/OneDrive-VisualDefenceInc/Projects/road_object_shared/raw_frames/nighttime/20250727000908_057419A/frame_00011.jpg,car
/Users/tontran/Library/CloudStorage/OneDrive-VisualDefenceInc/Projects/road_object_shared/raw_frames/nighttime/20250727000908_057419A/frame_00012.jpg,
/Users/tontran/Library/CloudStorage/OneDrive-VisualDefenceInc/Projects/road_object_shared/raw_frames/nighttime/20250727000908_057419A/frame_00013.jpg,
/Users/tontran/Library/CloudStorage/OneDrive-VisualDefenceInc/Projects/road_object_shared/raw_frames/nighttime/20250727000908_057419A/frame_00014.jpg,
/Users/tontran/Library/CloudStorage/OneDrive-VisualDefenceInc/Projects/road_object_shared/raw_frames/nighttime/20250727000908_057419A/frame_00015.jpg,car
/Users/tontran/Library/CloudStorage/OneDrive-VisualDefenceInc/Projects/road_object_shared/raw_frames/nighttime/20250727000908_057419A/frame_00016.jpg,
/Users/tontran/Library/CloudStorage/OneDrive-VisualDefenceInc/Projects/road_object_shared/raw_frames/nighttime/20250727000908_057419A/frame_00017.jpg,car
/Users/tontran/Library/CloudStorage/OneDrive-VisualDefenceInc/Projects/road_object_shared/raw_frames/nighttime/20250727000908_057419A/frame_00018.jpg,car
/Users/tontran/Library/CloudStorage/OneDrive-VisualDefenceInc/Projects/road_object_shared/raw_frames/nighttime/20250727000908_057419A/frame_00019.jpg,car
/Users/tontran/Library/CloudStorage/OneDrive-VisualDefenceInc/Projects/road_object_shared/raw_frames/nighttime/20250727000908_057419A/frame_00020.jpg,car
/Users/tontran/Library/CloudStorage/OneDrive-VisualDefenceInc/Projects/road_object_shared/raw_frames/nighttime/20250727000908_057419A/frame_00021.jpg,car
/Users/tontran/Library/CloudStorage/OneDrive-VisualDefenceInc/Projects/road_object_shared/raw_frames/nighttime/20250727000908_057419A/frame_00022.jpg,car
/Users/tontran/Library/CloudStorage/OneDrive-VisualDefenceInc/Projects/road_object_shared/raw_frames/nighttime/20250727000908_057419A/frame_00023.jpg,car
/Users/tontran/Library/CloudStorage/OneDrive-VisualDefenceInc/Projects/road_object_shared/raw_frames/nighttime/20250727000908_057419A/frame_00024.jpg,car
/Users/tontran/Library/CloudStorage/OneDrive-VisualDefenceInc/Projects/road_object_shared/raw_frames/nighttime/20250727000908_057419A/frame_00025.jpg,car
/Users/tontran/Library/CloudStorage/OneDrive-VisualDefenceInc/Projects/road_object_shared/raw_frames/nighttime/20250727000908_057419A/frame_00026.jpg,car
/Users/tontran/Library/CloudStorage/OneDrive-VisualDefenceInc/Projects/road_object_shared/raw_frames/nighttime/20250727000908_057419A/frame_00027.jpg,car
/Users/tontran/Library/CloudStorage/OneDrive-VisualDefenceInc/Projects/road_object_shared/raw_frames/nighttime/20250727000908_057419A/frame_00028.jpg,car
/Users/tontran/Library/CloudStorage/OneDrive-VisualDefenceInc/Projects/road_object_shared/raw_frames/nighttime/20250727000908_057419A/frame_00029.jpg,car
/Users/tontran/Library/CloudStorage/OneDrive-VisualDefenceInc/Projects/road_object_shared/raw_frames/nighttime/20250727000908_057419A/frame_00030.jpg,
/Users/tontran/Library/CloudStorage/OneDrive-VisualDefenceInc/Projects/road_object_shared/raw_frames/nighttime/20250727000908_057419A/frame_00031.jpg,
/Users/tontran/Library/CloudStorage/OneDrive-VisualDefenceInc/Projects/road_object_shared/raw_frames/nighttime/20250727000908_057419A/frame_00032.jpg,car
/Users/tontran/Library/CloudStorage/OneDrive-VisualDefenceInc/Projects/road_object_shared/raw_frames/nighttime/20250727000908_057419A/frame_00033.jpg,car
/Users/tontran/Library/CloudStorage/OneDrive-VisualDefenceInc/Projects/road_object_shared/raw_frames/nighttime/20250727000908_057419A/frame_00034.jpg,car
/Users/tontran/Library/CloudStorage/OneDrive-VisualDefenceInc/Projects/road_object_shared/raw_frames/nighttime/20250727000908_057419A/frame_00035.jpg,car
/Users/tontran/Library/CloudStorage/OneDrive-VisualDefenceInc/Projects/road_object_shared/raw_frames/nighttime/20250727000908_057419A/frame_00036.jpg,car
/Users/tontran/Library/CloudStorage/OneDrive-VisualDefenceInc/Projects/road_object_shared/raw_frames/nighttime/20250727000908_057419A/frame_00037.jpg,car
/Users/tontran/Library/CloudStorage/OneDrive-VisualDefenceInc/Projects/road_object_shared/raw_frames/nighttime/20250727000908_057419A/frame_00038.jpg,car
/Users/tontran/Library/CloudStorage/OneDrive-VisualDefenceInc/Projects/road_object_shared/raw_frames/nighttime/20250727000908_057419A/frame_00039.jpg,car
/Users/tontran/Library/CloudStorage/OneDrive-VisualDefenceInc/Projects/road_object_shared/raw_frames/nighttime/20250727000908_057419A/frame_00040.jpg,car
/Users/tontran/Library/CloudStorage/OneDrive-VisualDefenceInc/Projects/road_object_shared/raw_frames/nighttime/20250727000908_057419A/frame_00041.jpg,car
/Users/tontran/Library/CloudStorage/OneDrive-VisualDefenceInc/Projects/road_object_shared/raw_frames/nighttime/20250727000908_057419A/frame_00042.jpg,car
/Users/tontran/Library/CloudStorage/OneDrive-VisualDefenceInc/Projects/road_object_shared/raw_frames/nighttime/20250727000908_057419A/frame_00043.jpg,car
/Users/tontran/Library/CloudStorage/OneDrive-VisualDefenceInc/Projects/road_object_shared/raw_frames/nighttime/20250727000908_057419A/frame_00044.jpg,car
/Users/tontran/Library/CloudStorage/OneDrive-VisualDefenceInc/Projects/road_object_shared/raw_frames/nighttime/20250727000908_057419A/frame_00045.jpg,car
/Users/tontran/Library/CloudStorage/OneDrive-VisualDefenceInc/Projects/road_object_shared/raw_frames/nighttime/20250727000908_057419A/frame_00046.jpg,car
/Users/tontran/Library/CloudStorage/OneDrive-VisualDefenceInc/Projects/road_object_shared/raw_frames/nighttime/20250727000908_057419A/frame_00047.jpg,car
/Users/tontran/Library/CloudStorage/OneDrive-VisualDefenceInc/Projects/road_object_shared/raw_frames/nighttime/20250727001008_057421A/frame_00000.jpg,car
/Users/tontran/Library/CloudStorage/OneDrive-VisualDefenceInc/Projects/road_object_shared/raw_frames/nighttime/20250727001008_057421A/frame_00001.jpg,car
/Users/tontran/Library/CloudStorage/OneDrive-VisualDefenceInc/Projects/road_object_shared/raw_frames/nighttime/20250727001008_057421A/frame_00002.jpg,car
/Users/tontran/Library/CloudStorage/OneDrive-VisualDefenceInc/Projects/road_object_shared/raw_frames/nighttime/20250727001008_057421A/frame_00003.jpg,
/Users/tontran/Library/CloudStorage/OneDrive-VisualDefenceInc/Projects/road_object_shared/raw_frames/nighttime/20250727001008_057421A/frame_00004.jpg,
/Users/tontran/Library/CloudStorage/OneDrive-VisualDefenceInc/Projects/road_object_shared/raw_frames/nighttime/20250727001008_057421A/frame_00005.jpg,
/Users/tontran/Library/CloudStorage/OneDrive-VisualDefenceInc/Projects/road_object_shared/raw_frames/nighttime/20250727001008_057421A/frame_00006.jpg,
/Users/tontran/Library/CloudStorage/OneDrive-VisualDefenceInc/Projects/road_object_shared/raw_frames/nighttime/20250727001008_057421A/frame_00007.jpg,
/Users/tontran/Library/CloudStorage/OneDrive-VisualDefenceInc/Projects/road_object_shared/raw_frames/nighttime/20250727001008_057421A/frame_00008.jpg,
/Users/tontran/Library/CloudStorage/OneDrive-VisualDefenceInc/Projects/road_object_shared/raw_frames/nighttime/20250727001008_057421A/frame_00009.jpg,
/Users/tontran/Library/CloudStorage/OneDrive-VisualDefenceInc/Projects/road_object_shared/raw_frames/nighttime/20250727001008_057421A/frame_00010.jpg,
/Users/tontran/Library/CloudStorage/OneDrive-VisualDefenceInc/Projects/road_object_shared/raw_frames/nighttime/20250727001008_057421A/frame_00011.jpg,
/Users/tontran/Library/CloudStorage/OneDrive-VisualDefenceInc/Projects/road_object_shared/raw_frames/nighttime/20250727001008_057421A/frame_00012.jpg,
/Users/tontran/Library/CloudStorage/OneDrive-VisualDefenceInc/Projects/road_object_shared/raw_frames/nighttime/20250727001008_057421A/frame_00013.jpg,
/Users/tontran/Library/CloudStorage/OneDrive-VisualDefenceInc/Projects/road_object_shared/raw_frames/nighttime/20250727001008_057421A/frame_00014.jpg,car
/Users/tontran/Library/CloudStorage/OneDrive-VisualDefenceInc/Projects/road_object_shared/raw_frames/nighttime/20250727001008_057421A/frame_00015.jpg,car
/Users/tontran/Library/CloudStorage/OneDrive-VisualDefenceInc/Projects/road_object_shared/raw_frames/nighttime/20250727001008_057421A/frame_00016.jpg,
/Users/tontran/Library/CloudStorage/OneDrive-VisualDefenceInc/Projects/road_object_shared/raw_frames/nighttime/20250727001008_057421A/frame_00017.jpg,
/Users/tontran/Library/CloudStorage/OneDrive-VisualDefenceInc/Projects/road_object_shared/raw_frames/nighttime/20250727001008_057421A/frame_00018.jpg,
/Users/tontran/Library/CloudStorage/OneDrive-VisualDefenceInc/Projects/road_object_shared/raw_frames/nighttime/20250727001008_057421A/frame_00019.jpg,
/Users/tontran/Library/CloudStorage/OneDrive-VisualDefenceInc/Projects/road_object_shared/raw_frames/nighttime/20250727001008_057421A/frame_00020.jpg,
/Users/tontran/Library/CloudStorage/OneDrive-VisualDefenceInc/Projects/road_object_shared/raw_frames/nighttime/20250727001008_057421A/frame_00021.jpg,bus
/Users/tontran/Library/CloudStorage/OneDrive-VisualDefenceInc/Projects/road_object_shared/raw_frames/nighttime/20250727001008_057421A/frame_00022.jpg,
/Users/tontran/Library/CloudStorage/OneDrive-VisualDefenceInc/Projects/road_object_shared/raw_frames/nighttime/20250727001008_057421A/frame_00023.jpg,car
/Users/tontran/Library/CloudStorage/OneDrive-VisualDefenceInc/Projects/road_object_shared/raw_frames/nighttime/20250727001008_057421A/frame_00024.jpg,car
/Users/tontran/Library/CloudStorage/OneDrive-VisualDefenceInc/Projects/road_object_shared/raw_frames/nighttime/20250727001008_057421A/frame_00025.jpg,
/Users/tontran/Library/CloudStorage/OneDrive-VisualDefenceInc/Projects/road_object_shared/raw_frames/nighttime/20250727001008_057421A/frame_00026.jpg,
/Users/tontran/Library/CloudStorage/OneDrive-VisualDefenceInc/Projects/road_object_shared/raw_frames/nighttime/20250727001008_057421A/frame_00027.jpg,
/Users/tontran/Library/CloudStorage/OneDrive-VisualDefenceInc/Projects/road_object_shared/raw_frames/nighttime/20250727001008_057421A/frame_00028.jpg,
/Users/tontran/Library/CloudStorage/OneDrive-VisualDefenceInc/Projects/road_object_shared/raw_frames/nighttime/20250727001008_057421A/frame_00029.jpg,car
/Users/tontran/Library/CloudStorage/OneDrive-VisualDefenceInc/Projects/road_object_shared/raw_frames/nighttime/20250727001008_057421A/frame_00030.jpg,
/Users/tontran/Library/CloudStorage/OneDrive-VisualDefenceInc/Projects/road_object_shared/raw_frames/nighttime/20250727001008_057421A/frame_00031.jpg,
/Users/tontran/Library/CloudStorage/OneDrive-VisualDefenceInc/Projects/road_object_shared/raw_frames/nighttime/20250727001008_057421A/frame_00032.jpg,
/Users/tontran/Library/CloudStorage/OneDrive-VisualDefenceInc/Projects/road_object_shared/raw_frames/nighttime/20250727001008_057421A/frame_00033.jpg,
/Users/tontran/Library/CloudStorage/OneDrive-VisualDefenceInc/Projects/road_object_shared/raw_frames/nighttime/20250727001008_057421A/frame_00034.jpg,
/Users/tontran/Library/CloudStorage/OneDrive-VisualDefenceInc/Projects/road_object_shared/raw_frames/nighttime/20250727001008_057421A/frame_00035.jpg,car
/Users/tontran/Library/CloudStorage/OneDrive-VisualDefenceInc/Projects/road_object_shared/raw_frames/nighttime/20250727001008_057421A/frame_00036.jpg,car
/Users/tontran/Library/CloudStorage/OneDrive-VisualDefenceInc/Projects/road_object_shared/raw_frames/nighttime/20250727001008_057421A/frame_00037.jpg,car
/Users/tontran/Library/CloudStorage/OneDrive-VisualDefenceInc/Projects/road_object_shared/raw_frames/nighttime/20250727001008_057421A/frame_00038.jpg,car
/Users/tontran/Library/CloudStorage/OneDrive-VisualDefenceInc/Projects/road_object_shared/raw_frames/nighttime/20250727001008_057421A/frame_00039.jpg,car
/Users/tontran/Library/CloudStorage/OneDrive-VisualDefenceInc/Projects/road_object_shared/raw_frames/nighttime/20250727001008_057421A/frame_00040.jpg,car
/Users/tontran/Library/CloudStorage/OneDrive-VisualDefenceInc/Projects/road_object_shared/raw_frames/nighttime/20250727001008_057421A/frame_00041.jpg,car
/Users/tontran/Library/CloudStorage/OneDrive-VisualDefenceInc/Projects/road_object_shared/raw_frames/nighttime/20250727001008_057421A/frame_00042.jpg,car
/Users/tontran/Library/CloudStorage/OneDrive-VisualDefenceInc/Projects/road_object_shared/raw_frames/nighttime/20250727001008_057421A/frame_00043.jpg,car
/Users/tontran/Library/CloudStorage/OneDrive-VisualDefenceInc/Projects/road_object_shared/raw_frames/nighttime/20250727001008_057421A/frame_00044.jpg,car
/Users/tontran/Library/CloudStorage/OneDrive-VisualDefenceInc/Projects/road_object_shared/raw_frames/nighttime/20250727001008_057421A/frame_00045.jpg,car
/Users/tontran/Library/CloudStorage/OneDrive-VisualDefenceInc/Projects/road_object_shared/raw_frames/nighttime/20250727001008_057421A/frame_00046.jpg,car
/Users/tontran/Library/CloudStorage/OneDrive-VisualDefenceInc/Projects/road_object_shared/raw_frames/nighttime/20250727001008_057421A/frame_00047.jpg,car
/Users/tontran/Library/CloudStorage/OneDrive-VisualDefenceInc/Projects/road_object_shared/raw_frames/nighttime/20250727001108_057423A/frame_00000.jpg,car
/Users/tontran/Library/CloudStorage/OneDrive-VisualDefenceInc/Projects/road_object_shared/raw_frames/nighttime/20250727001108_057423A/frame_00001.jpg,car
/Users/tontran/Library/CloudStorage/OneDrive-VisualDefenceInc/Projects/road_object_shared/raw_frames/nighttime/20250727001108_057423A/frame_00002.jpg,car
/Users/tontran/Library/CloudStorage/OneDrive-VisualDefenceInc/Projects/road_object_shared/raw_frames/nighttime/20250727001108_057423A/frame_00003.jpg,car
/Users/tontran/Library/CloudStorage/OneDrive-VisualDefenceInc/Projects/road_object_shared/raw_frames/nighttime/20250727001108_057423A/frame_00004.jpg,car
/Users/tontran/Library/CloudStorage/OneDrive-VisualDefenceInc/Projects/road_object_shared/raw_frames/nighttime/20250727001108_057423A/frame_00005.jpg,car
/Users/tontran/Library/CloudStorage/OneDrive-VisualDefenceInc/Projects/road_object_shared/raw_frames/nighttime/20250727001108_057423A/frame_00006.jpg,car
/Users/tontran/Library/CloudStorage/OneDrive-VisualDefenceInc/Projects/road_object_shared/raw_frames/nighttime/20250727001108_057423A/frame_00007.jpg,car
/Users/tontran/Library/CloudStorage/OneDrive-VisualDefenceInc/Projects/road_object_shared/raw_frames/nighttime/20250727001108_057423A/frame_00008.jpg,car
/Users/tontran/Library/CloudStorage/OneDrive-VisualDefenceInc/Projects/road_object_shared/raw_frames/nighttime/20250727001108_057423A/frame_00009.jpg,car
/Users/tontran/Library/CloudStorage/OneDrive-VisualDefenceInc/Projects/road_object_shared/raw_frames/nighttime/20250727001108_057423A/frame_00010.jpg,car
/Users/tontran/Library/CloudStorage/OneDrive-VisualDefenceInc/Projects/road_object_shared/raw_frames/nighttime/20250727001108_057423A/frame_00011.jpg,car
/Users/tontran/Library/CloudStorage/OneDrive-VisualDefenceInc/Projects/road_object_shared/raw_frames/nighttime/20250727001108_057423A/frame_00012.jpg,car
/Users/tontran/Library/CloudStorage/OneDrive-VisualDefenceInc/Projects/road_object_shared/raw_frames/nighttime/20250727001108_057423A/frame_00013.jpg,car
/Users/tontran/Library/CloudStorage/OneDrive-VisualDefenceInc/Projects/road_object_shared/raw_frames/nighttime/20250727001108_057423A/frame_00014.jpg,car
/Users/tontran/Library/CloudStorage/OneDrive-VisualDefenceInc/Projects/road_object_shared/raw_frames/nighttime/20250727001108_057423A/frame_00015.jpg,car
/Users/tontran/Library/CloudStorage/OneDrive-VisualDefenceInc/Projects/road_object_shared/raw_frames/nighttime/20250727001108_057423A/frame_00016.jpg,car
/Users/tontran/Library/CloudStorage/OneDrive-VisualDefenceInc/Projects/road_object_shared/raw_frames/nighttime/20250727001108_057423A/frame_00017.jpg,car
/Users/tontran/Library/CloudStorage/OneDrive-VisualDefenceInc/Projects/road_object_shared/raw_frames/nighttime/20250727001108_057423A/frame_00018.jpg,car
/Users/tontran/Library/CloudStorage/OneDrive-VisualDefenceInc/Projects/road_object_shared/raw_frames/nighttime/20250727001108_057423A/frame_00019.jpg,car
/Users/tontran/Library/CloudStorage/OneDrive-VisualDefenceInc/Projects/road_object_shared/raw_frames/nighttime/20250727001108_057423A/frame_00020.jpg,car
/Users/tontran/Library/CloudStorage/OneDrive-VisualDefenceInc/Projects/road_object_shared/raw_frames/nighttime/20250727001108_057423A/frame_00021.jpg,car
/Users/tontran/Library/CloudStorage/OneDrive-VisualDefenceInc/Projects/road_object_shared/raw_frames/nighttime/20250727001108_057423A/frame_00022.jpg,car
/Users/tontran/Library/CloudStorage/OneDrive-VisualDefenceInc/Projects/road_object_shared/raw_frames/nighttime/20250727001108_057423A/frame_00023.jpg,car
/Users/tontran/Library/CloudStorage/OneDrive-VisualDefenceInc/Projects/road_object_shared/raw_frames/nighttime/20250727001108_057423A/frame_00024.jpg,car
/Users/tontran/Library/CloudStorage/OneDrive-VisualDefenceInc/Projects/road_object_shared/raw_frames/nighttime/20250727001108_057423A/frame_00025.jpg,car
/Users/tontran/Library/CloudStorage/OneDrive-VisualDefenceInc/Projects/road_object_shared/raw_frames/nighttime/20250727001108_057423A/frame_00026.jpg,car
/Users/tontran/Library/CloudStorage/OneDrive-VisualDefenceInc/Projects/road_object_shared/raw_frames/nighttime/20250727001108_057423A/frame_00027.jpg,car
/Users/tontran/Library/CloudStorage/OneDrive-VisualDefenceInc/Projects/road_object_shared/raw_frames/nighttime/20250727001108_057423A/frame_00028.jpg,car
/Users/tontran/Library/CloudStorage/OneDrive-VisualDefenceInc/Projects/road_object_shared/raw_frames/nighttime/20250727001108_057423A/frame_00029.jpg,car
/Users/tontran/Library/CloudStorage/OneDrive-VisualDefenceInc/Projects/road_object_shared/raw_frames/nighttime/20250727001108_057423A/frame_00030.jpg,car
/Users/tontran/Library/CloudStorage/OneDrive-VisualDefenceInc/Projects/road_object_shared/raw_frames/nighttime/20250727001108_057423A/frame_00031.jpg,car
/Users/tontran/Library/CloudStorage/OneDrive-VisualDefenceInc/Projects/road_object_shared/raw_frames/nighttime/20250727001108_057423A/frame_00032.jpg,car
/Users/tontran/Library/CloudStorage/OneDrive-VisualDefenceInc/Projects/road_object_shared/raw_frames/nighttime/20250727001108_057423A/frame_00033.jpg,car
/Users/tontran/Library/CloudStorage/OneDrive-VisualDefenceInc/Projects/road_object_shared/raw_frames/nighttime/20250727001108_057423A/frame_00034.jpg,car
/Users/tontran/Library/CloudStorage/OneDrive-VisualDefenceInc/Projects/road_object_shared/raw_frames/nighttime/20250727001108_057423A/frame_00035.jpg,car
/Users/tontran/Library/CloudStorage/OneDrive-VisualDefenceInc/Projects/road_object_shared/raw_frames/nighttime/20250727001108_057423A/frame_00036.jpg,car
/Users/tontran/Library/CloudStorage/OneDrive-VisualDefenceInc/Projects/road_object_shared/raw_frames/nighttime/20250727001108_057423A/frame_00037.jpg,car
/Users/tontran/Library/CloudStorage/OneDrive-VisualDefenceInc/Projects/road_object_shared/raw_frames/nighttime/20250727001108_057423A/frame_00038.jpg,car
/Users/tontran/Library/CloudStorage/OneDrive-VisualDefenceInc/Projects/road_object_shared/raw_frames/nighttime/20250727001108_057423A/frame_00039.jpg,car
/Users/tontran/Library/CloudStorage/OneDrive-VisualDefenceInc/Projects/road_object_shared/raw_frames/nighttime/20250727001108_057423A/frame_00040.jpg,car
/Users/tontran/Library/CloudStorage/OneDrive-VisualDefenceInc/Projects/road_object_shared/raw_frames/nighttime/20250727001108_057423A/frame_00041.jpg,car
/Users/tontran/Library/CloudStorage/OneDrive-VisualDefenceInc/Projects/road_object_shared/raw_frames/nighttime/20250727001108_057423A/frame_00042.jpg,car
/Users/tontran/Library/CloudStorage/OneDrive-VisualDefenceInc/Projects/road_object_shared/raw_frames/nighttime/20250727001108_057423A/frame_00043.jpg,car
/Users/tontran/Library/CloudStorage/OneDrive-VisualDefenceInc/Projects/road_object_shared/raw_frames/nighttime/20250727001108_057423A/frame_00044.jpg,car
/Users/tontran/Library/CloudStorage/OneDrive-VisualDefenceInc/Projects/road_object_shared/raw_frames/nighttime/20250727001108_057423A/frame_00045.jpg,car
/Users/tontran/Library/CloudStorage/OneDrive-VisualDefenceInc/Projects/road_object_shared/raw_frames/nighttime/20250727001108_057423A/frame_00046.jpg,car
/Users/tontran/Library/CloudStorage/OneDrive-VisualDefenceInc/Projects/road_object_shared/raw_frames/nighttime/20250727001108_057423A/frame_00047.jpg,car
/Users/tontran/Library/CloudStorage/OneDrive-VisualDefenceInc/Projects/road_object_shared/raw_frames/nighttime/20250727001208_057425A/frame_00000.jpg,car
/Users/tontran/Library/CloudStorage/OneDrive-VisualDefenceInc/Projects/road_object_shared/raw_frames/nighttime/20250727001208_057425A/frame_00001.jpg,car
/Users/tontran/Library/CloudStorage/OneDrive-VisualDefenceInc/Projects/road_object_shared/raw_frames/nighttime/20250727001208_057425A/frame_00002.jpg,car
/Users/tontran/Library/CloudStorage/OneDrive-VisualDefenceInc/Projects/road_object_shared/raw_frames/nighttime/20250727001208_057425A/frame_00003.jpg,car
/Users/tontran/Library/CloudStorage/OneDrive-VisualDefenceInc/Projects/road_object_shared/raw_frames/nighttime/20250727001208_057425A/frame_00004.jpg,car
/Users/tontran/Library/CloudStorage/OneDrive-VisualDefenceInc/Projects/road_object_shared/raw_frames/nighttime/20250727001208_057425A/frame_00005.jpg,car
/Users/tontran/Library/CloudStorage/OneDrive-VisualDefenceInc/Projects/road_object_shared/raw_frames/nighttime/20250727001208_057425A/frame_00006.jpg,car
/Users/tontran/Library/CloudStorage/OneDrive-VisualDefenceInc/Projects/road_object_shared/raw_frames/nighttime/20250727001208_057425A/frame_00007.jpg,car
/Users/tontran/Library/CloudStorage/OneDrive-VisualDefenceInc/Projects/road_object_shared/raw_frames/nighttime/20250727001208_057425A/frame_00008.jpg,car
/Users/tontran/Library/CloudStorage/OneDrive-VisualDefenceInc/Projects/road_object_shared/raw_frames/nighttime/20250727001208_057425A/frame_00009.jpg,car
/Users/tontran/Library/CloudStorage/OneDrive-VisualDefenceInc/Projects/road_object_shared/raw_frames/nighttime/20250727001208_057425A/frame_00010.jpg,car
/Users/tontran/Library/CloudStorage/OneDrive-VisualDefenceInc/Projects/road_object_shared/raw_frames/nighttime/20250727001208_057425A/frame_00011.jpg,car
/Users/tontran/Library/CloudStorage/OneDrive-VisualDefenceInc/Projects/road_object_shared/raw_frames/nighttime/20250727001208_057425A/frame_00012.jpg,car
/Users/tontran/Library/CloudStorage/OneDrive-VisualDefenceInc/Projects/road_object_shared/raw_frames/nighttime/20250727001208_057425A/frame_00013.jpg,car
/Users/tontran/Library/CloudStorage/OneDrive-VisualDefenceInc/Projects/road_object_shared/raw_frames/nighttime/20250727001208_057425A/frame_00014.jpg,car
/Users/tontran/Library/CloudStorage/OneDrive-VisualDefenceInc/Projects/road_object_shared/raw_frames/nighttime/20250727001208_057425A/frame_00015.jpg,car
/Users/tontran/Library/CloudStorage/OneDrive-VisualDefenceInc/Projects/road_object_shared/raw_frames/nighttime/20250727001208_057425A/frame_00016.jpg,car
/Users/tontran/Library/CloudStorage/OneDrive-VisualDefenceInc/Projects/road_object_shared/raw_frames/nighttime/20250727001208_057425A/frame_00017.jpg,car
/Users/tontran/Library/CloudStorage/OneDrive-VisualDefenceInc/Projects/road_object_shared/raw_frames/nighttime/20250727001208_057425A/frame_00018.jpg,car
/Users/tontran/Library/CloudStorage/OneDrive-VisualDefenceInc/Projects/road_object_shared/raw_frames/nighttime/20250727001208_057425A/frame_00019.jpg,car
/Users/tontran/Library/CloudStorage/OneDrive-VisualDefenceInc/Projects/road_object_shared/raw_frames/nighttime/20250727001208_057425A/frame_00020.jpg,car
/Users/tontran/Library/CloudStorage/OneDrive-VisualDefenceInc/Projects/road_object_shared/raw_frames/nighttime/20250727001208_057425A/frame_00021.jpg,car
/Users/tontran/Library/CloudStorage/OneDrive-VisualDefenceInc/Projects/road_object_shared/raw_frames/nighttime/20250727001208_057425A/frame_00022.jpg,car
/Users/tontran/Library/CloudStorage/OneDrive-VisualDefenceInc/Projects/road_object_shared/raw_frames/nighttime/20250727001208_057425A/frame_00023.jpg,car
/Users/tontran/Library/CloudStorage/OneDrive-VisualDefenceInc/Projects/road_object_shared/raw_frames/nighttime/20250727001208_057425A/frame_00024.jpg,car
/Users/tontran/Library/CloudStorage/OneDrive-VisualDefenceInc/Projects/road_object_shared/raw_frames/nighttime/20250727001208_057425A/frame_00025.jpg,car
/Users/tontran/Library/CloudStorage/OneDrive-VisualDefenceInc/Projects/road_object_shared/raw_frames/nighttime/20250727001208_057425A/frame_00026.jpg,car
/Users/tontran/Library/CloudStorage/OneDrive-VisualDefenceInc/Projects/road_object_shared/raw_frames/nighttime/20250727001208_057425A/frame_00027.jpg,car
/Users/tontran/Library/CloudStorage/OneDrive-VisualDefenceInc/Projects/road_object_shared/raw_frames/nighttime/20250727001208_057425A/frame_00028.jpg,car
/Users/tontran/Library/CloudStorage/OneDrive-VisualDefenceInc/Projects/road_object_shared/raw_frames/nighttime/20250727001208_057425A/frame_00029.jpg,car
/Users/tontran/Library/CloudStorage/OneDrive-VisualDefenceInc/Projects/road_object_shared/raw_frames/nighttime/20250727001208_057425A/frame_00030.jpg,car
/Users/tontran/Library/CloudStorage/OneDrive-VisualDefenceInc/Projects/road_object_shared/raw_frames/nighttime/20250727001208_057425A/frame_00031.jpg,car
/Users/tontran/Library/CloudStorage/OneDrive-VisualDefenceInc/Projects/road_object_shared/raw_frames/nighttime/20250727001208_057425A/frame_00032.jpg,car
/Users/tontran/Library/CloudStorage/OneDrive-VisualDefenceInc/Projects/road_object_shared/raw_frames/nighttime/20250727001208_057425A/frame_00033.jpg,car
/Users/tontran/Library/CloudStorage/OneDrive-VisualDefenceInc/Projects/road_object_shared/raw_frames/nighttime/20250727001208_057425A/frame_00034.jpg,car
/Users/tontran/Library/CloudStorage/OneDrive-VisualDefenceInc/Projects/road_object_shared/raw_frames/nighttime/20250727001208_057425A/frame_00035.jpg,car
/Users/tontran/Library/CloudStorage/OneDrive-VisualDefenceInc/Projects/road_object_shared/raw_frames/nighttime/20250727001208_057425A/frame_00036.jpg,car
/Users/tontran/Library/CloudStorage/OneDrive-VisualDefenceInc/Projects/road_object_shared/raw_frames/nighttime/20250727001208_057425A/frame_00037.jpg,car
/Users/tontran/Library/CloudStorage/OneDrive-VisualDefenceInc/Projects/road_object_shared/raw_frames/nighttime/20250727001208_057425A/frame_00038.jpg,car
/Users/tontran/Library/CloudStorage/OneDrive-VisualDefenceInc/Projects/road_object_shared/raw_frames/nighttime/20250727001208_057425A/frame_00039.jpg,car
/Users/tontran/Library/CloudStorage/OneDrive-VisualDefenceInc/Projects/road_object_shared/raw_frames/nighttime/20250727001208_057425A/frame_00040.jpg,car
/Users/tontran/Library/CloudStorage/OneDrive-VisualDefenceInc/Projects/road_object_shared/raw_frames/nighttime/20250727001208_057425A/frame_00041.jpg,car
/Users/tontran/Library/CloudStorage/OneDrive-VisualDefenceInc/Projects/road_object_shared/raw_frames/nighttime/20250727001208_057425A/frame_00042.jpg,car
/Users/tontran/Library/CloudStorage/OneDrive-VisualDefenceInc/Projects/road_object_shared/raw_frames/nighttime/20250727001208_057425A/frame_00043.jpg,car
/Users/tontran/Library/CloudStorage/OneDrive-VisualDefenceInc/Projects/road_object_shared/raw_frames/nighttime/20250727001208_057425A/frame_00044.jpg,car
/Users/tontran/Library/CloudStorage/OneDrive-VisualDefenceInc/Projects/road_object_shared/raw_frames/nighttime/20250727001208_057425A/frame_00045.jpg,car
/Users/tontran/Library/CloudStorage/OneDrive-VisualDefenceInc/Projects/road_object_shared/raw_frames/nighttime/20250727001208_057425A/frame_00046.jpg,car
/Users/tontran/Library/CloudStorage/OneDrive-VisualDefenceInc/Projects/road_object_shared/raw_frames/nighttime/20250727001208_057425A/frame_00047.jpg,car
/Users/tontran/Library/CloudStorage/OneDrive-VisualDefenceInc/Projects/road_object_shared/raw_frames/nighttime/20250727001308_057427A/frame_00000.jpg,car
/Users/tontran/Library/CloudStorage/OneDrive-VisualDefenceInc/Projects/road_object_shared/raw_frames/nighttime/20250727001308_057427A/frame_00001.jpg,car
/Users/tontran/Library/CloudStorage/OneDrive-VisualDefenceInc/Projects/road_object_shared/raw_frames/nighttime/20250727001308_057427A/frame_00002.jpg,car
/Users/tontran/Library/CloudStorage/OneDrive-VisualDefenceInc/Projects/road_object_shared/raw_frames/nighttime/20250727001308_057427A/frame_00003.jpg,car
/Users/tontran/Library/CloudStorage/OneDrive-VisualDefenceInc/Projects/road_object_shared/raw_frames/nighttime/20250727001308_057427A/frame_00004.jpg,car
/Users/tontran/Library/CloudStorage/OneDrive-VisualDefenceInc/Projects/road_object_shared/raw_frames/nighttime/20250727001308_057427A/frame_00005.jpg,bus
/Users/tontran/Library/CloudStorage/OneDrive-VisualDefenceInc/Projects/road_object_shared/raw_frames/nighttime/20250727001308_057427A/frame_00006.jpg,car
/Users/tontran/Library/CloudStorage/OneDrive-VisualDefenceInc/Projects/road_object_shared/raw_frames/nighttime/20250727001308_057427A/frame_00007.jpg,car
/Users/tontran/Library/CloudStorage/OneDrive-VisualDefenceInc/Projects/road_object_shared/raw_frames/nighttime/20250727001308_057427A/frame_00008.jpg,car
/Users/tontran/Library/CloudStorage/OneDrive-VisualDefenceInc/Projects/road_object_shared/raw_frames/nighttime/20250727001308_057427A/frame_00009.jpg,car
/Users/tontran/Library/CloudStorage/OneDrive-VisualDefenceInc/Projects/road_object_shared/raw_frames/nighttime/20250727001308_057427A/frame_00010.jpg,car
/Users/tontran/Library/CloudStorage/OneDrive-VisualDefenceInc/Projects/road_object_shared/raw_frames/nighttime/20250727001308_057427A/frame_00011.jpg,car
/Users/tontran/Library/CloudStorage/OneDrive-VisualDefenceInc/Projects/road_object_shared/raw_frames/nighttime/20250727001308_057427A/frame_00012.jpg,car
/Users/tontran/Library/CloudStorage/OneDrive-VisualDefenceInc/Projects/road_object_shared/raw_frames/nighttime/20250727001308_057427A/frame_00013.jpg,car
/Users/tontran/Library/CloudStorage/OneDrive-VisualDefenceInc/Projects/road_object_shared/raw_frames/nighttime/20250727001308_057427A/frame_00014.jpg,car
/Users/tontran/Library/CloudStorage/OneDrive-VisualDefenceInc/Projects/road_object_shared/raw_frames/nighttime/20250727001308_057427A/frame_00015.jpg,car
/Users/tontran/Library/CloudStorage/OneDrive-VisualDefenceInc/Projects/road_object_shared/raw_frames/nighttime/20250727001308_057427A/frame_00016.jpg,car
/Users/tontran/Library/CloudStorage/OneDrive-VisualDefenceInc/Projects/road_object_shared/raw_frames/nighttime/20250727001308_057427A/frame_00017.jpg,car
/Users/tontran/Library/CloudStorage/OneDrive-VisualDefenceInc/Projects/road_object_shared/raw_frames/nighttime/20250727001308_057427A/frame_00018.jpg,car
/Users/tontran/Library/CloudStorage/OneDrive-VisualDefenceInc/Projects/road_object_shared/raw_frames/nighttime/20250727001308_057427A/frame_00019.jpg,car
/Users/tontran/Library/CloudStorage/OneDrive-VisualDefenceInc/Projects/road_object_shared/raw_frames/nighttime/20250727001308_057427A/frame_00020.jpg,car
/Users/tontran/Library/CloudStorage/OneDrive-VisualDefenceInc/Projects/road_object_shared/raw_frames/nighttime/20250727001308_057427A/frame_00021.jpg,car
/Users/tontran/Library/CloudStorage/OneDrive-VisualDefenceInc/Projects/road_object_shared/raw_frames/nighttime/20250727001308_057427A/frame_00022.jpg,car
/Users/tontran/Library/CloudStorage/OneDrive-VisualDefenceInc/Projects/road_object_shared/raw_frames/nighttime/20250727001308_057427A/frame_00023.jpg,car
/Users/tontran/Library/CloudStorage/OneDrive-VisualDefenceInc/Projects/road_object_shared/raw_frames/nighttime/20250727001308_057427A/frame_00024.jpg,car
/Users/tontran/Library/CloudStorage/OneDrive-VisualDefenceInc/Projects/road_object_shared/raw_frames/nighttime/20250727001308_057427A/frame_00025.jpg,car
/Users/tontran/Library/CloudStorage/OneDrive-VisualDefenceInc/Projects/road_object_shared/raw_frames/nighttime/20250727001308_057427A/frame_00026.jpg,car
/Users/tontran/Library/CloudStorage/OneDrive-VisualDefenceInc/Projects/road_object_shared/raw_frames/nighttime/20250727001308_057427A/frame_00027.jpg,car
/Users/tontran/Library/CloudStorage/OneDrive-VisualDefenceInc/Projects/road_object_shared/raw_frames/nighttime/20250727001308_057427A/frame_00028.jpg,car
/Users/tontran/Library/CloudStorage/OneDrive-VisualDefenceInc/Projects/road_object_shared/raw_frames/nighttime/20250727001308_057427A/frame_00029.jpg,car
/Users/tontran/Library/CloudStorage/OneDrive-VisualDefenceInc/Projects/road_object_shared/raw_frames/nighttime/20250727001308_057427A/frame_00030.jpg,car
/Users/tontran/Library/CloudStorage/OneDrive-VisualDefenceInc/Projects/road_object_shared/raw_frames/nighttime/20250727001308_057427A/frame_00031.jpg,car
/Users/tontran/Library/CloudStorage/OneDrive-VisualDefenceInc/Projects/road_object_shared/raw_frames/nighttime/20250727001308_057427A/frame_00032.jpg,car
/Users/tontran/Library/CloudStorage/OneDrive-VisualDefenceInc/Projects/road_object_shared/raw_frames/nighttime/20250727001308_057427A/frame_00033.jpg,car
/Users/tontran/Library/CloudStorage/OneDrive-VisualDefenceInc/Projects/road_object_shared/raw_frames/nighttime/20250727001308_057427A/frame_00034.jpg,car
/Users/tontran/Library/CloudStorage/OneDrive-VisualDefenceInc/Projects/road_object_shared/raw_frames/nighttime/20250727001308_057427A/frame_00035.jpg,car
/Users/tontran/Library/CloudStorage/OneDrive-VisualDefenceInc/Projects/road_object_shared/raw_frames/nighttime/20250727001308_057427A/frame_00036.jpg,car
/Users/tontran/Library/CloudStorage/OneDrive-VisualDefenceInc/Projects/road_object_shared/raw_frames/nighttime/20250727001308_057427A/frame_00037.jpg,car
/Users/tontran/Library/CloudStorage/OneDrive-VisualDefenceInc/Projects/road_object_shared/raw_frames/nighttime/20250727001308_057427A/frame_00038.jpg,car
/Users/tontran/Library/CloudStorage/OneDrive-VisualDefenceInc/Projects/road_object_shared/raw_frames/nighttime/20250727001308_057427A/frame_00039.jpg,car
/Users/tontran/Library/CloudStorage/OneDrive-VisualDefenceInc/Projects/road_object_shared/raw_frames/nighttime/20250727001308_057427A/frame_00040.jpg,car
/Users/tontran/Library/CloudStorage/OneDrive-VisualDefenceInc/Projects/road_object_shared/raw_frames/nighttime/20250727001308_057427A/frame_00041.jpg,car
/Users/tontran/Library/CloudStorage/OneDrive-VisualDefenceInc/Projects/road_object_shared/raw_frames/nighttime/20250727001308_057427A/frame_00042.jpg,car
/Users/tontran/Library/CloudStorage/OneDrive-VisualDefenceInc/Projects/road_object_shared/raw_frames/nighttime/20250727001308_057427A/frame_00043.jpg,car
/Users/tontran/Library/CloudStorage/OneDrive-VisualDefenceInc/Projects/road_object_shared/raw_frames/nighttime/20250727001308_057427A/frame_00044.jpg,car
/Users/tontran/Library/CloudStorage/OneDrive-VisualDefenceInc/Projects/road_object_shared/raw_frames/nighttime/20250727001308_057427A/frame_00045.jpg,car
/Users/tontran/Library/CloudStorage/OneDrive-VisualDefenceInc/Projects/road_object_shared/raw_frames/nighttime/20250727001308_057427A/frame_00046.jpg,car
/Users/tontran/Library/CloudStorage/OneDrive-VisualDefenceInc/Projects/road_object_shared/raw_frames/nighttime/20250727001308_057427A/frame_00047.jpg,car
/Users/tontran/Library/CloudStorage/OneDrive-VisualDefenceInc/Projects/road_object_shared/raw_frames/nighttime/20250727001408_057429A/frame_00000.jpg,car
/Users/tontran/Library/CloudStorage/OneDrive-VisualDefenceInc/Projects/road_object_shared/raw_frames/nighttime/20250727001408_057429A/frame_00001.jpg,car
/Users/tontran/Library/CloudStorage/OneDrive-VisualDefenceInc/Projects/road_object_shared/raw_frames/nighttime/20250727001408_057429A/frame_00002.jpg,car
/Users/tontran/Library/CloudStorage/OneDrive-VisualDefenceInc/Projects/road_object_shared/raw_frames/nighttime/20250727001408_057429A/frame_00003.jpg,car
/Users/tontran/Library/CloudStorage/OneDrive-VisualDefenceInc/Projects/road_object_shared/raw_frames/nighttime/20250727001408_057429A/frame_00004.jpg,car
/Users/tontran/Library/CloudStorage/OneDrive-VisualDefenceInc/Projects/road_object_shared/raw_frames/nighttime/20250727001408_057429A/frame_00005.jpg,car
/Users/tontran/Library/CloudStorage/OneDrive-VisualDefenceInc/Projects/road_object_shared/raw_frames/nighttime/20250727001408_057429A/frame_00006.jpg,car
/Users/tontran/Library/CloudStorage/OneDrive-VisualDefenceInc/Projects/road_object_shared/raw_frames/nighttime/20250727001408_057429A/frame_00007.jpg,car
/Users/tontran/Library/CloudStorage/OneDrive-VisualDefenceInc/Projects/road_object_shared/raw_frames/nighttime/20250727001408_057429A/frame_00008.jpg,car
/Users/tontran/Library/CloudStorage/OneDrive-VisualDefenceInc/Projects/road_object_shared/raw_frames/nighttime/20250727001408_057429A/frame_00009.jpg,car
/Users/tontran/Library/CloudStorage/OneDrive-VisualDefenceInc/Projects/road_object_shared/raw_frames/nighttime/20250727001408_057429A/frame_00010.jpg,car
/Users/tontran/Library/CloudStorage/OneDrive-VisualDefenceInc/Projects/road_object_shared/raw_frames/nighttime/20250727001408_057429A/frame_00011.jpg,car
/Users/tontran/Library/CloudStorage/OneDrive-VisualDefenceInc/Projects/road_object_shared/raw_frames/nighttime/20250727001408_057429A/frame_00012.jpg,car
/Users/tontran/Library/CloudStorage/OneDrive-VisualDefenceInc/Projects/road_object_shared/raw_frames/nighttime/20250727001408_057429A/frame_00013.jpg,car
/Users/tontran/Library/CloudStorage/OneDrive-VisualDefenceInc/Projects/road_object_shared/raw_frames/nighttime/20250727001408_057429A/frame_00014.jpg,car
/Users/tontran/Library/CloudStorage/OneDrive-VisualDefenceInc/Projects/road_object_shared/raw_frames/nighttime/20250727001408_057429A/frame_00015.jpg,car
/Users/tontran/Library/CloudStorage/OneDrive-VisualDefenceInc/Projects/road_object_shared/raw_frames/nighttime/20250727001408_057429A/frame_00016.jpg,car
/Users/tontran/Library/CloudStorage/OneDrive-VisualDefenceInc/Projects/road_object_shared/raw_frames/nighttime/20250727001408_057429A/frame_00017.jpg,car
/Users/tontran/Library/CloudStorage/OneDrive-VisualDefenceInc/Projects/road_object_shared/raw_frames/nighttime/20250727001408_057429A/frame_00018.jpg,car
/Users/tontran/Library/CloudStorage/OneDrive-VisualDefenceInc/Projects/road_object_shared/raw_frames/nighttime/20250727001408_057429A/frame_00019.jpg,car
/Users/tontran/Library/CloudStorage/OneDrive-VisualDefenceInc/Projects/road_object_shared/raw_frames/nighttime/20250727001408_057429A/frame_00020.jpg,car
/Users/tontran/Library/CloudStorage/OneDrive-VisualDefenceInc/Projects/road_object_shared/raw_frames/nighttime/20250727001408_057429A/frame_00021.jpg,car
/Users/tontran/Library/CloudStorage/OneDrive-VisualDefenceInc/Projects/road_object_shared/raw_frames/nighttime/20250727001408_057429A/frame_00022.jpg,car
/Users/tontran/Library/CloudStorage/OneDrive-VisualDefenceInc/Projects/road_object_shared/raw_frames/nighttime/20250727001408_057429A/frame_00023.jpg,car
/Users/tontran/Library/CloudStorage/OneDrive-VisualDefenceInc/Projects/road_object_shared/raw_frames/nighttime/20250727001408_057429A/frame_00024.jpg,car
/Users/tontran/Library/CloudStorage/OneDrive-VisualDefenceInc/Projects/road_object_shared/raw_frames/nighttime/20250727001408_057429A/frame_00025.jpg,car
/Users/tontran/Library/CloudStorage/OneDrive-VisualDefenceInc/Projects/road_object_shared/raw_frames/nighttime/20250727001408_057429A/frame_00026.jpg,car
/Users/tontran/Library/CloudStorage/OneDrive-VisualDefenceInc/Projects/road_object_shared/raw_frames/nighttime/20250727001408_057429A/frame_00027.jpg,car
/Users/tontran/Library/CloudStorage/OneDrive-VisualDefenceInc/Projects/road_object_shared/raw_frames/nighttime/20250727001408_057429A/frame_00028.jpg,car
/Users/tontran/Library/CloudStorage/OneDrive-VisualDefenceInc/Projects/road_object_shared/raw_frames/nighttime/20250727001408_057429A/frame_00029.jpg,car
/Users/tontran/Library/CloudStorage/OneDrive-VisualDefenceInc/Projects/road_object_shared/raw_frames/nighttime/20250727001408_057429A/frame_00030.jpg,car
/Users/tontran/Library/CloudStorage/OneDrive-VisualDefenceInc/Projects/road_object_shared/raw_frames/nighttime/20250727001408_057429A/frame_00031.jpg,car
/Users/tontran/Library/CloudStorage/OneDrive-VisualDefenceInc/Projects/road_object_shared/raw_frames/nighttime/20250727001408_057429A/frame_00032.jpg,car
/Users/tontran/Library/CloudStorage/OneDrive-VisualDefenceInc/Projects/road_object_shared/raw_frames/nighttime/20250727001408_057429A/frame_00033.jpg,car
/Users/tontran/Library/CloudStorage/OneDrive-VisualDefenceInc/Projects/road_object_shared/raw_frames/nighttime/20250727001408_057429A/frame_00034.jpg,car
/Users/tontran/Library/CloudStorage/OneDrive-VisualDefenceInc/Projects/road_object_shared/raw_frames/nighttime/20250727001408_057429A/frame_00035.jpg,car
/Users/tontran/Library/CloudStorage/OneDrive-VisualDefenceInc/Projects/road_object_shared/raw_frames/nighttime/20250727001408_057429A/frame_00036.jpg,car
/Users/tontran/Library/CloudStorage/OneDrive-VisualDefenceInc/Projects/road_object_shared/raw_frames/nighttime/20250727001408_057429A/frame_00037.jpg,car
/Users/tontran/Library/CloudStorage/OneDrive-VisualDefenceInc/Projects/road_object_shared/raw_frames/nighttime/20250727001408_057429A/frame_00038.jpg,car
/Users/tontran/Library/CloudStorage/OneDrive-VisualDefenceInc/Projects/road_object_shared/raw_frames/nighttime/20250727001408_057429A/frame_00039.jpg,car
/Users/tontran/Library/CloudStorage/OneDrive-VisualDefenceInc/Projects/road_object_shared/raw_frames/nighttime/20250727001408_057429A/frame_00040.jpg,car
/Users/tontran/Library/CloudStorage/OneDrive-VisualDefenceInc/Projects/road_object_shared/raw_frames/nighttime/20250727001408_057429A/frame_00041.jpg,car
/Users/tontran/Library/CloudStorage/OneDrive-VisualDefenceInc/Projects/road_object_shared/raw_frames/nighttime/20250727001408_057429A/frame_00042.jpg,car
/Users/tontran/Library/CloudStorage/OneDrive-VisualDefenceInc/Projects/road_object_shared/raw_frames/nighttime/20250727001408_057429A/frame_00043.jpg,car
/Users/tontran/Library/CloudStorage/OneDrive-VisualDefenceInc/Projects/road_object_shared/raw_frames/nighttime/20250727001408_057429A/frame_00044.jpg,car
/Users/tontran/Library/CloudStorage/OneDrive-VisualDefenceInc/Projects/road_object_shared/raw_frames/nighttime/20250727001408_057429A/frame_00045.jpg,car
/Users/tontran/Library/CloudStorage/OneDrive-VisualDefenceInc/Projects/road_object_shared/raw_frames/nighttime/20250727001408_057429A/frame_00046.jpg,car
/Users/tontran/Library/CloudStorage/OneDrive-VisualDefenceInc/Projects/road_object_shared/raw_frames/nighttime/20250727001408_057429A/frame_00047.jpg,car
/Users/tontran/Library/CloudStorage/OneDrive-VisualDefenceInc/Projects/road_object_shared/raw_frames/nighttime/20250727001508_057431A/frame_00000.jpg,car
/Users/tontran/Library/CloudStorage/OneDrive-VisualDefenceInc/Projects/road_object_shared/raw_frames/nighttime/20250727001508_057431A/frame_00001.jpg,car
/Users/tontran/Library/CloudStorage/OneDrive-VisualDefenceInc/Projects/road_object_shared/raw_frames/nighttime/20250727001508_057431A/frame_00002.jpg,car
/Users/tontran/Library/CloudStorage/OneDrive-VisualDefenceInc/Projects/road_object_shared/raw_frames/nighttime/20250727001508_057431A/frame_00003.jpg,car
/Users/tontran/Library/CloudStorage/OneDrive-VisualDefenceInc/Projects/road_object_shared/raw_frames/nighttime/20250727001508_057431A/frame_00004.jpg,car
/Users/tontran/Library/CloudStorage/OneDrive-VisualDefenceInc/Projects/road_object_shared/raw_frames/nighttime/20250727001508_057431A/frame_00005.jpg,car
/Users/tontran/Library/CloudStorage/OneDrive-VisualDefenceInc/Projects/road_object_shared/raw_frames/nighttime/20250727001508_057431A/frame_00006.jpg,car
/Users/tontran/Library/CloudStorage/OneDrive-VisualDefenceInc/Projects/road_object_shared/raw_frames/nighttime/20250727001508_057431A/frame_00007.jpg,car
/Users/tontran/Library/CloudStorage/OneDrive-VisualDefenceInc/Projects/road_object_shared/raw_frames/nighttime/20250727001508_057431A/frame_00008.jpg,car
/Users/tontran/Library/CloudStorage/OneDrive-VisualDefenceInc/Projects/road_object_shared/raw_frames/nighttime/20250727001508_057431A/frame_00009.jpg,car
/Users/tontran/Library/CloudStorage/OneDrive-VisualDefenceInc/Projects/road_object_shared/raw_frames/nighttime/20250727001508_057431A/frame_00010.jpg,car
/Users/tontran/Library/CloudStorage/OneDrive-VisualDefenceInc/Projects/road_object_shared/raw_frames/nighttime/20250727001508_057431A/frame_00011.jpg,car
/Users/tontran/Library/CloudStorage/OneDrive-VisualDefenceInc/Projects/road_object_shared/raw_frames/nighttime/20250727001508_057431A/frame_00012.jpg,car
/Users/tontran/Library/CloudStorage/OneDrive-VisualDefenceInc/Projects/road_object_shared/raw_frames/nighttime/20250727001508_057431A/frame_00013.jpg,car
/Users/tontran/Library/CloudStorage/OneDrive-VisualDefenceInc/Projects/road_object_shared/raw_frames/nighttime/20250727001508_057431A/frame_00014.jpg,car
/Users/tontran/Library/CloudStorage/OneDrive-VisualDefenceInc/Projects/road_object_shared/raw_frames/nighttime/20250727001508_057431A/frame_00015.jpg,car
/Users/tontran/Library/CloudStorage/OneDrive-VisualDefenceInc/Projects/road_object_shared/raw_frames/nighttime/20250727001508_057431A/frame_00016.jpg,car
/Users/tontran/Library/CloudStorage/OneDrive-VisualDefenceInc/Projects/road_object_shared/raw_frames/nighttime/20250727001508_057431A/frame_00017.jpg,car
/Users/tontran/Library/CloudStorage/OneDrive-VisualDefenceInc/Projects/road_object_shared/raw_frames/nighttime/20250727001508_057431A/frame_00018.jpg,car
/Users/tontran/Library/CloudStorage/OneDrive-VisualDefenceInc/Projects/road_object_shared/raw_frames/nighttime/20250727001508_057431A/frame_00019.jpg,car
/Users/tontran/Library/CloudStorage/OneDrive-VisualDefenceInc/Projects/road_object_shared/raw_frames/nighttime/20250727001508_057431A/frame_00020.jpg,car
/Users/tontran/Library/CloudStorage/OneDrive-VisualDefenceInc/Projects/road_object_shared/raw_frames/nighttime/20250727001508_057431A/frame_00021.jpg,car
/Users/tontran/Library/CloudStorage/OneDrive-VisualDefenceInc/Projects/road_object_shared/raw_frames/nighttime/20250727001508_057431A/frame_00022.jpg,car
/Users/tontran/Library/CloudStorage/OneDrive-VisualDefenceInc/Projects/road_object_shared/raw_frames/nighttime/20250727001508_057431A/frame_00023.jpg,car
/Users/tontran/Library/CloudStorage/OneDrive-VisualDefenceInc/Projects/road_object_shared/raw_frames/nighttime/20250727001508_057431A/frame_00024.jpg,car
/Users/tontran/Library/CloudStorage/OneDrive-VisualDefenceInc/Projects/road_object_shared/raw_frames/nighttime/20250727001508_057431A/frame_00025.jpg,car
/Users/tontran/Library/CloudStorage/OneDrive-VisualDefenceInc/Projects/road_object_shared/raw_frames/nighttime/20250727001508_057431A/frame_00026.jpg,car
/Users/tontran/Library/CloudStorage/OneDrive-VisualDefenceInc/Projects/road_object_shared/raw_frames/nighttime/20250727001508_057431A/frame_00027.jpg,car
/Users/tontran/Library/CloudStorage/OneDrive-VisualDefenceInc/Projects/road_object_shared/raw_frames/nighttime/20250727001508_057431A/frame_00028.jpg,car
/Users/tontran/Library/CloudStorage/OneDrive-VisualDefenceInc/Projects/road_object_shared/raw_frames/nighttime/20250727001508_057431A/frame_00029.jpg,
/Users/tontran/Library/CloudStorage/OneDrive-VisualDefenceInc/Projects/road_object_shared/raw_frames/nighttime/20250727001508_057431A/frame_00030.jpg,
/Users/tontran/Library/CloudStorage/OneDrive-VisualDefenceInc/Projects/road_object_shared/raw_frames/nighttime/20250727001508_057431A/frame_00031.jpg,
/Users/tontran/Library/CloudStorage/OneDrive-VisualDefenceInc/Projects/road_object_shared/raw_frames/nighttime/20250727001508_057431A/frame_00032.jpg,
/Users/tontran/Library/CloudStorage/OneDrive-VisualDefenceInc/Projects/road_object_shared/raw_frames/nighttime/20250727001508_057431A/frame_00033.jpg,car
/Users/tontran/Library/CloudStorage/OneDrive-VisualDefenceInc/Projects/road_object_shared/raw_frames/nighttime/20250727001508_057431A/frame_00034.jpg,car
/Users/tontran/Library/CloudStorage/OneDrive-VisualDefenceInc/Projects/road_object_shared/raw_frames/nighttime/20250727001508_057431A/frame_00035.jpg,car
/Users/tontran/Library/CloudStorage/OneDrive-VisualDefenceInc/Projects/road_object_shared/raw_frames/nighttime/20250727001508_057431A/frame_00036.jpg,car
/Users/tontran/Library/CloudStorage/OneDrive-VisualDefenceInc/Projects/road_object_shared/raw_frames/nighttime/20250727001508_057431A/frame_00037.jpg,car
/Users/tontran/Library/CloudStorage/OneDrive-VisualDefenceInc/Projects/road_object_shared/raw_frames/nighttime/20250727001508_057431A/frame_00038.jpg,car
/Users/tontran/Library/CloudStorage/OneDrive-VisualDefenceInc/Projects/road_object_shared/raw_frames/nighttime/20250727001508_057431A/frame_00039.jpg,car
/Users/tontran/Library/CloudStorage/OneDrive-VisualDefenceInc/Projects/road_object_shared/raw_frames/nighttime/20250727001508_057431A/frame_00040.jpg,car
/Users/tontran/Library/CloudStorage/OneDrive-VisualDefenceInc/Projects/road_object_shared/raw_frames/nighttime/20250727001508_057431A/frame_00041.jpg,car
/Users/tontran/Library/CloudStorage/OneDrive-VisualDefenceInc/Projects/road_object_shared/raw_frames/nighttime/20250727001508_057431A/frame_00042.jpg,car
/Users/tontran/Library/CloudStorage/OneDrive-VisualDefenceInc/Projects/road_object_shared/raw_frames/nighttime/20250727001508_057431A/frame_00043.jpg,car
/Users/tontran/Library/CloudStorage/OneDrive-VisualDefenceInc/Projects/road_object_shared/raw_frames/nighttime/20250727001508_057431A/frame_00044.jpg,car
/Users/tontran/Library/CloudStorage/OneDrive-VisualDefenceInc/Projects/road_object_shared/raw_frames/nighttime/20250727001508_057431A/frame_00045.jpg,car
/Users/tontran/Library/CloudStorage/OneDrive-VisualDefenceInc/Projects/road_object_shared/raw_frames/nighttime/20250727001508_057431A/frame_00046.jpg,car
/Users/tontran/Library/CloudStorage/OneDrive-VisualDefenceInc/Projects/road_object_shared/raw_frames/nighttime/20250727001508_057431A/frame_00047.jpg,car
/Users/tontran/Library/CloudStorage/OneDrive-VisualDefenceInc/Projects/road_object_shared/raw_frames/nighttime/20250727001608_057433A/frame_00000.jpg,car
/Users/tontran/Library/CloudStorage/OneDrive-VisualDefenceInc/Projects/road_object_shared/raw_frames/nighttime/20250727001608_057433A/frame_00001.jpg,car
/Users/tontran/Library/CloudStorage/OneDrive-VisualDefenceInc/Projects/road_object_shared/raw_frames/nighttime/20250727001608_057433A/frame_00002.jpg,car
/Users/tontran/Library/CloudStorage/OneDrive-VisualDefenceInc/Projects/road_object_shared/raw_frames/nighttime/20250727001608_057433A/frame_00003.jpg,car
/Users/tontran/Library/CloudStorage/OneDrive-VisualDefenceInc/Projects/road_object_shared/raw_frames/nighttime/20250727001608_057433A/frame_00004.jpg,car
/Users/tontran/Library/CloudStorage/OneDrive-VisualDefenceInc/Projects/road_object_shared/raw_frames/nighttime/20250727001608_057433A/frame_00005.jpg,car
/Users/tontran/Library/CloudStorage/OneDrive-VisualDefenceInc/Projects/road_object_shared/raw_frames/nighttime/20250727001608_057433A/frame_00006.jpg,car
/Users/tontran/Library/CloudStorage/OneDrive-VisualDefenceInc/Projects/road_object_shared/raw_frames/nighttime/20250727001608_057433A/frame_00007.jpg,car
/Users/tontran/Library/CloudStorage/OneDrive-VisualDefenceInc/Projects/road_object_shared/raw_frames/nighttime/20250727001608_057433A/frame_00008.jpg,car
/Users/tontran/Library/CloudStorage/OneDrive-VisualDefenceInc/Projects/road_object_shared/raw_frames/nighttime/20250727001608_057433A/frame_00009.jpg,car
/Users/tontran/Library/CloudStorage/OneDrive-VisualDefenceInc/Projects/road_object_shared/raw_frames/nighttime/20250727001608_057433A/frame_00010.jpg,car
/Users/tontran/Library/CloudStorage/OneDrive-VisualDefenceInc/Projects/road_object_shared/raw_frames/nighttime/20250727001608_057433A/frame_00011.jpg,car
/Users/tontran/Library/CloudStorage/OneDrive-VisualDefenceInc/Projects/road_object_shared/raw_frames/nighttime/20250727001608_057433A/frame_00012.jpg,car
/Users/tontran/Library/CloudStorage/OneDrive-VisualDefenceInc/Projects/road_object_shared/raw_frames/nighttime/20250727001608_057433A/frame_00013.jpg,car
/Users/tontran/Library/CloudStorage/OneDrive-VisualDefenceInc/Projects/road_object_shared/raw_frames/nighttime/20250727001608_057433A/frame_00014.jpg,car
/Users/tontran/Library/CloudStorage/OneDrive-VisualDefenceInc/Projects/road_object_shared/raw_frames/nighttime/20250727001608_057433A/frame_00015.jpg,
/Users/tontran/Library/CloudStorage/OneDrive-VisualDefenceInc/Projects/road_object_shared/raw_frames/nighttime/20250727001608_057433A/frame_00016.jpg,
/Users/tontran/Library/CloudStorage/OneDrive-VisualDefenceInc/Projects/road_object_shared/raw_frames/nighttime/20250727001608_057433A/frame_00017.jpg,
/Users/tontran/Library/CloudStorage/OneDrive-VisualDefenceInc/Projects/road_object_shared/raw_frames/nighttime/20250727001608_057433A/frame_00018.jpg,
/Users/tontran/Library/CloudStorage/OneDrive-VisualDefenceInc/Projects/road_object_shared/raw_frames/nighttime/20250727001608_057433A/frame_00019.jpg,
/Users/tontran/Library/CloudStorage/OneDrive-VisualDefenceInc/Projects/road_object_shared/raw_frames/nighttime/20250727001608_057433A/frame_00020.jpg,
/Users/tontran/Library/CloudStorage/OneDrive-VisualDefenceInc/Projects/road_object_shared/raw_frames/nighttime/20250727001608_057433A/frame_00021.jpg,
/Users/tontran/Library/CloudStorage/OneDrive-VisualDefenceInc/Projects/road_object_shared/raw_frames/nighttime/20250727001608_057433A/frame_00022.jpg,
/Users/tontran/Library/CloudStorage/OneDrive-VisualDefenceInc/Projects/road_object_shared/raw_frames/nighttime/20250727001608_057433A/frame_00023.jpg,car
/Users/tontran/Library/CloudStorage/OneDrive-VisualDefenceInc/Projects/road_object_shared/raw_frames/nighttime/20250727001608_057433A/frame_00024.jpg,car
/Users/tontran/Library/CloudStorage/OneDrive-VisualDefenceInc/Projects/road_object_shared/raw_frames/nighttime/20250727001608_057433A/frame_00025.jpg,car
/Users/tontran/Library/CloudStorage/OneDrive-VisualDefenceInc/Projects/road_object_shared/raw_frames/nighttime/20250727001608_057433A/frame_00026.jpg,car
/Users/tontran/Library/CloudStorage/OneDrive-VisualDefenceInc/Projects/road_object_shared/raw_frames/nighttime/20250727001608_057433A/frame_00027.jpg,car
/Users/tontran/Library/CloudStorage/OneDrive-VisualDefenceInc/Projects/road_object_shared/raw_frames/nighttime/20250727001608_057433A/frame_00028.jpg,car
/Users/tontran/Library/CloudStorage/OneDrive-VisualDefenceInc/Projects/road_object_shared/raw_frames/nighttime/20250727001608_057433A/frame_00029.jpg,car
/Users/tontran/Library/CloudStorage/OneDrive-VisualDefenceInc/Projects/road_object_shared/raw_frames/nighttime/20250727001608_057433A/frame_00030.jpg,car
/Users/tontran/Library/CloudStorage/OneDrive-VisualDefenceInc/Projects/road_object_shared/raw_frames/nighttime/20250727001608_057433A/frame_00031.jpg,car
/Users/tontran/Library/CloudStorage/OneDrive-VisualDefenceInc/Projects/road_object_shared/raw_frames/nighttime/20250727001608_057433A/frame_00032.jpg,car
/Users/tontran/Library/CloudStorage/OneDrive-VisualDefenceInc/Projects/road_object_shared/raw_frames/nighttime/20250727001608_057433A/frame_00033.jpg,car
/Users/tontran/Library/CloudStorage/OneDrive-VisualDefenceInc/Projects/road_object_shared/raw_frames/nighttime/20250727001608_057433A/frame_00034.jpg,car
/Users/tontran/Library/CloudStorage/OneDrive-VisualDefenceInc/Projects/road_object_shared/raw_frames/nighttime/20250727001608_057433A/frame_00035.jpg,car
/Users/tontran/Library/CloudStorage/OneDrive-VisualDefenceInc/Projects/road_object_shared/raw_frames/nighttime/20250727001608_057433A/frame_00036.jpg,car
/Users/tontran/Library/CloudStorage/OneDrive-VisualDefenceInc/Projects/road_object_shared/raw_frames/nighttime/20250727001608_057433A/frame_00037.jpg,car
/Users/tontran/Library/CloudStorage/OneDrive-VisualDefenceInc/Projects/road_object_shared/raw_frames/nighttime/20250727001608_057433A/frame_00038.jpg,car
/Users/tontran/Library/CloudStorage/OneDrive-VisualDefenceInc/Projects/road_object_shared/raw_frames/nighttime/20250727001608_057433A/frame_00039.jpg,car
/Users/tontran/Library/CloudStorage/OneDrive-VisualDefenceInc/Projects/road_object_shared/raw_frames/nighttime/20250727001608_057433A/frame_00040.jpg,
/Users/tontran/Library/CloudStorage/OneDrive-VisualDefenceInc/Projects/road_object_shared/raw_frames/nighttime/20250727001608_057433A/frame_00041.jpg,
/Users/tontran/Library/CloudStorage/OneDrive-VisualDefenceInc/Projects/road_object_shared/raw_frames/nighttime/20250727001608_057433A/frame_00042.jpg,
/Users/tontran/Library/CloudStorage/OneDrive-VisualDefenceInc/Projects/road_object_shared/raw_frames/nighttime/20250727001608_057433A/frame_00043.jpg,
/Users/tontran/Library/CloudStorage/OneDrive-VisualDefenceInc/Projects/road_object_shared/raw_frames/nighttime/20250727001608_057433A/frame_00044.jpg,
/Users/tontran/Library/CloudStorage/OneDrive-VisualDefenceInc/Projects/road_object_shared/raw_frames/nighttime/20250727001608_057433A/frame_00045.jpg,
/Users/tontran/Library/CloudStorage/OneDrive-VisualDefenceInc/Projects/road_object_shared/raw_frames/nighttime/20250727001608_057433A/frame_00046.jpg,
/Users/tontran/Library/CloudStorage/OneDrive-VisualDefenceInc/Projects/road_object_shared/raw_frames/nighttime/20250727001608_057433A/frame_00047.jpg,
/Users/tontran/Library/CloudStorage/OneDrive-VisualDefenceInc/Projects/road_object_shared/raw_frames/nighttime/20250727001708_057435A/frame_00000.jpg,
/Users/tontran/Library/CloudStorage/OneDrive-VisualDefenceInc/Projects/road_object_shared/raw_frames/nighttime/20250727001708_057435A/frame_00001.jpg,
/Users/tontran/Library/CloudStorage/OneDrive-VisualDefenceInc/Projects/road_object_shared/raw_frames/nighttime/20250727001708_057435A/frame_00002.jpg,
/Users/tontran/Library/CloudStorage/OneDrive-VisualDefenceInc/Projects/road_object_shared/raw_frames/nighttime/20250727001708_057435A/frame_00003.jpg,
/Users/tontran/Library/CloudStorage/OneDrive-VisualDefenceInc/Projects/road_object_shared/raw_frames/nighttime/20250727001708_057435A/frame_00004.jpg,
/Users/tontran/Library/CloudStorage/OneDrive-VisualDefenceInc/Projects/road_object_shared/raw_frames/nighttime/20250727001708_057435A/frame_00005.jpg,
/Users/tontran/Library/CloudStorage/OneDrive-VisualDefenceInc/Projects/road_object_shared/raw_frames/nighttime/20250727001708_057435A/frame_00006.jpg,
/Users/tontran/Library/CloudStorage/OneDrive-VisualDefenceInc/Projects/road_object_shared/raw_frames/nighttime/20250727001708_057435A/frame_00007.jpg,
/Users/tontran/Library/CloudStorage/OneDrive-VisualDefenceInc/Projects/road_object_shared/raw_frames/nighttime/20250727001708_057435A/frame_00008.jpg,
/Users/tontran/Library/CloudStorage/OneDrive-VisualDefenceInc/Projects/road_object_shared/raw_frames/nighttime/20250727001708_057435A/frame_00009.jpg,
/Users/tontran/Library/CloudStorage/OneDrive-VisualDefenceInc/Projects/road_object_shared/raw_frames/nighttime/20250727001708_057435A/frame_00010.jpg,
/Users/tontran/Library/CloudStorage/OneDrive-VisualDefenceInc/Projects/road_object_shared/raw_frames/nighttime/20250727001708_057435A/frame_00011.jpg,
/Users/tontran/Library/CloudStorage/OneDrive-VisualDefenceInc/Projects/road_object_shared/raw_frames/nighttime/20250727001708_057435A/frame_00012.jpg,
/Users/tontran/Library/CloudStorage/OneDrive-VisualDefenceInc/Projects/road_object_shared/raw_frames/nighttime/20250727001708_057435A/frame_00013.jpg,
/Users/tontran/Library/CloudStorage/OneDrive-VisualDefenceInc/Projects/road_object_shared/raw_frames/nighttime/20250727001708_057435A/frame_00014.jpg,
/Users/tontran/Library/CloudStorage/OneDrive-VisualDefenceInc/Projects/road_object_shared/raw_frames/nighttime/20250727001708_057435A/frame_00015.jpg,
/Users/tontran/Library/CloudStorage/OneDrive-VisualDefenceInc/Projects/road_object_shared/raw_frames/nighttime/20250727001708_057435A/frame_00016.jpg,
/Users/tontran/Library/CloudStorage/OneDrive-VisualDefenceInc/Projects/road_object_shared/raw_frames/nighttime/20250727001708_057435A/frame_00017.jpg,
/Users/tontran/Library/CloudStorage/OneDrive-VisualDefenceInc/Projects/road_object_shared/raw_frames/nighttime/20250727001708_057435A/frame_00018.jpg,
/Users/tontran/Library/CloudStorage/OneDrive-VisualDefenceInc/Projects/road_object_shared/raw_frames/nighttime/20250727001708_057435A/frame_00019.jpg,
/Users/tontran/Library/CloudStorage/OneDrive-VisualDefenceInc/Projects/road_object_shared/raw_frames/nighttime/20250727001708_057435A/frame_00020.jpg,
/Users/tontran/Library/CloudStorage/OneDrive-VisualDefenceInc/Projects/road_object_shared/raw_frames/nighttime/20250727001708_057435A/frame_00021.jpg,
/Users/tontran/Library/CloudStorage/OneDrive-VisualDefenceInc/Projects/road_object_shared/raw_frames/nighttime/20250727001708_057435A/frame_00022.jpg,
/Users/tontran/Library/CloudStorage/OneDrive-VisualDefenceInc/Projects/road_object_shared/raw_frames/nighttime/20250727001708_057435A/frame_00023.jpg,
/Users/tontran/Library/CloudStorage/OneDrive-VisualDefenceInc/Projects/road_object_shared/raw_frames/nighttime/20250727001708_057435A/frame_00024.jpg,
/Users/tontran/Library/CloudStorage/OneDrive-VisualDefenceInc/Projects/road_object_shared/raw_frames/nighttime/20250727001708_057435A/frame_00025.jpg,
/Users/tontran/Library/CloudStorage/OneDrive-VisualDefenceInc/Projects/road_object_shared/raw_frames/nighttime/20250727001708_057435A/frame_00026.jpg,car
/Users/tontran/Library/CloudStorage/OneDrive-VisualDefenceInc/Projects/road_object_shared/raw_frames/nighttime/20250727001708_057435A/frame_00027.jpg,car
/Users/tontran/Library/CloudStorage/OneDrive-VisualDefenceInc/Projects/road_object_shared/raw_frames/nighttime/20250727001708_057435A/frame_00028.jpg,
/Users/tontran/Library/CloudStorage/OneDrive-VisualDefenceInc/Projects/road_object_shared/raw_frames/nighttime/20250727001708_057435A/frame_00029.jpg,
/Users/tontran/Library/CloudStorage/OneDrive-VisualDefenceInc/Projects/road_object_shared/raw_frames/nighttime/20250727001708_057435A/frame_00030.jpg,
/Users/tontran/Library/CloudStorage/OneDrive-VisualDefenceInc/Projects/road_object_shared/raw_frames/nighttime/20250727001708_057435A/frame_00031.jpg,
/Users/tontran/Library/CloudStorage/OneDrive-VisualDefenceInc/Projects/road_object_shared/raw_frames/nighttime/20250727001708_057435A/frame_00032.jpg,
/Users/tontran/Library/CloudStorage/OneDrive-VisualDefenceInc/Projects/road_object_shared/raw_frames/nighttime/20250727001708_057435A/frame_00033.jpg,
/Users/tontran/Library/CloudStorage/OneDrive-VisualDefenceInc/Projects/road_object_shared/raw_frames/nighttime/20250727001708_057435A/frame_00034.jpg,
/Users/tontran/Library/CloudStorage/OneDrive-VisualDefenceInc/Projects/road_object_shared/raw_frames/nighttime/20250727001708_057435A/frame_00035.jpg,
/Users/tontran/Library/CloudStorage/OneDrive-VisualDefenceInc/Projects/road_object_shared/raw_frames/nighttime/20250727001708_057435A/frame_00036.jpg,
/Users/tontran/Library/CloudStorage/OneDrive-VisualDefenceInc/Projects/road_object_shared/raw_frames/nighttime/20250727001708_057435A/frame_00037.jpg,
/Users/tontran/Library/CloudStorage/OneDrive-VisualDefenceInc/Projects/road_object_shared/raw_frames/nighttime/20250727001708_057435A/frame_00038.jpg,
/Users/tontran/Library/CloudStorage/OneDrive-VisualDefenceInc/Projects/road_object_shared/raw_frames/nighttime/20250727001708_057435A/frame_00039.jpg,
/Users/tontran/Library/CloudStorage/OneDrive-VisualDefenceInc/Projects/road_object_shared/raw_frames/nighttime/20250727001708_057435A/frame_00040.jpg,
/Users/tontran/Library/CloudStorage/OneDrive-VisualDefenceInc/Projects/road_object_shared/raw_frames/nighttime/20250727001708_057435A/frame_00041.jpg,
/Users/tontran/Library/CloudStorage/OneDrive-VisualDefenceInc/Projects/road_object_shared/raw_frames/nighttime/20250727001708_057435A/frame_00042.jpg,
/Users/tontran/Library/CloudStorage/OneDrive-VisualDefenceInc/Projects/road_object_shared/raw_frames/nighttime/20250727001708_057435A/frame_00043.jpg,
/Users/tontran/Library/CloudStorage/OneDrive-VisualDefenceInc/Projects/road_object_shared/raw_frames/nighttime/20250727001708_057435A/frame_00044.jpg,
/Users/tontran/Library/CloudStorage/OneDrive-VisualDefenceInc/Projects/road_object_shared/raw_frames/nighttime/20250727001708_057435A/frame_00045.jpg,
/Users/tontran/Library/CloudStorage/OneDrive-VisualDefenceInc/Projects/road_object_shared/raw_frames/nighttime/20250727001708_057435A/frame_00046.jpg,
/Users/tontran/Library/CloudStorage/OneDrive-VisualDefenceInc/Projects/road_object_shared/raw_frames/nighttime/20250727001708_057435A/frame_00047.jpg,
/Users/tontran/Library/CloudStorage/OneDrive-VisualDefenceInc/Projects/road_object_shared/raw_frames/nighttime/20250727001808_057437A/frame_00000.jpg,
/Users/tontran/Library/CloudStorage/OneDrive-VisualDefenceInc/Projects/road_object_shared/raw_frames/nighttime/20250727001808_057437A/frame_00001.jpg,
/Users/tontran/Library/CloudStorage/OneDrive-VisualDefenceInc/Projects/road_object_shared/raw_frames/nighttime/20250727001808_057437A/frame_00002.jpg,
/Users/tontran/Library/CloudStorage/OneDrive-VisualDefenceInc/Projects/road_object_shared/raw_frames/nighttime/20250727001808_057437A/frame_00003.jpg,
/Users/tontran/Library/CloudStorage/OneDrive-VisualDefenceInc/Projects/road_object_shared/raw_frames/nighttime/20250727001808_057437A/frame_00004.jpg,
/Users/tontran/Library/CloudStorage/OneDrive-VisualDefenceInc/Projects/road_object_shared/raw_frames/nighttime/20250727001808_057437A/frame_00005.jpg,
/Users/tontran/Library/CloudStorage/OneDrive-VisualDefenceInc/Projects/road_object_shared/raw_frames/nighttime/20250727001808_057437A/frame_00006.jpg,
/Users/tontran/Library/CloudStorage/OneDrive-VisualDefenceInc/Projects/road_object_shared/raw_frames/nighttime/20250727001808_057437A/frame_00007.jpg,car
/Users/tontran/Library/CloudStorage/OneDrive-VisualDefenceInc/Projects/road_object_shared/raw_frames/nighttime/20250727001808_057437A/frame_00008.jpg,car
/Users/tontran/Library/CloudStorage/OneDrive-VisualDefenceInc/Projects/road_object_shared/raw_frames/nighttime/20250727001808_057437A/frame_00009.jpg,
/Users/tontran/Library/CloudStorage/OneDrive-VisualDefenceInc/Projects/road_object_shared/raw_frames/nighttime/20250727001808_057437A/frame_00010.jpg,
/Users/tontran/Library/CloudStorage/OneDrive-VisualDefenceInc/Projects/road_object_shared/raw_frames/nighttime/20250727001808_057437A/frame_00011.jpg,
/Users/tontran/Library/CloudStorage/OneDrive-VisualDefenceInc/Projects/road_object_shared/raw_frames/nighttime/20250727001808_057437A/frame_00012.jpg,
/Users/tontran/Library/CloudStorage/OneDrive-VisualDefenceInc/Projects/road_object_shared/raw_frames/nighttime/20250727001808_057437A/frame_00013.jpg,
/Users/tontran/Library/CloudStorage/OneDrive-VisualDefenceInc/Projects/road_object_shared/raw_frames/nighttime/20250727001808_057437A/frame_00014.jpg,
/Users/tontran/Library/CloudStorage/OneDrive-VisualDefenceInc/Projects/road_object_shared/raw_frames/nighttime/20250727001808_057437A/frame_00015.jpg,
/Users/tontran/Library/CloudStorage/OneDrive-VisualDefenceInc/Projects/road_object_shared/raw_frames/nighttime/20250727001808_057437A/frame_00016.jpg,
/Users/tontran/Library/CloudStorage/OneDrive-VisualDefenceInc/Projects/road_object_shared/raw_frames/nighttime/20250727001808_057437A/frame_00017.jpg,
/Users/tontran/Library/CloudStorage/OneDrive-VisualDefenceInc/Projects/road_object_shared/raw_frames/nighttime/20250727001808_057437A/frame_00018.jpg,
/Users/tontran/Library/CloudStorage/OneDrive-VisualDefenceInc/Projects/road_object_shared/raw_frames/nighttime/20250727001808_057437A/frame_00019.jpg,
/Users/tontran/Library/CloudStorage/OneDrive-VisualDefenceInc/Projects/road_object_shared/raw_frames/nighttime/20250727001808_057437A/frame_00020.jpg,
/Users/tontran/Library/CloudStorage/OneDrive-VisualDefenceInc/Projects/road_object_shared/raw_frames/nighttime/20250727001808_057437A/frame_00021.jpg,
/Users/tontran/Library/CloudStorage/OneDrive-VisualDefenceInc/Projects/road_object_shared/raw_frames/nighttime/20250727001808_057437A/frame_00022.jpg,
/Users/tontran/Library/CloudStorage/OneDrive-VisualDefenceInc/Projects/road_object_shared/raw_frames/nighttime/20250727001808_057437A/frame_00023.jpg,
/Users/tontran/Library/CloudStorage/OneDrive-VisualDefenceInc/Projects/road_object_shared/raw_frames/nighttime/20250727001808_057437A/frame_00024.jpg,
/Users/tontran/Library/CloudStorage/OneDrive-VisualDefenceInc/Projects/road_object_shared/raw_frames/nighttime/20250727001808_057437A/frame_00025.jpg,
/Users/tontran/Library/CloudStorage/OneDrive-VisualDefenceInc/Projects/road_object_shared/raw_frames/nighttime/20250727001808_057437A/frame_00026.jpg,
/Users/tontran/Library/CloudStorage/OneDrive-VisualDefenceInc/Projects/road_object_shared/raw_frames/nighttime/20250727001808_057437A/frame_00027.jpg,
/Users/tontran/Library/CloudStorage/OneDrive-VisualDefenceInc/Projects/road_object_shared/raw_frames/nighttime/20250727001808_057437A/frame_00028.jpg,
/Users/tontran/Library/CloudStorage/OneDrive-VisualDefenceInc/Projects/road_object_shared/raw_frames/nighttime/20250727001808_057437A/frame_00029.jpg,
/Users/tontran/Library/CloudStorage/OneDrive-VisualDefenceInc/Projects/road_object_shared/raw_frames/nighttime/20250727001808_057437A/frame_00030.jpg,
/Users/tontran/Library/CloudStorage/OneDrive-VisualDefenceInc/Projects/road_object_shared/raw_frames/nighttime/20250727001808_057437A/frame_00031.jpg,
/Users/tontran/Library/CloudStorage/OneDrive-VisualDefenceInc/Projects/road_object_shared/raw_frames/nighttime/20250727001808_057437A/frame_00032.jpg,
/Users/tontran/Library/CloudStorage/OneDrive-VisualDefenceInc/Projects/road_object_shared/raw_frames/nighttime/20250727001808_057437A/frame_00033.jpg,
/Users/tontran/Library/CloudStorage/OneDrive-VisualDefenceInc/Projects/road_object_shared/raw_frames/nighttime/20250727001808_057437A/frame_00034.jpg,
/Users/tontran/Library/CloudStorage/OneDrive-VisualDefenceInc/Projects/road_object_shared/raw_frames/nighttime/20250727001808_057437A/frame_00035.jpg,
/Users/tontran/Library/CloudStorage/OneDrive-VisualDefenceInc/Projects/road_object_shared/raw_frames/nighttime/20250727001808_057437A/frame_00036.jpg,
/Users/tontran/Library/CloudStorage/OneDrive-VisualDefenceInc/Projects/road_object_shared/raw_frames/nighttime/20250727001808_057437A/frame_00037.jpg,
/Users/tontran/Library/CloudStorage/OneDrive-VisualDefenceInc/Projects/road_object_shared/raw_frames/nighttime/20250727001808_057437A/frame_00038.jpg,
/Users/tontran/Library/CloudStorage/OneDrive-VisualDefenceInc/Projects/road_object_shared/raw_frames/nighttime/20250727001808_057437A/frame_00039.jpg,
/Users/tontran/Library/CloudStorage/OneDrive-VisualDefenceInc/Projects/road_object_shared/raw_frames/nighttime/20250727001808_057437A/frame_00040.jpg,
/Users/tontran/Library/CloudStorage/OneDrive-VisualDefenceInc/Projects/road_object_shared/raw_frames/nighttime/20250727001808_057437A/frame_00041.jpg,
/Users/tontran/Library/CloudStorage/OneDrive-VisualDefenceInc/Projects/road_object_shared/raw_frames/nighttime/20250727001808_057437A/frame_00042.jpg,
/Users/tontran/Library/CloudStorage/OneDrive-VisualDefenceInc/Projects/road_object_shared/raw_frames/nighttime/20250727001808_057437A/frame_00043.jpg,
/Users/tontran/Library/CloudStorage/OneDrive-VisualDefenceInc/Projects/road_object_shared/raw_frames/nighttime/20250727001808_057437A/frame_00044.jpg,
/Users/tontran/Library/CloudStorage/OneDrive-VisualDefenceInc/Projects/road_object_shared/raw_frames/nighttime/20250727001808_057437A/frame_00045.jpg,
/Users/tontran/Library/CloudStorage/OneDrive-VisualDefenceInc/Projects/road_object_shared/raw_frames/nighttime/20250727001808_057437A/frame_00046.jpg,
/Users/tontran/Library/CloudStorage/OneDrive-VisualDefenceInc/Projects/road_object_shared/raw_frames/nighttime/20250727001808_057437A/frame_00047.jpg,
/Users/tontran/Library/CloudStorage/OneDrive-VisualDefenceInc/Projects/road_object_shared/raw_frames/nighttime/20250727001908_057439A/frame_00000.jpg,
/Users/tontran/Library/CloudStorage/OneDrive-VisualDefenceInc/Projects/road_object_shared/raw_frames/nighttime/20250727001908_057439A/frame_00001.jpg,
/Users/tontran/Library/CloudStorage/OneDrive-VisualDefenceInc/Projects/road_object_shared/raw_frames/nighttime/20250727001908_057439A/frame_00002.jpg,
/Users/tontran/Library/CloudStorage/OneDrive-VisualDefenceInc/Projects/road_object_shared/raw_frames/nighttime/20250727001908_057439A/frame_00003.jpg,
/Users/tontran/Library/CloudStorage/OneDrive-VisualDefenceInc/Projects/road_object_shared/raw_frames/nighttime/20250727001908_057439A/frame_00004.jpg,
/Users/tontran/Library/CloudStorage/OneDrive-VisualDefenceInc/Projects/road_object_shared/raw_frames/nighttime/20250727001908_057439A/frame_00005.jpg,
/Users/tontran/Library/CloudStorage/OneDrive-VisualDefenceInc/Projects/road_object_shared/raw_frames/nighttime/20250727001908_057439A/frame_00006.jpg,
/Users/tontran/Library/CloudStorage/OneDrive-VisualDefenceInc/Projects/road_object_shared/raw_frames/nighttime/20250727001908_057439A/frame_00007.jpg,
/Users/tontran/Library/CloudStorage/OneDrive-VisualDefenceInc/Projects/road_object_shared/raw_frames/nighttime/20250727001908_057439A/frame_00008.jpg,
/Users/tontran/Library/CloudStorage/OneDrive-VisualDefenceInc/Projects/road_object_shared/raw_frames/nighttime/20250727001908_057439A/frame_00009.jpg,
/Users/tontran/Library/CloudStorage/OneDrive-VisualDefenceInc/Projects/road_object_shared/raw_frames/nighttime/20250727001908_057439A/frame_00010.jpg,
/Users/tontran/Library/CloudStorage/OneDrive-VisualDefenceInc/Projects/road_object_shared/raw_frames/nighttime/20250727001908_057439A/frame_00011.jpg,
/Users/tontran/Library/CloudStorage/OneDrive-VisualDefenceInc/Projects/road_object_shared/raw_frames/nighttime/20250727001908_057439A/frame_00012.jpg,
/Users/tontran/Library/CloudStorage/OneDrive-VisualDefenceInc/Projects/road_object_shared/raw_frames/nighttime/20250727001908_057439A/frame_00013.jpg,
/Users/tontran/Library/CloudStorage/OneDrive-VisualDefenceInc/Projects/road_object_shared/raw_frames/nighttime/20250727001908_057439A/frame_00014.jpg,
/Users/tontran/Library/CloudStorage/OneDrive-VisualDefenceInc/Projects/road_object_shared/raw_frames/nighttime/20250727001908_057439A/frame_00015.jpg,
/Users/tontran/Library/CloudStorage/OneDrive-VisualDefenceInc/Projects/road_object_shared/raw_frames/nighttime/20250727001908_057439A/frame_00016.jpg,
/Users/tontran/Library/CloudStorage/OneDrive-VisualDefenceInc/Projects/road_object_shared/raw_frames/nighttime/20250727001908_057439A/frame_00017.jpg,
/Users/tontran/Library/CloudStorage/OneDrive-VisualDefenceInc/Projects/road_object_shared/raw_frames/nighttime/20250727001908_057439A/frame_00018.jpg,
/Users/tontran/Library/CloudStorage/OneDrive-VisualDefenceInc/Projects/road_object_shared/raw_frames/nighttime/20250727001908_057439A/frame_00019.jpg,
/Users/tontran/Library/CloudStorage/OneDrive-VisualDefenceInc/Projects/road_object_shared/raw_frames/nighttime/20250727001908_057439A/frame_00020.jpg,
/Users/tontran/Library/CloudStorage/OneDrive-VisualDefenceInc/Projects/road_object_shared/raw_frames/nighttime/20250727001908_057439A/frame_00021.jpg,
/Users/tontran/Library/CloudStorage/OneDrive-VisualDefenceInc/Projects/road_object_shared/raw_frames/nighttime/20250727001908_057439A/frame_00022.jpg,
/Users/tontran/Library/CloudStorage/OneDrive-VisualDefenceInc/Projects/road_object_shared/raw_frames/nighttime/20250727001908_057439A/frame_00023.jpg,
/Users/tontran/Library/CloudStorage/OneDrive-VisualDefenceInc/Projects/road_object_shared/raw_frames/nighttime/20250727001908_057439A/frame_00024.jpg,
/Users/tontran/Library/CloudStorage/OneDrive-VisualDefenceInc/Projects/road_object_shared/raw_frames/nighttime/20250727001908_057439A/frame_00025.jpg,
/Users/tontran/Library/CloudStorage/OneDrive-VisualDefenceInc/Projects/road_object_shared/raw_frames/nighttime/20250727001908_057439A/frame_00026.jpg,
/Users/tontran/Library/CloudStorage/OneDrive-VisualDefenceInc/Projects/road_object_shared/raw_frames/nighttime/20250727001908_057439A/frame_00027.jpg,
/Users/tontran/Library/CloudStorage/OneDrive-VisualDefenceInc/Projects/road_object_shared/raw_frames/nighttime/20250727001908_057439A/frame_00028.jpg,
/Users/tontran/Library/CloudStorage/OneDrive-VisualDefenceInc/Projects/road_object_shared/raw_frames/nighttime/20250727001908_057439A/frame_00029.jpg,
/Users/tontran/Library/CloudStorage/OneDrive-VisualDefenceInc/Projects/road_object_shared/raw_frames/nighttime/20250727001908_057439A/frame_00030.jpg,
/Users/tontran/Library/CloudStorage/OneDrive-VisualDefenceInc/Projects/road_object_shared/raw_frames/nighttime/20250727001908_057439A/frame_00031.jpg,
/Users/tontran/Library/CloudStorage/OneDrive-VisualDefenceInc/Projects/road_object_shared/raw_frames/nighttime/20250727001908_057439A/frame_00032.jpg,
/Users/tontran/Library/CloudStorage/OneDrive-VisualDefenceInc/Projects/road_object_shared/raw_frames/nighttime/20250727001908_057439A/frame_00033.jpg,
/Users/tontran/Library/CloudStorage/OneDrive-VisualDefenceInc/Projects/road_object_shared/raw_frames/nighttime/20250727001908_057439A/frame_00034.jpg,
/Users/tontran/Library/CloudStorage/OneDrive-VisualDefenceInc/Projects/road_object_shared/raw_frames/nighttime/20250727001908_057439A/frame_00035.jpg,
/Users/tontran/Library/CloudStorage/OneDrive-VisualDefenceInc/Projects/road_object_shared/raw_frames/nighttime/20250727001908_057439A/frame_00036.jpg,
/Users/tontran/Library/CloudStorage/OneDrive-VisualDefenceInc/Projects/road_object_shared/raw_frames/nighttime/20250727001908_057439A/frame_00037.jpg,
/Users/tontran/Library/CloudStorage/OneDrive-VisualDefenceInc/Projects/road_object_shared/raw_frames/nighttime/20250727001908_057439A/frame_00038.jpg,
/Users/tontran/Library/CloudStorage/OneDrive-VisualDefenceInc/Projects/road_object_shared/raw_frames/nighttime/20250727001908_057439A/frame_00039.jpg,
/Users/tontran/Library/CloudStorage/OneDrive-VisualDefenceInc/Projects/road_object_shared/raw_frames/nighttime/20250727001908_057439A/frame_00040.jpg,
/Users/tontran/Library/CloudStorage/OneDrive-VisualDefenceInc/Projects/road_object_shared/raw_frames/nighttime/20250727001908_057439A/frame_00041.jpg,
/Users/tontran/Library/CloudStorage/OneDrive-VisualDefenceInc/Projects/road_object_shared/raw_frames/nighttime/20250727001908_057439A/frame_00042.jpg,
/Users/tontran/Library/CloudStorage/OneDrive-VisualDefenceInc/Projects/road_object_shared/raw_frames/nighttime/20250727001908_057439A/frame_00043.jpg,car
/Users/tontran/Library/CloudStorage/OneDrive-VisualDefenceInc/Projects/road_object_shared/raw_frames/nighttime/20250727001908_057439A/frame_00044.jpg,car
/Users/tontran/Library/CloudStorage/OneDrive-VisualDefenceInc/Projects/road_object_shared/raw_frames/nighttime/20250727001908_057439A/frame_00045.jpg,car
/Users/tontran/Library/CloudStorage/OneDrive-VisualDefenceInc/Projects/road_object_shared/raw_frames/nighttime/20250727001908_057439A/frame_00046.jpg,car
/Users/tontran/Library/CloudStorage/OneDrive-VisualDefenceInc/Projects/road_object_shared/raw_frames/nighttime/20250727001908_057439A/frame_00047.jpg,car
/Users/tontran/Library/CloudStorage/OneDrive-VisualDefenceInc/Projects/road_object_shared/raw_frames/nighttime/20250727002008_057441A/frame_00000.jpg,car
/Users/tontran/Library/CloudStorage/OneDrive-VisualDefenceInc/Projects/road_object_shared/raw_frames/nighttime/20250727002008_057441A/frame_00001.jpg,car
/Users/tontran/Library/CloudStorage/OneDrive-VisualDefenceInc/Projects/road_object_shared/raw_frames/nighttime/20250727002008_057441A/frame_00002.jpg,car
/Users/tontran/Library/CloudStorage/OneDrive-VisualDefenceInc/Projects/road_object_shared/raw_frames/nighttime/20250727002008_057441A/frame_00003.jpg,car
/Users/tontran/Library/CloudStorage/OneDrive-VisualDefenceInc/Projects/road_object_shared/raw_frames/nighttime/20250727002008_057441A/frame_00004.jpg,car
/Users/tontran/Library/CloudStorage/OneDrive-VisualDefenceInc/Projects/road_object_shared/raw_frames/nighttime/20250727002008_057441A/frame_00005.jpg,car
/Users/tontran/Library/CloudStorage/OneDrive-VisualDefenceInc/Projects/road_object_shared/raw_frames/nighttime/20250727002008_057441A/frame_00006.jpg,car
/Users/tontran/Library/CloudStorage/OneDrive-VisualDefenceInc/Projects/road_object_shared/raw_frames/nighttime/20250727002008_057441A/frame_00007.jpg,car
/Users/tontran/Library/CloudStorage/OneDrive-VisualDefenceInc/Projects/road_object_shared/raw_frames/nighttime/20250727002008_057441A/frame_00008.jpg,car
/Users/tontran/Library/CloudStorage/OneDrive-VisualDefenceInc/Projects/road_object_shared/raw_frames/nighttime/20250727002008_057441A/frame_00009.jpg,car
/Users/tontran/Library/CloudStorage/OneDrive-VisualDefenceInc/Projects/road_object_shared/raw_frames/nighttime/20250727002008_057441A/frame_00010.jpg,car
/Users/tontran/Library/CloudStorage/OneDrive-VisualDefenceInc/Projects/road_object_shared/raw_frames/nighttime/20250727002008_057441A/frame_00011.jpg,car
/Users/tontran/Library/CloudStorage/OneDrive-VisualDefenceInc/Projects/road_object_shared/raw_frames/nighttime/20250727002008_057441A/frame_00012.jpg,car
/Users/tontran/Library/CloudStorage/OneDrive-VisualDefenceInc/Projects/road_object_shared/raw_frames/nighttime/20250727002008_057441A/frame_00013.jpg,car
/Users/tontran/Library/CloudStorage/OneDrive-VisualDefenceInc/Projects/road_object_shared/raw_frames/nighttime/20250727002008_057441A/frame_00014.jpg,car
/Users/tontran/Library/CloudStorage/OneDrive-VisualDefenceInc/Projects/road_object_shared/raw_frames/nighttime/20250727002008_057441A/frame_00015.jpg,car
/Users/tontran/Library/CloudStorage/OneDrive-VisualDefenceInc/Projects/road_object_shared/raw_frames/nighttime/20250727002008_057441A/frame_00016.jpg,car
/Users/tontran/Library/CloudStorage/OneDrive-VisualDefenceInc/Projects/road_object_shared/raw_frames/nighttime/20250727002008_057441A/frame_00017.jpg,car
/Users/tontran/Library/CloudStorage/OneDrive-VisualDefenceInc/Projects/road_object_shared/raw_frames/nighttime/20250727002008_057441A/frame_00018.jpg,car
/Users/tontran/Library/CloudStorage/OneDrive-VisualDefenceInc/Projects/road_object_shared/raw_frames/nighttime/20250727002008_057441A/frame_00019.jpg,car
/Users/tontran/Library/CloudStorage/OneDrive-VisualDefenceInc/Projects/road_object_shared/raw_frames/nighttime/20250727002008_057441A/frame_00020.jpg,car
/Users/tontran/Library/CloudStorage/OneDrive-VisualDefenceInc/Projects/road_object_shared/raw_frames/nighttime/20250727002008_057441A/frame_00021.jpg,car
/Users/tontran/Library/CloudStorage/OneDrive-VisualDefenceInc/Projects/road_object_shared/raw_frames/nighttime/20250727002008_057441A/frame_00022.jpg,car
/Users/tontran/Library/CloudStorage/OneDrive-VisualDefenceInc/Projects/road_object_shared/raw_frames/nighttime/20250727002008_057441A/frame_00023.jpg,car
/Users/tontran/Library/CloudStorage/OneDrive-VisualDefenceInc/Projects/road_object_shared/raw_frames/nighttime/20250727002008_057441A/frame_00024.jpg,car
/Users/tontran/Library/CloudStorage/OneDrive-VisualDefenceInc/Projects/road_object_shared/raw_frames/nighttime/20250727002008_057441A/frame_00025.jpg,car
/Users/tontran/Library/CloudStorage/OneDrive-VisualDefenceInc/Projects/road_object_shared/raw_frames/nighttime/20250727002008_057441A/frame_00026.jpg,car
/Users/tontran/Library/CloudStorage/OneDrive-VisualDefenceInc/Projects/road_object_shared/raw_frames/nighttime/20250727002008_057441A/frame_00027.jpg,car
/Users/tontran/Library/CloudStorage/OneDrive-VisualDefenceInc/Projects/road_object_shared/raw_frames/nighttime/20250727002008_057441A/frame_00028.jpg,car
/Users/tontran/Library/CloudStorage/OneDrive-VisualDefenceInc/Projects/road_object_shared/raw_frames/nighttime/20250727002008_057441A/frame_00029.jpg,car
/Users/tontran/Library/CloudStorage/OneDrive-VisualDefenceInc/Projects/road_object_shared/raw_frames/nighttime/20250727002008_057441A/frame_00030.jpg,car
/Users/tontran/Library/CloudStorage/OneDrive-VisualDefenceInc/Projects/road_object_shared/raw_frames/nighttime/20250727002008_057441A/frame_00031.jpg,car
/Users/tontran/Library/CloudStorage/OneDrive-VisualDefenceInc/Projects/road_object_shared/raw_frames/nighttime/20250727002008_057441A/frame_00032.jpg,car
/Users/tontran/Library/CloudStorage/OneDrive-VisualDefenceInc/Projects/road_object_shared/raw_frames/nighttime/20250727002008_057441A/frame_00033.jpg,car
/Users/tontran/Library/CloudStorage/OneDrive-VisualDefenceInc/Projects/road_object_shared/raw_frames/nighttime/20250727002008_057441A/frame_00034.jpg,car
/Users/tontran/Library/CloudStorage/OneDrive-VisualDefenceInc/Projects/road_object_shared/raw_frames/nighttime/20250727002008_057441A/frame_00035.jpg,car
/Users/tontran/Library/CloudStorage/OneDrive-VisualDefenceInc/Projects/road_object_shared/raw_frames/nighttime/20250727002008_057441A/frame_00036.jpg,car
/Users/tontran/Library/CloudStorage/OneDrive-VisualDefenceInc/Projects/road_object_shared/raw_frames/nighttime/20250727002008_057441A/frame_00037.jpg,car
/Users/tontran/Library/CloudStorage/OneDrive-VisualDefenceInc/Projects/road_object_shared/raw_frames/nighttime/20250727002008_057441A/frame_00038.jpg,car
/Users/tontran/Library/CloudStorage/OneDrive-VisualDefenceInc/Projects/road_object_shared/raw_frames/nighttime/20250727002008_057441A/frame_00039.jpg,car
/Users/tontran/Library/CloudStorage/OneDrive-VisualDefenceInc/Projects/road_object_shared/raw_frames/nighttime/20250727002008_057441A/frame_00040.jpg,car
/Users/tontran/Library/CloudStorage/OneDrive-VisualDefenceInc/Projects/road_object_shared/raw_frames/nighttime/20250727002008_057441A/frame_00041.jpg,car
/Users/tontran/Library/CloudStorage/OneDrive-VisualDefenceInc/Projects/road_object_shared/raw_frames/nighttime/20250727002008_057441A/frame_00042.jpg,car
/Users/tontran/Library/CloudStorage/OneDrive-VisualDefenceInc/Projects/road_object_shared/raw_frames/nighttime/20250727002008_057441A/frame_00043.jpg,car
/Users/tontran/Library/CloudStorage/OneDrive-VisualDefenceInc/Projects/road_object_shared/raw_frames/nighttime/20250727002008_057441A/frame_00044.jpg,car
/Users/tontran/Library/CloudStorage/OneDrive-VisualDefenceInc/Projects/road_object_shared/raw_frames/nighttime/20250727002008_057441A/frame_00045.jpg,
/Users/tontran/Library/CloudStorage/OneDrive-VisualDefenceInc/Projects/road_object_shared/raw_frames/nighttime/20250727002008_057441A/frame_00046.jpg,
/Users/tontran/Library/CloudStorage/OneDrive-VisualDefenceInc/Projects/road_object_shared/raw_frames/nighttime/20250727002008_057441A/frame_00047.jpg,
/Users/tontran/Library/CloudStorage/OneDrive-VisualDefenceInc/Projects/road_object_shared/raw_frames/nighttime/20250727002108_057443A/frame_00000.jpg,
/Users/tontran/Library/CloudStorage/OneDrive-VisualDefenceInc/Projects/road_object_shared/raw_frames/nighttime/20250727002108_057443A/frame_00001.jpg,
/Users/tontran/Library/CloudStorage/OneDrive-VisualDefenceInc/Projects/road_object_shared/raw_frames/nighttime/20250727002108_057443A/frame_00002.jpg,
/Users/tontran/Library/CloudStorage/OneDrive-VisualDefenceInc/Projects/road_object_shared/raw_frames/nighttime/20250727002108_057443A/frame_00003.jpg,
/Users/tontran/Library/CloudStorage/OneDrive-VisualDefenceInc/Projects/road_object_shared/raw_frames/nighttime/20250727002108_057443A/frame_00004.jpg,
/Users/tontran/Library/CloudStorage/OneDrive-VisualDefenceInc/Projects/road_object_shared/raw_frames/nighttime/20250727002108_057443A/frame_00005.jpg,
/Users/tontran/Library/CloudStorage/OneDrive-VisualDefenceInc/Projects/road_object_shared/raw_frames/nighttime/20250727002108_057443A/frame_00006.jpg,
/Users/tontran/Library/CloudStorage/OneDrive-VisualDefenceInc/Projects/road_object_shared/raw_frames/nighttime/20250727002108_057443A/frame_00007.jpg,car
/Users/tontran/Library/CloudStorage/OneDrive-VisualDefenceInc/Projects/road_object_shared/raw_frames/nighttime/20250727002108_057443A/frame_00008.jpg,car
/Users/tontran/Library/CloudStorage/OneDrive-VisualDefenceInc/Projects/road_object_shared/raw_frames/nighttime/20250727002108_057443A/frame_00009.jpg,car
/Users/tontran/Library/CloudStorage/OneDrive-VisualDefenceInc/Projects/road_object_shared/raw_frames/nighttime/20250727002108_057443A/frame_00010.jpg,car
/Users/tontran/Library/CloudStorage/OneDrive-VisualDefenceInc/Projects/road_object_shared/raw_frames/nighttime/20250727002108_057443A/frame_00011.jpg,car
/Users/tontran/Library/CloudStorage/OneDrive-VisualDefenceInc/Projects/road_object_shared/raw_frames/nighttime/20250727002108_057443A/frame_00012.jpg,car
/Users/tontran/Library/CloudStorage/OneDrive-VisualDefenceInc/Projects/road_object_shared/raw_frames/nighttime/20250727002108_057443A/frame_00013.jpg,car
/Users/tontran/Library/CloudStorage/OneDrive-VisualDefenceInc/Projects/road_object_shared/raw_frames/nighttime/20250727002108_057443A/frame_00014.jpg,car
/Users/tontran/Library/CloudStorage/OneDrive-VisualDefenceInc/Projects/road_object_shared/raw_frames/nighttime/20250727002108_057443A/frame_00015.jpg,car
/Users/tontran/Library/CloudStorage/OneDrive-VisualDefenceInc/Projects/road_object_shared/raw_frames/nighttime/20250727002108_057443A/frame_00016.jpg,car
/Users/tontran/Library/CloudStorage/OneDrive-VisualDefenceInc/Projects/road_object_shared/raw_frames/nighttime/20250727002108_057443A/frame_00017.jpg,car
/Users/tontran/Library/CloudStorage/OneDrive-VisualDefenceInc/Projects/road_object_shared/raw_frames/nighttime/20250727002108_057443A/frame_00018.jpg,car
/Users/tontran/Library/CloudStorage/OneDrive-VisualDefenceInc/Projects/road_object_shared/raw_frames/nighttime/20250727002108_057443A/frame_00019.jpg,car
/Users/tontran/Library/CloudStorage/OneDrive-VisualDefenceInc/Projects/road_object_shared/raw_frames/nighttime/20250727002108_057443A/frame_00020.jpg,car
/Users/tontran/Library/CloudStorage/OneDrive-VisualDefenceInc/Projects/road_object_shared/raw_frames/nighttime/20250727002108_057443A/frame_00021.jpg,car
/Users/tontran/Library/CloudStorage/OneDrive-VisualDefenceInc/Projects/road_object_shared/raw_frames/nighttime/20250727002108_057443A/frame_00022.jpg,car
/Users/tontran/Library/CloudStorage/OneDrive-VisualDefenceInc/Projects/road_object_shared/raw_frames/nighttime/20250727002108_057443A/frame_00023.jpg,car
/Users/tontran/Library/CloudStorage/OneDrive-VisualDefenceInc/Projects/road_object_shared/raw_frames/nighttime/20250727002108_057443A/frame_00024.jpg,car
/Users/tontran/Library/CloudStorage/OneDrive-VisualDefenceInc/Projects/road_object_shared/raw_frames/nighttime/20250727002108_057443A/frame_00025.jpg,car
/Users/tontran/Library/CloudStorage/OneDrive-VisualDefenceInc/Projects/road_object_shared/raw_frames/nighttime/20250727002108_057443A/frame_00026.jpg,car
/Users/tontran/Library/CloudStorage/OneDrive-VisualDefenceInc/Projects/road_object_shared/raw_frames/nighttime/20250727002108_057443A/frame_00027.jpg,car
/Users/tontran/Library/CloudStorage/OneDrive-VisualDefenceInc/Projects/road_object_shared/raw_frames/nighttime/20250727002108_057443A/frame_00028.jpg,car
/Users/tontran/Library/CloudStorage/OneDrive-VisualDefenceInc/Projects/road_object_shared/raw_frames/nighttime/20250727002108_057443A/frame_00029.jpg,car
/Users/tontran/Library/CloudStorage/OneDrive-VisualDefenceInc/Projects/road_object_shared/raw_frames/nighttime/20250727002108_057443A/frame_00030.jpg,car
/Users/tontran/Library/CloudStorage/OneDrive-VisualDefenceInc/Projects/road_object_shared/raw_frames/nighttime/20250727002108_057443A/frame_00031.jpg,car
/Users/tontran/Library/CloudStorage/OneDrive-VisualDefenceInc/Projects/road_object_shared/raw_frames/nighttime/20250727002108_057443A/frame_00032.jpg,car
/Users/tontran/Library/CloudStorage/OneDrive-VisualDefenceInc/Projects/road_object_shared/raw_frames/nighttime/20250727002108_057443A/frame_00033.jpg,car
/Users/tontran/Library/CloudStorage/OneDrive-VisualDefenceInc/Projects/road_object_shared/raw_frames/nighttime/20250727002108_057443A/frame_00034.jpg,car
/Users/tontran/Library/CloudStorage/OneDrive-VisualDefenceInc/Projects/road_object_shared/raw_frames/nighttime/20250727002108_057443A/frame_00035.jpg,car
/Users/tontran/Library/CloudStorage/OneDrive-VisualDefenceInc/Projects/road_object_shared/raw_frames/nighttime/20250727002108_057443A/frame_00036.jpg,car
/Users/tontran/Library/CloudStorage/OneDrive-VisualDefenceInc/Projects/road_object_shared/raw_frames/nighttime/20250727002108_057443A/frame_00037.jpg,car
/Users/tontran/Library/CloudStorage/OneDrive-VisualDefenceInc/Projects/road_object_shared/raw_frames/nighttime/20250727002108_057443A/frame_00038.jpg,car
/Users/tontran/Library/CloudStorage/OneDrive-VisualDefenceInc/Projects/road_object_shared/raw_frames/nighttime/20250727002108_057443A/frame_00039.jpg,car
/Users/tontran/Library/CloudStorage/OneDrive-VisualDefenceInc/Projects/road_object_shared/raw_frames/nighttime/20250727002108_057443A/frame_00040.jpg,car
/Users/tontran/Library/CloudStorage/OneDrive-VisualDefenceInc/Projects/road_object_shared/raw_frames/nighttime/20250727002108_057443A/frame_00041.jpg,car
/Users/tontran/Library/CloudStorage/OneDrive-VisualDefenceInc/Projects/road_object_shared/raw_frames/nighttime/20250727002108_057443A/frame_00042.jpg,
/Users/tontran/Library/CloudStorage/OneDrive-VisualDefenceInc/Projects/road_object_shared/raw_frames/nighttime/20250727002108_057443A/frame_00043.jpg,
/Users/tontran/Library/CloudStorage/OneDrive-VisualDefenceInc/Projects/road_object_shared/raw_frames/nighttime/20250727002108_057443A/frame_00044.jpg,
/Users/tontran/Library/CloudStorage/OneDrive-VisualDefenceInc/Projects/road_object_shared/raw_frames/nighttime/20250727002108_057443A/frame_00045.jpg,
/Users/tontran/Library/CloudStorage/OneDrive-VisualDefenceInc/Projects/road_object_shared/raw_frames/nighttime/20250727002108_057443A/frame_00046.jpg,
/Users/tontran/Library/CloudStorage/OneDrive-VisualDefenceInc/Projects/road_object_shared/raw_frames/nighttime/20250727002108_057443A/frame_00047.jpg,
/Users/tontran/Library/CloudStorage/OneDrive-VisualDefenceInc/Projects/road_object_shared/raw_frames/nighttime/20250727002208_057445A/frame_00000.jpg,
/Users/tontran/Library/CloudStorage/OneDrive-VisualDefenceInc/Projects/road_object_shared/raw_frames/nighttime/20250727002208_057445A/frame_00001.jpg,
/Users/tontran/Library/CloudStorage/OneDrive-VisualDefenceInc/Projects/road_object_shared/raw_frames/nighttime/20250727002208_057445A/frame_00002.jpg,
/Users/tontran/Library/CloudStorage/OneDrive-VisualDefenceInc/Projects/road_object_shared/raw_frames/nighttime/20250727002208_057445A/frame_00003.jpg,
/Users/tontran/Library/CloudStorage/OneDrive-VisualDefenceInc/Projects/road_object_shared/raw_frames/nighttime/20250727002208_057445A/frame_00004.jpg,
/Users/tontran/Library/CloudStorage/OneDrive-VisualDefenceInc/Projects/road_object_shared/raw_frames/nighttime/20250727002208_057445A/frame_00005.jpg,
/Users/tontran/Library/CloudStorage/OneDrive-VisualDefenceInc/Projects/road_object_shared/raw_frames/nighttime/20250727002208_057445A/frame_00006.jpg,
/Users/tontran/Library/CloudStorage/OneDrive-VisualDefenceInc/Projects/road_object_shared/raw_frames/nighttime/20250727002208_057445A/frame_00007.jpg,
/Users/tontran/Library/CloudStorage/OneDrive-VisualDefenceInc/Projects/road_object_shared/raw_frames/nighttime/20250727002208_057445A/frame_00008.jpg,
/Users/tontran/Library/CloudStorage/OneDrive-VisualDefenceInc/Projects/road_object_shared/raw_frames/nighttime/20250727002208_057445A/frame_00009.jpg,
/Users/tontran/Library/CloudStorage/OneDrive-VisualDefenceInc/Projects/road_object_shared/raw_frames/nighttime/20250727002208_057445A/frame_00010.jpg,
/Users/tontran/Library/CloudStorage/OneDrive-VisualDefenceInc/Projects/road_object_shared/raw_frames/nighttime/20250727002208_057445A/frame_00011.jpg,
/Users/tontran/Library/CloudStorage/OneDrive-VisualDefenceInc/Projects/road_object_shared/raw_frames/nighttime/20250727002208_057445A/frame_00012.jpg,
/Users/tontran/Library/CloudStorage/OneDrive-VisualDefenceInc/Projects/road_object_shared/raw_frames/nighttime/20250727002208_057445A/frame_00013.jpg,
/Users/tontran/Library/CloudStorage/OneDrive-VisualDefenceInc/Projects/road_object_shared/raw_frames/nighttime/20250727002208_057445A/frame_00014.jpg,
/Users/tontran/Library/CloudStorage/OneDrive-VisualDefenceInc/Projects/road_object_shared/raw_frames/nighttime/20250727002208_057445A/frame_00015.jpg,
/Users/tontran/Library/CloudStorage/OneDrive-VisualDefenceInc/Projects/road_object_shared/raw_frames/nighttime/20250727002208_057445A/frame_00016.jpg,
/Users/tontran/Library/CloudStorage/OneDrive-VisualDefenceInc/Projects/road_object_shared/raw_frames/nighttime/20250727002208_057445A/frame_00017.jpg,
/Users/tontran/Library/CloudStorage/OneDrive-VisualDefenceInc/Projects/road_object_shared/raw_frames/nighttime/20250727002208_057445A/frame_00018.jpg,
/Users/tontran/Library/CloudStorage/OneDrive-VisualDefenceInc/Projects/road_object_shared/raw_frames/nighttime/20250727002208_057445A/frame_00019.jpg,
/Users/tontran/Library/CloudStorage/OneDrive-VisualDefenceInc/Projects/road_object_shared/raw_frames/nighttime/20250727002208_057445A/frame_00020.jpg,
/Users/tontran/Library/CloudStorage/OneDrive-VisualDefenceInc/Projects/road_object_shared/raw_frames/nighttime/20250727002208_057445A/frame_00021.jpg,
/Users/tontran/Library/CloudStorage/OneDrive-VisualDefenceInc/Projects/road_object_shared/raw_frames/nighttime/20250727002208_057445A/frame_00022.jpg,
/Users/tontran/Library/CloudStorage/OneDrive-VisualDefenceInc/Projects/road_object_shared/raw_frames/nighttime/20250727002208_057445A/frame_00023.jpg,
/Users/tontran/Library/CloudStorage/OneDrive-VisualDefenceInc/Projects/road_object_shared/raw_frames/nighttime/20250727002208_057445A/frame_00024.jpg,
/Users/tontran/Library/CloudStorage/OneDrive-VisualDefenceInc/Projects/road_object_shared/raw_frames/nighttime/20250727002208_057445A/frame_00025.jpg,
/Users/tontran/Library/CloudStorage/OneDrive-VisualDefenceInc/Projects/road_object_shared/raw_frames/nighttime/20250727002208_057445A/frame_00026.jpg,
/Users/tontran/Library/CloudStorage/OneDrive-VisualDefenceInc/Projects/road_object_shared/raw_frames/nighttime/20250727002208_057445A/frame_00027.jpg,
/Users/tontran/Library/CloudStorage/OneDrive-VisualDefenceInc/Projects/road_object_shared/raw_frames/nighttime/20250727002208_057445A/frame_00028.jpg,
/Users/tontran/Library/CloudStorage/OneDrive-VisualDefenceInc/Projects/road_object_shared/raw_frames/nighttime/20250727002208_057445A/frame_00029.jpg,
/Users/tontran/Library/CloudStorage/OneDrive-VisualDefenceInc/Projects/road_object_shared/raw_frames/nighttime/20250727002208_057445A/frame_00030.jpg,
/Users/tontran/Library/CloudStorage/OneDrive-VisualDefenceInc/Projects/road_object_shared/raw_frames/nighttime/20250727002208_057445A/frame_00031.jpg,
/Users/tontran/Library/CloudStorage/OneDrive-VisualDefenceInc/Projects/road_object_shared/raw_frames/nighttime/20250727002208_057445A/frame_00032.jpg,
/Users/tontran/Library/CloudStorage/OneDrive-VisualDefenceInc/Projects/road_object_shared/raw_frames/nighttime/20250727002208_057445A/frame_00033.jpg,
/Users/tontran/Library/CloudStorage/OneDrive-VisualDefenceInc/Projects/road_object_shared/raw_frames/nighttime/20250727002208_057445A/frame_00034.jpg,
/Users/tontran/Library/CloudStorage/OneDrive-VisualDefenceInc/Projects/road_object_shared/raw_frames/nighttime/20250727002208_057445A/frame_00035.jpg,
/Users/tontran/Library/CloudStorage/OneDrive-VisualDefenceInc/Projects/road_object_shared/raw_frames/nighttime/20250727002208_057445A/frame_00036.jpg,
/Users/tontran/Library/CloudStorage/OneDrive-VisualDefenceInc/Projects/road_object_shared/raw_frames/nighttime/20250727002208_057445A/frame_00037.jpg,
/Users/tontran/Library/CloudStorage/OneDrive-VisualDefenceInc/Projects/road_object_shared/raw_frames/nighttime/20250727002208_057445A/frame_00038.jpg,
/Users/tontran/Library/CloudStorage/OneDrive-VisualDefenceInc/Projects/road_object_shared/raw_frames/nighttime/20250727002208_057445A/frame_00039.jpg,
/Users/tontran/Library/CloudStorage/OneDrive-VisualDefenceInc/Projects/road_object_shared/raw_frames/nighttime/20250727002208_057445A/frame_00040.jpg,
/Users/tontran/Library/CloudStorage/OneDrive-VisualDefenceInc/Projects/road_object_shared/raw_frames/nighttime/20250727002208_057445A/frame_00041.jpg,
/Users/tontran/Library/CloudStorage/OneDrive-VisualDefenceInc/Projects/road_object_shared/raw_frames/nighttime/20250727002208_057445A/frame_00042.jpg,
/Users/tontran/Library/CloudStorage/OneDrive-VisualDefenceInc/Projects/road_object_shared/raw_frames/nighttime/20250727002208_057445A/frame_00043.jpg,
/Users/tontran/Library/CloudStorage/OneDrive-VisualDefenceInc/Projects/road_object_shared/raw_frames/nighttime/20250727002208_057445A/frame_00044.jpg,
/Users/tontran/Library/CloudStorage/OneDrive-VisualDefenceInc/Projects/road_object_shared/raw_frames/nighttime/20250727002208_057445A/frame_00045.jpg,
/Users/tontran/Library/CloudStorage/OneDrive-VisualDefenceInc/Projects/road_object_shared/raw_frames/nighttime/20250727002208_057445A/frame_00046.jpg,
/Users/tontran/Library/CloudStorage/OneDrive-VisualDefenceInc/Projects/road_object_shared/raw_frames/nighttime/20250727002208_057445A/frame_00047.jpg,
/Users/tontran/Library/CloudStorage/OneDrive-VisualDefenceInc/Projects/road_object_shared/raw_frames/nighttime/20250727002308_057447A/frame_00000.jpg,
/Users/tontran/Library/CloudStorage/OneDrive-VisualDefenceInc/Projects/road_object_shared/raw_frames/nighttime/20250727002308_057447A/frame_00001.jpg,
/Users/tontran/Library/CloudStorage/OneDrive-VisualDefenceInc/Projects/road_object_shared/raw_frames/nighttime/20250727002308_057447A/frame_00002.jpg,
/Users/tontran/Library/CloudStorage/OneDrive-VisualDefenceInc/Projects/road_object_shared/raw_frames/nighttime/20250727002308_057447A/frame_00003.jpg,car
/Users/tontran/Library/CloudStorage/OneDrive-VisualDefenceInc/Projects/road_object_shared/raw_frames/nighttime/20250727002308_057447A/frame_00004.jpg,car
/Users/tontran/Library/CloudStorage/OneDrive-VisualDefenceInc/Projects/road_object_shared/raw_frames/nighttime/20250727002308_057447A/frame_00005.jpg,car
/Users/tontran/Library/CloudStorage/OneDrive-VisualDefenceInc/Projects/road_object_shared/raw_frames/nighttime/20250727002308_057447A/frame_00006.jpg,car
/Users/tontran/Library/CloudStorage/OneDrive-VisualDefenceInc/Projects/road_object_shared/raw_frames/nighttime/20250727002308_057447A/frame_00007.jpg,car
/Users/tontran/Library/CloudStorage/OneDrive-VisualDefenceInc/Projects/road_object_shared/raw_frames/nighttime/20250727002308_057447A/frame_00008.jpg,car
/Users/tontran/Library/CloudStorage/OneDrive-VisualDefenceInc/Projects/road_object_shared/raw_frames/nighttime/20250727002308_057447A/frame_00009.jpg,car
/Users/tontran/Library/CloudStorage/OneDrive-VisualDefenceInc/Projects/road_object_shared/raw_frames/nighttime/20250727002308_057447A/frame_00010.jpg,car
/Users/tontran/Library/CloudStorage/OneDrive-VisualDefenceInc/Projects/road_object_shared/raw_frames/nighttime/20250727002308_057447A/frame_00011.jpg,car
/Users/tontran/Library/CloudStorage/OneDrive-VisualDefenceInc/Projects/road_object_shared/raw_frames/nighttime/20250727002308_057447A/frame_00012.jpg,car
/Users/tontran/Library/CloudStorage/OneDrive-VisualDefenceInc/Projects/road_object_shared/raw_frames/nighttime/20250727002308_057447A/frame_00013.jpg,car
/Users/tontran/Library/CloudStorage/OneDrive-VisualDefenceInc/Projects/road_object_shared/raw_frames/nighttime/20250727002308_057447A/frame_00014.jpg,car
/Users/tontran/Library/CloudStorage/OneDrive-VisualDefenceInc/Projects/road_object_shared/raw_frames/nighttime/20250727002308_057447A/frame_00015.jpg,
/Users/tontran/Library/CloudStorage/OneDrive-VisualDefenceInc/Projects/road_object_shared/raw_frames/nighttime/20250727002308_057447A/frame_00016.jpg,
/Users/tontran/Library/CloudStorage/OneDrive-VisualDefenceInc/Projects/road_object_shared/raw_frames/nighttime/20250727002308_057447A/frame_00017.jpg,bus
/Users/tontran/Library/CloudStorage/OneDrive-VisualDefenceInc/Projects/road_object_shared/raw_frames/nighttime/20250727002308_057447A/frame_00018.jpg,
/Users/tontran/Library/CloudStorage/OneDrive-VisualDefenceInc/Projects/road_object_shared/raw_frames/nighttime/20250727002308_057447A/frame_00019.jpg,
/Users/tontran/Library/CloudStorage/OneDrive-VisualDefenceInc/Projects/road_object_shared/raw_frames/nighttime/20250727002308_057447A/frame_00020.jpg,
/Users/tontran/Library/CloudStorage/OneDrive-VisualDefenceInc/Projects/road_object_shared/raw_frames/nighttime/20250727002308_057447A/frame_00021.jpg,
/Users/tontran/Library/CloudStorage/OneDrive-VisualDefenceInc/Projects/road_object_shared/raw_frames/nighttime/20250727002308_057447A/frame_00022.jpg,
/Users/tontran/Library/CloudStorage/OneDrive-VisualDefenceInc/Projects/road_object_shared/raw_frames/nighttime/20250727002308_057447A/frame_00023.jpg,
/Users/tontran/Library/CloudStorage/OneDrive-VisualDefenceInc/Projects/road_object_shared/raw_frames/nighttime/20250727002308_057447A/frame_00024.jpg,
/Users/tontran/Library/CloudStorage/OneDrive-VisualDefenceInc/Projects/road_object_shared/raw_frames/nighttime/20250727002308_057447A/frame_00025.jpg,
/Users/tontran/Library/CloudStorage/OneDrive-VisualDefenceInc/Projects/road_object_shared/raw_frames/nighttime/20250727002308_057447A/frame_00026.jpg,
/Users/tontran/Library/CloudStorage/OneDrive-VisualDefenceInc/Projects/road_object_shared/raw_frames/nighttime/20250727002308_057447A/frame_00027.jpg,
/Users/tontran/Library/CloudStorage/OneDrive-VisualDefenceInc/Projects/road_object_shared/raw_frames/nighttime/20250727002308_057447A/frame_00028.jpg,
/Users/tontran/Library/CloudStorage/OneDrive-VisualDefenceInc/Projects/road_object_shared/raw_frames/nighttime/20250727002308_057447A/frame_00029.jpg,
/Users/tontran/Library/CloudStorage/OneDrive-VisualDefenceInc/Projects/road_object_shared/raw_frames/nighttime/20250727002308_057447A/frame_00030.jpg,
/Users/tontran/Library/CloudStorage/OneDrive-VisualDefenceInc/Projects/road_object_shared/raw_frames/nighttime/20250727002308_057447A/frame_00031.jpg,
/Users/tontran/Library/CloudStorage/OneDrive-VisualDefenceInc/Projects/road_object_shared/raw_frames/nighttime/20250727002308_057447A/frame_00032.jpg,
/Users/tontran/Library/CloudStorage/OneDrive-VisualDefenceInc/Projects/road_object_shared/raw_frames/nighttime/20250727002308_057447A/frame_00033.jpg,
/Users/tontran/Library/CloudStorage/OneDrive-VisualDefenceInc/Projects/road_object_shared/raw_frames/nighttime/20250727002308_057447A/frame_00034.jpg,
/Users/tontran/Library/CloudStorage/OneDrive-VisualDefenceInc/Projects/road_object_shared/raw_frames/nighttime/20250727002308_057447A/frame_00035.jpg,
/Users/tontran/Library/CloudStorage/OneDrive-VisualDefenceInc/Projects/road_object_shared/raw_frames/nighttime/20250727002308_057447A/frame_00036.jpg,
/Users/tontran/Library/CloudStorage/OneDrive-VisualDefenceInc/Projects/road_object_shared/raw_frames/nighttime/20250727002308_057447A/frame_00037.jpg,
/Users/tontran/Library/CloudStorage/OneDrive-VisualDefenceInc/Projects/road_object_shared/raw_frames/nighttime/20250727002308_057447A/frame_00038.jpg,
/Users/tontran/Library/CloudStorage/OneDrive-VisualDefenceInc/Projects/road_object_shared/raw_frames/nighttime/20250727002308_057447A/frame_00039.jpg,
/Users/tontran/Library/CloudStorage/OneDrive-VisualDefenceInc/Projects/road_object_shared/raw_frames/nighttime/20250727002308_057447A/frame_00040.jpg,
/Users/tontran/Library/CloudStorage/OneDrive-VisualDefenceInc/Projects/road_object_shared/raw_frames/nighttime/20250727002308_057447A/frame_00041.jpg,
/Users/tontran/Library/CloudStorage/OneDrive-VisualDefenceInc/Projects/road_object_shared/raw_frames/nighttime/20250727002308_057447A/frame_00042.jpg,
/Users/tontran/Library/CloudStorage/OneDrive-VisualDefenceInc/Projects/road_object_shared/raw_frames/nighttime/20250727002308_057447A/frame_00043.jpg,
/Users/tontran/Library/CloudStorage/OneDrive-VisualDefenceInc/Projects/road_object_shared/raw_frames/nighttime/20250727002308_057447A/frame_00044.jpg,
/Users/tontran/Library/CloudStorage/OneDrive-VisualDefenceInc/Projects/road_object_shared/raw_frames/nighttime/20250727002308_057447A/frame_00045.jpg,
/Users/tontran/Library/CloudStorage/OneDrive-VisualDefenceInc/Projects/road_object_shared/raw_frames/nighttime/20250727002308_057447A/frame_00046.jpg,
/Users/tontran/Library/CloudStorage/OneDrive-VisualDefenceInc/Projects/road_object_shared/raw_frames/nighttime/20250727002308_057447A/frame_00047.jpg,
/Users/tontran/Library/CloudStorage/OneDrive-VisualDefenceInc/Projects/road_object_shared/raw_frames/nighttime/20250727002408_057449A/frame_00000.jpg,
/Users/tontran/Library/CloudStorage/OneDrive-VisualDefenceInc/Projects/road_object_shared/raw_frames/nighttime/20250727002408_057449A/frame_00001.jpg,
/Users/tontran/Library/CloudStorage/OneDrive-VisualDefenceInc/Projects/road_object_shared/raw_frames/nighttime/20250727002408_057449A/frame_00002.jpg,
/Users/tontran/Library/CloudStorage/OneDrive-VisualDefenceInc/Projects/road_object_shared/raw_frames/nighttime/20250727002408_057449A/frame_00003.jpg,
/Users/tontran/Library/CloudStorage/OneDrive-VisualDefenceInc/Projects/road_object_shared/raw_frames/nighttime/20250727002408_057449A/frame_00004.jpg,
/Users/tontran/Library/CloudStorage/OneDrive-VisualDefenceInc/Projects/road_object_shared/raw_frames/nighttime/20250727002408_057449A/frame_00005.jpg,
/Users/tontran/Library/CloudStorage/OneDrive-VisualDefenceInc/Projects/road_object_shared/raw_frames/nighttime/20250727002408_057449A/frame_00006.jpg,
/Users/tontran/Library/CloudStorage/OneDrive-VisualDefenceInc/Projects/road_object_shared/raw_frames/nighttime/20250727002408_057449A/frame_00007.jpg,
/Users/tontran/Library/CloudStorage/OneDrive-VisualDefenceInc/Projects/road_object_shared/raw_frames/nighttime/20250727002408_057449A/frame_00008.jpg,car
/Users/tontran/Library/CloudStorage/OneDrive-VisualDefenceInc/Projects/road_object_shared/raw_frames/nighttime/20250727002408_057449A/frame_00009.jpg,car
/Users/tontran/Library/CloudStorage/OneDrive-VisualDefenceInc/Projects/road_object_shared/raw_frames/nighttime/20250727002408_057449A/frame_00010.jpg,
/Users/tontran/Library/CloudStorage/OneDrive-VisualDefenceInc/Projects/road_object_shared/raw_frames/nighttime/20250727002408_057449A/frame_00011.jpg,
/Users/tontran/Library/CloudStorage/OneDrive-VisualDefenceInc/Projects/road_object_shared/raw_frames/nighttime/20250727002408_057449A/frame_00012.jpg,
/Users/tontran/Library/CloudStorage/OneDrive-VisualDefenceInc/Projects/road_object_shared/raw_frames/nighttime/20250727002408_057449A/frame_00013.jpg,
/Users/tontran/Library/CloudStorage/OneDrive-VisualDefenceInc/Projects/road_object_shared/raw_frames/nighttime/20250727002408_057449A/frame_00014.jpg,
/Users/tontran/Library/CloudStorage/OneDrive-VisualDefenceInc/Projects/road_object_shared/raw_frames/nighttime/20250727002408_057449A/frame_00015.jpg,
/Users/tontran/Library/CloudStorage/OneDrive-VisualDefenceInc/Projects/road_object_shared/raw_frames/nighttime/20250727002408_057449A/frame_00016.jpg,
/Users/tontran/Library/CloudStorage/OneDrive-VisualDefenceInc/Projects/road_object_shared/raw_frames/nighttime/20250727002408_057449A/frame_00017.jpg,
/Users/tontran/Library/CloudStorage/OneDrive-VisualDefenceInc/Projects/road_object_shared/raw_frames/nighttime/20250727002408_057449A/frame_00018.jpg,
/Users/tontran/Library/CloudStorage/OneDrive-VisualDefenceInc/Projects/road_object_shared/raw_frames/nighttime/20250727002408_057449A/frame_00019.jpg,
/Users/tontran/Library/CloudStorage/OneDrive-VisualDefenceInc/Projects/road_object_shared/raw_frames/nighttime/20250727002408_057449A/frame_00020.jpg,
/Users/tontran/Library/CloudStorage/OneDrive-VisualDefenceInc/Projects/road_object_shared/raw_frames/nighttime/20250727002408_057449A/frame_00021.jpg,
/Users/tontran/Library/CloudStorage/OneDrive-VisualDefenceInc/Projects/road_object_shared/raw_frames/nighttime/20250727002408_057449A/frame_00022.jpg,
/Users/tontran/Library/CloudStorage/OneDrive-VisualDefenceInc/Projects/road_object_shared/raw_frames/nighttime/20250727002408_057449A/frame_00023.jpg,
/Users/tontran/Library/CloudStorage/OneDrive-VisualDefenceInc/Projects/road_object_shared/raw_frames/nighttime/20250727002408_057449A/frame_00024.jpg,
/Users/tontran/Library/CloudStorage/OneDrive-VisualDefenceInc/Projects/road_object_shared/raw_frames/nighttime/20250727002408_057449A/frame_00025.jpg,
/Users/tontran/Library/CloudStorage/OneDrive-VisualDefenceInc/Projects/road_object_shared/raw_frames/nighttime/20250727002408_057449A/frame_00026.jpg,
/Users/tontran/Library/CloudStorage/OneDrive-VisualDefenceInc/Projects/road_object_shared/raw_frames/nighttime/20250727002408_057449A/frame_00027.jpg,
/Users/tontran/Library/CloudStorage/OneDrive-VisualDefenceInc/Projects/road_object_shared/raw_frames/nighttime/20250727002408_057449A/frame_00028.jpg,
/Users/tontran/Library/CloudStorage/OneDrive-VisualDefenceInc/Projects/road_object_shared/raw_frames/nighttime/20250727002408_057449A/frame_00029.jpg,
/Users/tontran/Library/CloudStorage/OneDrive-VisualDefenceInc/Projects/road_object_shared/raw_frames/nighttime/20250727002408_057449A/frame_00030.jpg,car
/Users/tontran/Library/CloudStorage/OneDrive-VisualDefenceInc/Projects/road_object_shared/raw_frames/nighttime/20250727002408_057449A/frame_00031.jpg,car
/Users/tontran/Library/CloudStorage/OneDrive-VisualDefenceInc/Projects/road_object_shared/raw_frames/nighttime/20250727002408_057449A/frame_00032.jpg,car
/Users/tontran/Library/CloudStorage/OneDrive-VisualDefenceInc/Projects/road_object_shared/raw_frames/nighttime/20250727002408_057449A/frame_00033.jpg,car
/Users/tontran/Library/CloudStorage/OneDrive-VisualDefenceInc/Projects/road_object_shared/raw_frames/nighttime/20250727002408_057449A/frame_00034.jpg,car
/Users/tontran/Library/CloudStorage/OneDrive-VisualDefenceInc/Projects/road_object_shared/raw_frames/nighttime/20250727002408_057449A/frame_00035.jpg,car
/Users/tontran/Library/CloudStorage/OneDrive-VisualDefenceInc/Projects/road_object_shared/raw_frames/nighttime/20250727002408_057449A/frame_00036.jpg,car
/Users/tontran/Library/CloudStorage/OneDrive-VisualDefenceInc/Projects/road_object_shared/raw_frames/nighttime/20250727002408_057449A/frame_00037.jpg,car
/Users/tontran/Library/CloudStorage/OneDrive-VisualDefenceInc/Projects/road_object_shared/raw_frames/nighttime/20250727002408_057449A/frame_00038.jpg,car
/Users/tontran/Library/CloudStorage/OneDrive-VisualDefenceInc/Projects/road_object_shared/raw_frames/nighttime/20250727002408_057449A/frame_00039.jpg,car
/Users/tontran/Library/CloudStorage/OneDrive-VisualDefenceInc/Projects/road_object_shared/raw_frames/nighttime/20250727002408_057449A/frame_00040.jpg,car
/Users/tontran/Library/CloudStorage/OneDrive-VisualDefenceInc/Projects/road_object_shared/raw_frames/nighttime/20250727002408_057449A/frame_00041.jpg,
/Users/tontran/Library/CloudStorage/OneDrive-VisualDefenceInc/Projects/road_object_shared/raw_frames/nighttime/20250727002408_057449A/frame_00042.jpg,
/Users/tontran/Library/CloudStorage/OneDrive-VisualDefenceInc/Projects/road_object_shared/raw_frames/nighttime/20250727002408_057449A/frame_00043.jpg,
/Users/tontran/Library/CloudStorage/OneDrive-VisualDefenceInc/Projects/road_object_shared/raw_frames/nighttime/20250727002408_057449A/frame_00044.jpg,
/Users/tontran/Library/CloudStorage/OneDrive-VisualDefenceInc/Projects/road_object_shared/raw_frames/nighttime/20250727002408_057449A/frame_00045.jpg,
/Users/tontran/Library/CloudStorage/OneDrive-VisualDefenceInc/Projects/road_object_shared/raw_frames/nighttime/20250727002408_057449A/frame_00046.jpg,
/Users/tontran/Library/CloudStorage/OneDrive-VisualDefenceInc/Projects/road_object_shared/raw_frames/nighttime/20250727002408_057449A/frame_00047.jpg,
/Users/tontran/Library/CloudStorage/OneDrive-VisualDefenceInc/Projects/road_object_shared/raw_frames/nighttime/20250727002508_057451A/frame_00000.jpg,
/Users/tontran/Library/CloudStorage/OneDrive-VisualDefenceInc/Projects/road_object_shared/raw_frames/nighttime/20250727002508_057451A/frame_00001.jpg,
/Users/tontran/Library/CloudStorage/OneDrive-VisualDefenceInc/Projects/road_object_shared/raw_frames/nighttime/20250727002508_057451A/frame_00002.jpg,
/Users/tontran/Library/CloudStorage/OneDrive-VisualDefenceInc/Projects/road_object_shared/raw_frames/nighttime/20250727002508_057451A/frame_00003.jpg,
/Users/tontran/Library/CloudStorage/OneDrive-VisualDefenceInc/Projects/road_object_shared/raw_frames/nighttime/20250727002508_057451A/frame_00004.jpg,
/Users/tontran/Library/CloudStorage/OneDrive-VisualDefenceInc/Projects/road_object_shared/raw_frames/nighttime/20250727002508_057451A/frame_00005.jpg,
/Users/tontran/Library/CloudStorage/OneDrive-VisualDefenceInc/Projects/road_object_shared/raw_frames/nighttime/20250727002508_057451A/frame_00006.jpg,
/Users/tontran/Library/CloudStorage/OneDrive-VisualDefenceInc/Projects/road_object_shared/raw_frames/nighttime/20250727002508_057451A/frame_00007.jpg,
/Users/tontran/Library/CloudStorage/OneDrive-VisualDefenceInc/Projects/road_object_shared/raw_frames/nighttime/20250727002508_057451A/frame_00008.jpg,
/Users/tontran/Library/CloudStorage/OneDrive-VisualDefenceInc/Projects/road_object_shared/raw_frames/nighttime/20250727002508_057451A/frame_00009.jpg,
/Users/tontran/Library/CloudStorage/OneDrive-VisualDefenceInc/Projects/road_object_shared/raw_frames/nighttime/20250727002508_057451A/frame_00010.jpg,
/Users/tontran/Library/CloudStorage/OneDrive-VisualDefenceInc/Projects/road_object_shared/raw_frames/nighttime/20250727002508_057451A/frame_00011.jpg,
/Users/tontran/Library/CloudStorage/OneDrive-VisualDefenceInc/Projects/road_object_shared/raw_frames/nighttime/20250727002508_057451A/frame_00012.jpg,
/Users/tontran/Library/CloudStorage/OneDrive-VisualDefenceInc/Projects/road_object_shared/raw_frames/nighttime/20250727002508_057451A/frame_00013.jpg,
/Users/tontran/Library/CloudStorage/OneDrive-VisualDefenceInc/Projects/road_object_shared/raw_frames/nighttime/20250727002508_057451A/frame_00014.jpg,
/Users/tontran/Library/CloudStorage/OneDrive-VisualDefenceInc/Projects/road_object_shared/raw_frames/nighttime/20250727002508_057451A/frame_00015.jpg,
/Users/tontran/Library/CloudStorage/OneDrive-VisualDefenceInc/Projects/road_object_shared/raw_frames/nighttime/20250727002508_057451A/frame_00016.jpg,
/Users/tontran/Library/CloudStorage/OneDrive-VisualDefenceInc/Projects/road_object_shared/raw_frames/nighttime/20250727002508_057451A/frame_00017.jpg,
/Users/tontran/Library/CloudStorage/OneDrive-VisualDefenceInc/Projects/road_object_shared/raw_frames/nighttime/20250727002508_057451A/frame_00018.jpg,
/Users/tontran/Library/CloudStorage/OneDrive-VisualDefenceInc/Projects/road_object_shared/raw_frames/nighttime/20250727002508_057451A/frame_00019.jpg,
/Users/tontran/Library/CloudStorage/OneDrive-VisualDefenceInc/Projects/road_object_shared/raw_frames/nighttime/20250727002508_057451A/frame_00020.jpg,
/Users/tontran/Library/CloudStorage/OneDrive-VisualDefenceInc/Projects/road_object_shared/raw_frames/nighttime/20250727002508_057451A/frame_00021.jpg,
/Users/tontran/Library/CloudStorage/OneDrive-VisualDefenceInc/Projects/road_object_shared/raw_frames/nighttime/20250727002508_057451A/frame_00022.jpg,
/Users/tontran/Library/CloudStorage/OneDrive-VisualDefenceInc/Projects/road_object_shared/raw_frames/nighttime/20250727002508_057451A/frame_00023.jpg,
/Users/tontran/Library/CloudStorage/OneDrive-VisualDefenceInc/Projects/road_object_shared/raw_frames/nighttime/20250727002508_057451A/frame_00024.jpg,
/Users/tontran/Library/CloudStorage/OneDrive-VisualDefenceInc/Projects/road_object_shared/raw_frames/nighttime/20250727002508_057451A/frame_00025.jpg,
/Users/tontran/Library/CloudStorage/OneDrive-VisualDefenceInc/Projects/road_object_shared/raw_frames/nighttime/20250727002508_057451A/frame_00026.jpg,
/Users/tontran/Library/CloudStorage/OneDrive-VisualDefenceInc/Projects/road_object_shared/raw_frames/nighttime/20250727002508_057451A/frame_00027.jpg,
/Users/tontran/Library/CloudStorage/OneDrive-VisualDefenceInc/Projects/road_object_shared/raw_frames/nighttime/20250727002508_057451A/frame_00028.jpg,
/Users/tontran/Library/CloudStorage/OneDrive-VisualDefenceInc/Projects/road_object_shared/raw_frames/nighttime/20250727002508_057451A/frame_00029.jpg,
/Users/tontran/Library/CloudStorage/OneDrive-VisualDefenceInc/Projects/road_object_shared/raw_frames/nighttime/20250727002508_057451A/frame_00030.jpg,
/Users/tontran/Library/CloudStorage/OneDrive-VisualDefenceInc/Projects/road_object_shared/raw_frames/nighttime/20250727002508_057451A/frame_00031.jpg,
/Users/tontran/Library/CloudStorage/OneDrive-VisualDefenceInc/Projects/road_object_shared/raw_frames/nighttime/20250727002508_057451A/frame_00032.jpg,car
/Users/tontran/Library/CloudStorage/OneDrive-VisualDefenceInc/Projects/road_object_shared/raw_frames/nighttime/20250727002508_057451A/frame_00033.jpg,
/Users/tontran/Library/CloudStorage/OneDrive-VisualDefenceInc/Projects/road_object_shared/raw_frames/nighttime/20250727002508_057451A/frame_00034.jpg,
/Users/tontran/Library/CloudStorage/OneDrive-VisualDefenceInc/Projects/road_object_shared/raw_frames/nighttime/20250727002508_057451A/frame_00035.jpg,
/Users/tontran/Library/CloudStorage/OneDrive-VisualDefenceInc/Projects/road_object_shared/raw_frames/nighttime/20250727002508_057451A/frame_00036.jpg,
/Users/tontran/Library/CloudStorage/OneDrive-VisualDefenceInc/Projects/road_object_shared/raw_frames/nighttime/20250727002508_057451A/frame_00037.jpg,
/Users/tontran/Library/CloudStorage/OneDrive-VisualDefenceInc/Projects/road_object_shared/raw_frames/nighttime/20250727002508_057451A/frame_00038.jpg,
/Users/tontran/Library/CloudStorage/OneDrive-VisualDefenceInc/Projects/road_object_shared/raw_frames/nighttime/20250727002508_057451A/frame_00039.jpg,
/Users/tontran/Library/CloudStorage/OneDrive-VisualDefenceInc/Projects/road_object_shared/raw_frames/nighttime/20250727002508_057451A/frame_00040.jpg,
/Users/tontran/Library/CloudStorage/OneDrive-VisualDefenceInc/Projects/road_object_shared/raw_frames/nighttime/20250727002508_057451A/frame_00041.jpg,
/Users/tontran/Library/CloudStorage/OneDrive-VisualDefenceInc/Projects/road_object_shared/raw_frames/nighttime/20250727002508_057451A/frame_00042.jpg,
/Users/tontran/Library/CloudStorage/OneDrive-VisualDefenceInc/Projects/road_object_shared/raw_frames/nighttime/20250727002508_057451A/frame_00043.jpg,
/Users/tontran/Library/CloudStorage/OneDrive-VisualDefenceInc/Projects/road_object_shared/raw_frames/nighttime/20250727002508_057451A/frame_00044.jpg,
/Users/tontran/Library/CloudStorage/OneDrive-VisualDefenceInc/Projects/road_object_shared/raw_frames/nighttime/20250727002508_057451A/frame_00045.jpg,
/Users/tontran/Library/CloudStorage/OneDrive-VisualDefenceInc/Projects/road_object_shared/raw_frames/nighttime/20250727002508_057451A/frame_00046.jpg,
/Users/tontran/Library/CloudStorage/OneDrive-VisualDefenceInc/Projects/road_object_shared/raw_frames/nighttime/20250727002508_057451A/frame_00047.jpg,
/Users/tontran/Library/CloudStorage/OneDrive-VisualDefenceInc/Projects/road_object_shared/raw_frames/nighttime/20250727002608_057453A/frame_00000.jpg,
/Users/tontran/Library/CloudStorage/OneDrive-VisualDefenceInc/Projects/road_object_shared/raw_frames/nighttime/20250727002608_057453A/frame_00001.jpg,
/Users/tontran/Library/CloudStorage/OneDrive-VisualDefenceInc/Projects/road_object_shared/raw_frames/nighttime/20250727002608_057453A/frame_00002.jpg,
/Users/tontran/Library/CloudStorage/OneDrive-VisualDefenceInc/Projects/road_object_shared/raw_frames/nighttime/20250727002608_057453A/frame_00003.jpg,
/Users/tontran/Library/CloudStorage/OneDrive-VisualDefenceInc/Projects/road_object_shared/raw_frames/nighttime/20250727002608_057453A/frame_00004.jpg,
/Users/tontran/Library/CloudStorage/OneDrive-VisualDefenceInc/Projects/road_object_shared/raw_frames/nighttime/20250727002608_057453A/frame_00005.jpg,
/Users/tontran/Library/CloudStorage/OneDrive-VisualDefenceInc/Projects/road_object_shared/raw_frames/nighttime/20250727002608_057453A/frame_00006.jpg,
/Users/tontran/Library/CloudStorage/OneDrive-VisualDefenceInc/Projects/road_object_shared/raw_frames/nighttime/20250727002608_057453A/frame_00007.jpg,car
/Users/tontran/Library/CloudStorage/OneDrive-VisualDefenceInc/Projects/road_object_shared/raw_frames/nighttime/20250727002608_057453A/frame_00008.jpg,car
/Users/tontran/Library/CloudStorage/OneDrive-VisualDefenceInc/Projects/road_object_shared/raw_frames/nighttime/20250727002608_057453A/frame_00009.jpg,car
/Users/tontran/Library/CloudStorage/OneDrive-VisualDefenceInc/Projects/road_object_shared/raw_frames/nighttime/20250727002608_057453A/frame_00010.jpg,car
/Users/tontran/Library/CloudStorage/OneDrive-VisualDefenceInc/Projects/road_object_shared/raw_frames/nighttime/20250727002608_057453A/frame_00011.jpg,car
/Users/tontran/Library/CloudStorage/OneDrive-VisualDefenceInc/Projects/road_object_shared/raw_frames/nighttime/20250727002608_057453A/frame_00012.jpg,
/Users/tontran/Library/CloudStorage/OneDrive-VisualDefenceInc/Projects/road_object_shared/raw_frames/nighttime/20250727002608_057453A/frame_00013.jpg,car
/Users/tontran/Library/CloudStorage/OneDrive-VisualDefenceInc/Projects/road_object_shared/raw_frames/nighttime/20250727002608_057453A/frame_00014.jpg,car
/Users/tontran/Library/CloudStorage/OneDrive-VisualDefenceInc/Projects/road_object_shared/raw_frames/nighttime/20250727002608_057453A/frame_00015.jpg,car
/Users/tontran/Library/CloudStorage/OneDrive-VisualDefenceInc/Projects/road_object_shared/raw_frames/nighttime/20250727002608_057453A/frame_00016.jpg,car
/Users/tontran/Library/CloudStorage/OneDrive-VisualDefenceInc/Projects/road_object_shared/raw_frames/nighttime/20250727002608_057453A/frame_00017.jpg,car
/Users/tontran/Library/CloudStorage/OneDrive-VisualDefenceInc/Projects/road_object_shared/raw_frames/nighttime/20250727002608_057453A/frame_00018.jpg,car
/Users/tontran/Library/CloudStorage/OneDrive-VisualDefenceInc/Projects/road_object_shared/raw_frames/nighttime/20250727002608_057453A/frame_00019.jpg,car
/Users/tontran/Library/CloudStorage/OneDrive-VisualDefenceInc/Projects/road_object_shared/raw_frames/nighttime/20250727002608_057453A/frame_00020.jpg,
/Users/tontran/Library/CloudStorage/OneDrive-VisualDefenceInc/Projects/road_object_shared/raw_frames/nighttime/20250727002608_057453A/frame_00021.jpg,
/Users/tontran/Library/CloudStorage/OneDrive-VisualDefenceInc/Projects/road_object_shared/raw_frames/nighttime/20250727002608_057453A/frame_00022.jpg,
/Users/tontran/Library/CloudStorage/OneDrive-VisualDefenceInc/Projects/road_object_shared/raw_frames/nighttime/20250727002608_057453A/frame_00023.jpg,
/Users/tontran/Library/CloudStorage/OneDrive-VisualDefenceInc/Projects/road_object_shared/raw_frames/nighttime/20250727002608_057453A/frame_00024.jpg,
/Users/tontran/Library/CloudStorage/OneDrive-VisualDefenceInc/Projects/road_object_shared/raw_frames/nighttime/20250727002608_057453A/frame_00025.jpg,
/Users/tontran/Library/CloudStorage/OneDrive-VisualDefenceInc/Projects/road_object_shared/raw_frames/nighttime/20250727002608_057453A/frame_00026.jpg,
/Users/tontran/Library/CloudStorage/OneDrive-VisualDefenceInc/Projects/road_object_shared/raw_frames/nighttime/20250727002608_057453A/frame_00027.jpg,
/Users/tontran/Library/CloudStorage/OneDrive-VisualDefenceInc/Projects/road_object_shared/raw_frames/nighttime/20250727002608_057453A/frame_00028.jpg,
/Users/tontran/Library/CloudStorage/OneDrive-VisualDefenceInc/Projects/road_object_shared/raw_frames/nighttime/20250727002608_057453A/frame_00029.jpg,
/Users/tontran/Library/CloudStorage/OneDrive-VisualDefenceInc/Projects/road_object_shared/raw_frames/nighttime/20250727002608_057453A/frame_00030.jpg,
/Users/tontran/Library/CloudStorage/OneDrive-VisualDefenceInc/Projects/road_object_shared/raw_frames/nighttime/20250727002608_057453A/frame_00031.jpg,
/Users/tontran/Library/CloudStorage/OneDrive-VisualDefenceInc/Projects/road_object_shared/raw_frames/nighttime/20250727002608_057453A/frame_00032.jpg,
/Users/tontran/Library/CloudStorage/OneDrive-VisualDefenceInc/Projects/road_object_shared/raw_frames/nighttime/20250727002608_057453A/frame_00033.jpg,
/Users/tontran/Library/CloudStorage/OneDrive-VisualDefenceInc/Projects/road_object_shared/raw_frames/nighttime/20250727002608_057453A/frame_00034.jpg,
/Users/tontran/Library/CloudStorage/OneDrive-VisualDefenceInc/Projects/road_object_shared/raw_frames/nighttime/20250727002608_057453A/frame_00035.jpg,
/Users/tontran/Library/CloudStorage/OneDrive-VisualDefenceInc/Projects/road_object_shared/raw_frames/nighttime/20250727002608_057453A/frame_00036.jpg,
/Users/tontran/Library/CloudStorage/OneDrive-VisualDefenceInc/Projects/road_object_shared/raw_frames/nighttime/20250727002608_057453A/frame_00037.jpg,
/Users/tontran/Library/CloudStorage/OneDrive-VisualDefenceInc/Projects/road_object_shared/raw_frames/nighttime/20250727002608_057453A/frame_00038.jpg,
/Users/tontran/Library/CloudStorage/OneDrive-VisualDefenceInc/Projects/road_object_shared/raw_frames/nighttime/20250727002608_057453A/frame_00039.jpg,
/Users/tontran/Library/CloudStorage/OneDrive-VisualDefenceInc/Projects/road_object_shared/raw_frames/nighttime/20250727002608_057453A/frame_00040.jpg,
/Users/tontran/Library/CloudStorage/OneDrive-VisualDefenceInc/Projects/road_object_shared/raw_frames/nighttime/20250727002608_057453A/frame_00041.jpg,car
/Users/tontran/Library/CloudStorage/OneDrive-VisualDefenceInc/Projects/road_object_shared/raw_frames/nighttime/20250727002608_057453A/frame_00042.jpg,
/Users/tontran/Library/CloudStorage/OneDrive-VisualDefenceInc/Projects/road_object_shared/raw_frames/nighttime/20250727002608_057453A/frame_00043.jpg,
/Users/tontran/Library/CloudStorage/OneDrive-VisualDefenceInc/Projects/road_object_shared/raw_frames/nighttime/20250727002608_057453A/frame_00044.jpg,
/Users/tontran/Library/CloudStorage/OneDrive-VisualDefenceInc/Projects/road_object_shared/raw_frames/nighttime/20250727002608_057453A/frame_00045.jpg,
/Users/tontran/Library/CloudStorage/OneDrive-VisualDefenceInc/Projects/road_object_shared/raw_frames/nighttime/20250727002608_057453A/frame_00046.jpg,car
/Users/tontran/Library/CloudStorage/OneDrive-VisualDefenceInc/Projects/road_object_shared/raw_frames/nighttime/20250727002608_057453A/frame_00047.jpg,
/Users/tontran/Library/CloudStorage/OneDrive-VisualDefenceInc/Projects/road_object_shared/raw_frames/nighttime/20250727002708_057455A/frame_00000.jpg,car
/Users/tontran/Library/CloudStorage/OneDrive-VisualDefenceInc/Projects/road_object_shared/raw_frames/nighttime/20250727002708_057455A/frame_00001.jpg,car
/Users/tontran/Library/CloudStorage/OneDrive-VisualDefenceInc/Projects/road_object_shared/raw_frames/nighttime/20250727002708_057455A/frame_00002.jpg,
/Users/tontran/Library/CloudStorage/OneDrive-VisualDefenceInc/Projects/road_object_shared/raw_frames/nighttime/20250727002708_057455A/frame_00003.jpg,
/Users/tontran/Library/CloudStorage/OneDrive-VisualDefenceInc/Projects/road_object_shared/raw_frames/nighttime/20250727002708_057455A/frame_00004.jpg,
/Users/tontran/Library/CloudStorage/OneDrive-VisualDefenceInc/Projects/road_object_shared/raw_frames/nighttime/20250727002708_057455A/frame_00005.jpg,
/Users/tontran/Library/CloudStorage/OneDrive-VisualDefenceInc/Projects/road_object_shared/raw_frames/nighttime/20250727002708_057455A/frame_00006.jpg,
/Users/tontran/Library/CloudStorage/OneDrive-VisualDefenceInc/Projects/road_object_shared/raw_frames/nighttime/20250727002708_057455A/frame_00007.jpg,car
/Users/tontran/Library/CloudStorage/OneDrive-VisualDefenceInc/Projects/road_object_shared/raw_frames/nighttime/20250727002708_057455A/frame_00008.jpg,car
/Users/tontran/Library/CloudStorage/OneDrive-VisualDefenceInc/Projects/road_object_shared/raw_frames/nighttime/20250727002708_057455A/frame_00009.jpg,car
/Users/tontran/Library/CloudStorage/OneDrive-VisualDefenceInc/Projects/road_object_shared/raw_frames/nighttime/20250727002708_057455A/frame_00010.jpg,car
/Users/tontran/Library/CloudStorage/OneDrive-VisualDefenceInc/Projects/road_object_shared/raw_frames/nighttime/20250727002708_057455A/frame_00011.jpg,
/Users/tontran/Library/CloudStorage/OneDrive-VisualDefenceInc/Projects/road_object_shared/raw_frames/nighttime/20250727002708_057455A/frame_00012.jpg,
/Users/tontran/Library/CloudStorage/OneDrive-VisualDefenceInc/Projects/road_object_shared/raw_frames/nighttime/20250727002708_057455A/frame_00013.jpg,car
/Users/tontran/Library/CloudStorage/OneDrive-VisualDefenceInc/Projects/road_object_shared/raw_frames/nighttime/20250727002708_057455A/frame_00014.jpg,car
/Users/tontran/Library/CloudStorage/OneDrive-VisualDefenceInc/Projects/road_object_shared/raw_frames/nighttime/20250727002708_057455A/frame_00015.jpg,
/Users/tontran/Library/CloudStorage/OneDrive-VisualDefenceInc/Projects/road_object_shared/raw_frames/nighttime/20250727002708_057455A/frame_00016.jpg,
/Users/tontran/Library/CloudStorage/OneDrive-VisualDefenceInc/Projects/road_object_shared/raw_frames/nighttime/20250727002708_057455A/frame_00017.jpg,
/Users/tontran/Library/CloudStorage/OneDrive-VisualDefenceInc/Projects/road_object_shared/raw_frames/nighttime/20250727002708_057455A/frame_00018.jpg,
/Users/tontran/Library/CloudStorage/OneDrive-VisualDefenceInc/Projects/road_object_shared/raw_frames/nighttime/20250727002708_057455A/frame_00019.jpg,car
/Users/tontran/Library/CloudStorage/OneDrive-VisualDefenceInc/Projects/road_object_shared/raw_frames/nighttime/20250727002708_057455A/frame_00020.jpg,car
/Users/tontran/Library/CloudStorage/OneDrive-VisualDefenceInc/Projects/road_object_shared/raw_frames/nighttime/20250727002708_057455A/frame_00021.jpg,
/Users/tontran/Library/CloudStorage/OneDrive-VisualDefenceInc/Projects/road_object_shared/raw_frames/nighttime/20250727002708_057455A/frame_00022.jpg,
/Users/tontran/Library/CloudStorage/OneDrive-VisualDefenceInc/Projects/road_object_shared/raw_frames/nighttime/20250727002708_057455A/frame_00023.jpg,car
/Users/tontran/Library/CloudStorage/OneDrive-VisualDefenceInc/Projects/road_object_shared/raw_frames/nighttime/20250727002708_057455A/frame_00024.jpg,
/Users/tontran/Library/CloudStorage/OneDrive-VisualDefenceInc/Projects/road_object_shared/raw_frames/nighttime/20250727002708_057455A/frame_00025.jpg,
/Users/tontran/Library/CloudStorage/OneDrive-VisualDefenceInc/Projects/road_object_shared/raw_frames/nighttime/20250727002708_057455A/frame_00026.jpg,
/Users/tontran/Library/CloudStorage/OneDrive-VisualDefenceInc/Projects/road_object_shared/raw_frames/nighttime/20250727002708_057455A/frame_00027.jpg,
/Users/tontran/Library/CloudStorage/OneDrive-VisualDefenceInc/Projects/road_object_shared/raw_frames/nighttime/20250727002708_057455A/frame_00028.jpg,
/Users/tontran/Library/CloudStorage/OneDrive-VisualDefenceInc/Projects/road_object_shared/raw_frames/nighttime/20250727002708_057455A/frame_00029.jpg,
/Users/tontran/Library/CloudStorage/OneDrive-VisualDefenceInc/Projects/road_object_shared/raw_frames/nighttime/20250727002708_057455A/frame_00030.jpg,
/Users/tontran/Library/CloudStorage/OneDrive-VisualDefenceInc/Projects/road_object_shared/raw_frames/nighttime/20250727002708_057455A/frame_00031.jpg,car
/Users/tontran/Library/CloudStorage/OneDrive-VisualDefenceInc/Projects/road_object_shared/raw_frames/nighttime/20250727002708_057455A/frame_00032.jpg,car
/Users/tontran/Library/CloudStorage/OneDrive-VisualDefenceInc/Projects/road_object_shared/raw_frames/nighttime/20250727002708_057455A/frame_00033.jpg,car
/Users/tontran/Library/CloudStorage/OneDrive-VisualDefenceInc/Projects/road_object_shared/raw_frames/nighttime/20250727002708_057455A/frame_00034.jpg,car
/Users/tontran/Library/CloudStorage/OneDrive-VisualDefenceInc/Projects/road_object_shared/raw_frames/nighttime/20250727002708_057455A/frame_00035.jpg,car
/Users/tontran/Library/CloudStorage/OneDrive-VisualDefenceInc/Projects/road_object_shared/raw_frames/nighttime/20250727002708_057455A/frame_00036.jpg,
/Users/tontran/Library/CloudStorage/OneDrive-VisualDefenceInc/Projects/road_object_shared/raw_frames/nighttime/20250727002708_057455A/frame_00037.jpg,
/Users/tontran/Library/CloudStorage/OneDrive-VisualDefenceInc/Projects/road_object_shared/raw_frames/nighttime/20250727002708_057455A/frame_00038.jpg,
/Users/tontran/Library/CloudStorage/OneDrive-VisualDefenceInc/Projects/road_object_shared/raw_frames/nighttime/20250727002708_057455A/frame_00039.jpg,
/Users/tontran/Library/CloudStorage/OneDrive-VisualDefenceInc/Projects/road_object_shared/raw_frames/nighttime/20250727002708_057455A/frame_00040.jpg,
/Users/tontran/Library/CloudStorage/OneDrive-VisualDefenceInc/Projects/road_object_shared/raw_frames/nighttime/20250727002708_057455A/frame_00041.jpg,
/Users/tontran/Library/CloudStorage/OneDrive-VisualDefenceInc/Projects/road_object_shared/raw_frames/nighttime/20250727002708_057455A/frame_00042.jpg,
/Users/tontran/Library/CloudStorage/OneDrive-VisualDefenceInc/Projects/road_object_shared/raw_frames/nighttime/20250727002708_057455A/frame_00043.jpg,
/Users/tontran/Library/CloudStorage/OneDrive-VisualDefenceInc/Projects/road_object_shared/raw_frames/nighttime/20250727002708_057455A/frame_00044.jpg,
/Users/tontran/Library/CloudStorage/OneDrive-VisualDefenceInc/Projects/road_object_shared/raw_frames/nighttime/20250727002708_057455A/frame_00045.jpg,
/Users/tontran/Library/CloudStorage/OneDrive-VisualDefenceInc/Projects/road_object_shared/raw_frames/nighttime/20250727002708_057455A/frame_00046.jpg,car
/Users/tontran/Library/CloudStorage/OneDrive-VisualDefenceInc/Projects/road_object_shared/raw_frames/nighttime/20250727002708_057455A/frame_00047.jpg,car
/Users/tontran/Library/CloudStorage/OneDrive-VisualDefenceInc/Projects/road_object_shared/raw_frames/nighttime/20250727002808_057457A/frame_00000.jpg,car
/Users/tontran/Library/CloudStorage/OneDrive-VisualDefenceInc/Projects/road_object_shared/raw_frames/nighttime/20250727002808_057457A/frame_00001.jpg,car
/Users/tontran/Library/CloudStorage/OneDrive-VisualDefenceInc/Projects/road_object_shared/raw_frames/nighttime/20250727002808_057457A/frame_00002.jpg,
/Users/tontran/Library/CloudStorage/OneDrive-VisualDefenceInc/Projects/road_object_shared/raw_frames/nighttime/20250727002808_057457A/frame_00003.jpg,car
/Users/tontran/Library/CloudStorage/OneDrive-VisualDefenceInc/Projects/road_object_shared/raw_frames/nighttime/20250727002808_057457A/frame_00004.jpg,
/Users/tontran/Library/CloudStorage/OneDrive-VisualDefenceInc/Projects/road_object_shared/raw_frames/nighttime/20250727002808_057457A/frame_00005.jpg,
/Users/tontran/Library/CloudStorage/OneDrive-VisualDefenceInc/Projects/road_object_shared/raw_frames/nighttime/20250727002808_057457A/frame_00006.jpg,car
/Users/tontran/Library/CloudStorage/OneDrive-VisualDefenceInc/Projects/road_object_shared/raw_frames/nighttime/20250727002808_057457A/frame_00007.jpg,
/Users/tontran/Library/CloudStorage/OneDrive-VisualDefenceInc/Projects/road_object_shared/raw_frames/nighttime/20250727002808_057457A/frame_00008.jpg,
/Users/tontran/Library/CloudStorage/OneDrive-VisualDefenceInc/Projects/road_object_shared/raw_frames/nighttime/20250727002808_057457A/frame_00009.jpg,
/Users/tontran/Library/CloudStorage/OneDrive-VisualDefenceInc/Projects/road_object_shared/raw_frames/nighttime/20250727002808_057457A/frame_00010.jpg,
/Users/tontran/Library/CloudStorage/OneDrive-VisualDefenceInc/Projects/road_object_shared/raw_frames/nighttime/20250727002808_057457A/frame_00011.jpg,
/Users/tontran/Library/CloudStorage/OneDrive-VisualDefenceInc/Projects/road_object_shared/raw_frames/nighttime/20250727002808_057457A/frame_00012.jpg,
/Users/tontran/Library/CloudStorage/OneDrive-VisualDefenceInc/Projects/road_object_shared/raw_frames/nighttime/20250727002808_057457A/frame_00013.jpg,
/Users/tontran/Library/CloudStorage/OneDrive-VisualDefenceInc/Projects/road_object_shared/raw_frames/nighttime/20250727002808_057457A/frame_00014.jpg,
/Users/tontran/Library/CloudStorage/OneDrive-VisualDefenceInc/Projects/road_object_shared/raw_frames/nighttime/20250727002808_057457A/frame_00015.jpg,
/Users/tontran/Library/CloudStorage/OneDrive-VisualDefenceInc/Projects/road_object_shared/raw_frames/nighttime/20250727002808_057457A/frame_00016.jpg,
/Users/tontran/Library/CloudStorage/OneDrive-VisualDefenceInc/Projects/road_object_shared/raw_frames/nighttime/20250727002808_057457A/frame_00017.jpg,
/Users/tontran/Library/CloudStorage/OneDrive-VisualDefenceInc/Projects/road_object_shared/raw_frames/nighttime/20250727002808_057457A/frame_00018.jpg,
/Users/tontran/Library/CloudStorage/OneDrive-VisualDefenceInc/Projects/road_object_shared/raw_frames/nighttime/20250727002808_057457A/frame_00019.jpg,
/Users/tontran/Library/CloudStorage/OneDrive-VisualDefenceInc/Projects/road_object_shared/raw_frames/nighttime/20250727002808_057457A/frame_00020.jpg,
/Users/tontran/Library/CloudStorage/OneDrive-VisualDefenceInc/Projects/road_object_shared/raw_frames/nighttime/20250727002808_057457A/frame_00021.jpg,car
/Users/tontran/Library/CloudStorage/OneDrive-VisualDefenceInc/Projects/road_object_shared/raw_frames/nighttime/20250727002808_057457A/frame_00022.jpg,
/Users/tontran/Library/CloudStorage/OneDrive-VisualDefenceInc/Projects/road_object_shared/raw_frames/nighttime/20250727002808_057457A/frame_00023.jpg,
/Users/tontran/Library/CloudStorage/OneDrive-VisualDefenceInc/Projects/road_object_shared/raw_frames/nighttime/20250727002808_057457A/frame_00024.jpg,
/Users/tontran/Library/CloudStorage/OneDrive-VisualDefenceInc/Projects/road_object_shared/raw_frames/nighttime/20250727002808_057457A/frame_00025.jpg,
/Users/tontran/Library/CloudStorage/OneDrive-VisualDefenceInc/Projects/road_object_shared/raw_frames/nighttime/20250727002808_057457A/frame_00026.jpg,
/Users/tontran/Library/CloudStorage/OneDrive-VisualDefenceInc/Projects/road_object_shared/raw_frames/nighttime/20250727002808_057457A/frame_00027.jpg,
/Users/tontran/Library/CloudStorage/OneDrive-VisualDefenceInc/Projects/road_object_shared/raw_frames/nighttime/20250727002808_057457A/frame_00028.jpg,
/Users/tontran/Library/CloudStorage/OneDrive-VisualDefenceInc/Projects/road_object_shared/raw_frames/nighttime/20250727002808_057457A/frame_00029.jpg,
/Users/tontran/Library/CloudStorage/OneDrive-VisualDefenceInc/Projects/road_object_shared/raw_frames/nighttime/20250727002808_057457A/frame_00030.jpg,
/Users/tontran/Library/CloudStorage/OneDrive-VisualDefenceInc/Projects/road_object_shared/raw_frames/nighttime/20250727002808_057457A/frame_00031.jpg,
/Users/tontran/Library/CloudStorage/OneDrive-VisualDefenceInc/Projects/road_object_shared/raw_frames/nighttime/20250727002808_057457A/frame_00032.jpg,
/Users/tontran/Library/CloudStorage/OneDrive-VisualDefenceInc/Projects/road_object_shared/raw_frames/nighttime/20250727002808_057457A/frame_00033.jpg,
/Users/tontran/Library/CloudStorage/OneDrive-VisualDefenceInc/Projects/road_object_shared/raw_frames/nighttime/20250727002808_057457A/frame_00034.jpg,
/Users/tontran/Library/CloudStorage/OneDrive-VisualDefenceInc/Projects/road_object_shared/raw_frames/nighttime/20250727002808_057457A/frame_00035.jpg,
/Users/tontran/Library/CloudStorage/OneDrive-VisualDefenceInc/Projects/road_object_shared/raw_frames/nighttime/20250727002808_057457A/frame_00036.jpg,
/Users/tontran/Library/CloudStorage/OneDrive-VisualDefenceInc/Projects/road_object_shared/raw_frames/nighttime/20250727002808_057457A/frame_00037.jpg,car
/Users/tontran/Library/CloudStorage/OneDrive-VisualDefenceInc/Projects/road_object_shared/raw_frames/nighttime/20250727002808_057457A/frame_00038.jpg,car
/Users/tontran/Library/CloudStorage/OneDrive-VisualDefenceInc/Projects/road_object_shared/raw_frames/nighttime/20250727002808_057457A/frame_00039.jpg,car
/Users/tontran/Library/CloudStorage/OneDrive-VisualDefenceInc/Projects/road_object_shared/raw_frames/nighttime/20250727002808_057457A/frame_00040.jpg,car
/Users/tontran/Library/CloudStorage/OneDrive-VisualDefenceInc/Projects/road_object_shared/raw_frames/nighttime/20250727002808_057457A/frame_00041.jpg,
/Users/tontran/Library/CloudStorage/OneDrive-VisualDefenceInc/Projects/road_object_shared/raw_frames/nighttime/20250727002808_057457A/frame_00042.jpg,
/Users/tontran/Library/CloudStorage/OneDrive-VisualDefenceInc/Projects/road_object_shared/raw_frames/nighttime/20250727002808_057457A/frame_00043.jpg,
/Users/tontran/Library/CloudStorage/OneDrive-VisualDefenceInc/Projects/road_object_shared/raw_frames/nighttime/20250727002808_057457A/frame_00044.jpg,
/Users/tontran/Library/CloudStorage/OneDrive-VisualDefenceInc/Projects/road_object_shared/raw_frames/nighttime/20250727002808_057457A/frame_00045.jpg,car
/Users/tontran/Library/CloudStorage/OneDrive-VisualDefenceInc/Projects/road_object_shared/raw_frames/nighttime/20250727002808_057457A/frame_00046.jpg,
/Users/tontran/Library/CloudStorage/OneDrive-VisualDefenceInc/Projects/road_object_shared/raw_frames/nighttime/20250727002808_057457A/frame_00047.jpg,
/Users/tontran/Library/CloudStorage/OneDrive-VisualDefenceInc/Projects/road_object_shared/raw_frames/nighttime/20250727002908_057459A/frame_00000.jpg,
/Users/tontran/Library/CloudStorage/OneDrive-VisualDefenceInc/Projects/road_object_shared/raw_frames/nighttime/20250727002908_057459A/frame_00001.jpg,car
/Users/tontran/Library/CloudStorage/OneDrive-VisualDefenceInc/Projects/road_object_shared/raw_frames/nighttime/20250727002908_057459A/frame_00002.jpg,
/Users/tontran/Library/CloudStorage/OneDrive-VisualDefenceInc/Projects/road_object_shared/raw_frames/nighttime/20250727002908_057459A/frame_00003.jpg,car
/Users/tontran/Library/CloudStorage/OneDrive-VisualDefenceInc/Projects/road_object_shared/raw_frames/nighttime/20250727002908_057459A/frame_00004.jpg,car
/Users/tontran/Library/CloudStorage/OneDrive-VisualDefenceInc/Projects/road_object_shared/raw_frames/nighttime/20250727002908_057459A/frame_00005.jpg,
/Users/tontran/Library/CloudStorage/OneDrive-VisualDefenceInc/Projects/road_object_shared/raw_frames/nighttime/20250727002908_057459A/frame_00006.jpg,
/Users/tontran/Library/CloudStorage/OneDrive-VisualDefenceInc/Projects/road_object_shared/raw_frames/nighttime/20250727002908_057459A/frame_00007.jpg,car
/Users/tontran/Library/CloudStorage/OneDrive-VisualDefenceInc/Projects/road_object_shared/raw_frames/nighttime/20250727002908_057459A/frame_00008.jpg,
/Users/tontran/Library/CloudStorage/OneDrive-VisualDefenceInc/Projects/road_object_shared/raw_frames/nighttime/20250727002908_057459A/frame_00009.jpg,car
/Users/tontran/Library/CloudStorage/OneDrive-VisualDefenceInc/Projects/road_object_shared/raw_frames/nighttime/20250727002908_057459A/frame_00010.jpg,
/Users/tontran/Library/CloudStorage/OneDrive-VisualDefenceInc/Projects/road_object_shared/raw_frames/nighttime/20250727002908_057459A/frame_00011.jpg,
/Users/tontran/Library/CloudStorage/OneDrive-VisualDefenceInc/Projects/road_object_shared/raw_frames/nighttime/20250727002908_057459A/frame_00012.jpg,
/Users/tontran/Library/CloudStorage/OneDrive-VisualDefenceInc/Projects/road_object_shared/raw_frames/nighttime/20250727002908_057459A/frame_00013.jpg,car
/Users/tontran/Library/CloudStorage/OneDrive-VisualDefenceInc/Projects/road_object_shared/raw_frames/nighttime/20250727002908_057459A/frame_00014.jpg,car
/Users/tontran/Library/CloudStorage/OneDrive-VisualDefenceInc/Projects/road_object_shared/raw_frames/nighttime/20250727002908_057459A/frame_00015.jpg,car
/Users/tontran/Library/CloudStorage/OneDrive-VisualDefenceInc/Projects/road_object_shared/raw_frames/nighttime/20250727002908_057459A/frame_00016.jpg,
/Users/tontran/Library/CloudStorage/OneDrive-VisualDefenceInc/Projects/road_object_shared/raw_frames/nighttime/20250727002908_057459A/frame_00017.jpg,
/Users/tontran/Library/CloudStorage/OneDrive-VisualDefenceInc/Projects/road_object_shared/raw_frames/nighttime/20250727002908_057459A/frame_00018.jpg,
/Users/tontran/Library/CloudStorage/OneDrive-VisualDefenceInc/Projects/road_object_shared/raw_frames/nighttime/20250727002908_057459A/frame_00019.jpg,
/Users/tontran/Library/CloudStorage/OneDrive-VisualDefenceInc/Projects/road_object_shared/raw_frames/nighttime/20250727002908_057459A/frame_00020.jpg,car
/Users/tontran/Library/CloudStorage/OneDrive-VisualDefenceInc/Projects/road_object_shared/raw_frames/nighttime/20250727002908_057459A/frame_00021.jpg,
/Users/tontran/Library/CloudStorage/OneDrive-VisualDefenceInc/Projects/road_object_shared/raw_frames/nighttime/20250727002908_057459A/frame_00022.jpg,
/Users/tontran/Library/CloudStorage/OneDrive-VisualDefenceInc/Projects/road_object_shared/raw_frames/nighttime/20250727002908_057459A/frame_00023.jpg,
/Users/tontran/Library/CloudStorage/OneDrive-VisualDefenceInc/Projects/road_object_shared/raw_frames/nighttime/20250727002908_057459A/frame_00024.jpg,
/Users/tontran/Library/CloudStorage/OneDrive-VisualDefenceInc/Projects/road_object_shared/raw_frames/nighttime/20250727002908_057459A/frame_00025.jpg,
/Users/tontran/Library/CloudStorage/OneDrive-VisualDefenceInc/Projects/road_object_shared/raw_frames/nighttime/20250727002908_057459A/frame_00026.jpg,
/Users/tontran/Library/CloudStorage/OneDrive-VisualDefenceInc/Projects/road_object_shared/raw_frames/nighttime/20250727002908_057459A/frame_00027.jpg,
/Users/tontran/Library/CloudStorage/OneDrive-VisualDefenceInc/Projects/road_object_shared/raw_frames/nighttime/20250727002908_057459A/frame_00028.jpg,
/Users/tontran/Library/CloudStorage/OneDrive-VisualDefenceInc/Projects/road_object_shared/raw_frames/nighttime/20250727002908_057459A/frame_00029.jpg,
/Users/tontran/Library/CloudStorage/OneDrive-VisualDefenceInc/Projects/road_object_shared/raw_frames/nighttime/20250727002908_057459A/frame_00030.jpg,
/Users/tontran/Library/CloudStorage/OneDrive-VisualDefenceInc/Projects/road_object_shared/raw_frames/nighttime/20250727002908_057459A/frame_00031.jpg,
/Users/tontran/Library/CloudStorage/OneDrive-VisualDefenceInc/Projects/road_object_shared/raw_frames/nighttime/20250727002908_057459A/frame_00032.jpg,
/Users/tontran/Library/CloudStorage/OneDrive-VisualDefenceInc/Projects/road_object_shared/raw_frames/nighttime/20250727002908_057459A/frame_00033.jpg,
/Users/tontran/Library/CloudStorage/OneDrive-VisualDefenceInc/Projects/road_object_shared/raw_frames/nighttime/20250727002908_057459A/frame_00034.jpg,
/Users/tontran/Library/CloudStorage/OneDrive-VisualDefenceInc/Projects/road_object_shared/raw_frames/nighttime/20250727002908_057459A/frame_00035.jpg,
/Users/tontran/Library/CloudStorage/OneDrive-VisualDefenceInc/Projects/road_object_shared/raw_frames/nighttime/20250727002908_057459A/frame_00036.jpg,
/Users/tontran/Library/CloudStorage/OneDrive-VisualDefenceInc/Projects/road_object_shared/raw_frames/nighttime/20250727002908_057459A/frame_00037.jpg,
/Users/tontran/Library/CloudStorage/OneDrive-VisualDefenceInc/Projects/road_object_shared/raw_frames/nighttime/20250727002908_057459A/frame_00038.jpg,
/Users/tontran/Library/CloudStorage/OneDrive-VisualDefenceInc/Projects/road_object_shared/raw_frames/nighttime/20250727002908_057459A/frame_00039.jpg,
/Users/tontran/Library/CloudStorage/OneDrive-VisualDefenceInc/Projects/road_object_shared/raw_frames/nighttime/20250727002908_057459A/frame_00040.jpg,
/Users/tontran/Library/CloudStorage/OneDrive-VisualDefenceInc/Projects/road_object_shared/raw_frames/nighttime/20250727002908_057459A/frame_00041.jpg,
/Users/tontran/Library/CloudStorage/OneDrive-VisualDefenceInc/Projects/road_object_shared/raw_frames/nighttime/20250727002908_057459A/frame_00042.jpg,
/Users/tontran/Library/CloudStorage/OneDrive-VisualDefenceInc/Projects/road_object_shared/raw_frames/nighttime/20250727002908_057459A/frame_00043.jpg,
/Users/tontran/Library/CloudStorage/OneDrive-VisualDefenceInc/Projects/road_object_shared/raw_frames/nighttime/20250727002908_057459A/frame_00044.jpg,
/Users/tontran/Library/CloudStorage/OneDrive-VisualDefenceInc/Projects/road_object_shared/raw_frames/nighttime/20250727002908_057459A/frame_00045.jpg,
/Users/tontran/Library/CloudStorage/OneDrive-VisualDefenceInc/Projects/road_object_shared/raw_frames/nighttime/20250727002908_057459A/frame_00046.jpg,
/Users/tontran/Library/CloudStorage/OneDrive-VisualDefenceInc/Projects/road_object_shared/raw_frames/nighttime/20250727002908_057459A/frame_00047.jpg,
/Users/tontran/Library/CloudStorage/OneDrive-VisualDefenceInc/Projects/road_object_shared/raw_frames/nighttime/20250727003008_057461A/frame_00000.jpg,
/Users/tontran/Library/CloudStorage/OneDrive-VisualDefenceInc/Projects/road_object_shared/raw_frames/nighttime/20250727003008_057461A/frame_00001.jpg,
/Users/tontran/Library/CloudStorage/OneDrive-VisualDefenceInc/Projects/road_object_shared/raw_frames/nighttime/20250727003008_057461A/frame_00002.jpg,
/Users/tontran/Library/CloudStorage/OneDrive-VisualDefenceInc/Projects/road_object_shared/raw_frames/nighttime/20250727003008_057461A/frame_00003.jpg,
/Users/tontran/Library/CloudStorage/OneDrive-VisualDefenceInc/Projects/road_object_shared/raw_frames/nighttime/20250727003008_057461A/frame_00004.jpg,
/Users/tontran/Library/CloudStorage/OneDrive-VisualDefenceInc/Projects/road_object_shared/raw_frames/nighttime/20250727003008_057461A/frame_00005.jpg,
/Users/tontran/Library/CloudStorage/OneDrive-VisualDefenceInc/Projects/road_object_shared/raw_frames/nighttime/20250727003008_057461A/frame_00006.jpg,
/Users/tontran/Library/CloudStorage/OneDrive-VisualDefenceInc/Projects/road_object_shared/raw_frames/nighttime/20250727003008_057461A/frame_00007.jpg,
/Users/tontran/Library/CloudStorage/OneDrive-VisualDefenceInc/Projects/road_object_shared/raw_frames/nighttime/20250727003008_057461A/frame_00008.jpg,
/Users/tontran/Library/CloudStorage/OneDrive-VisualDefenceInc/Projects/road_object_shared/raw_frames/nighttime/20250727003008_057461A/frame_00009.jpg,
/Users/tontran/Library/CloudStorage/OneDrive-VisualDefenceInc/Projects/road_object_shared/raw_frames/nighttime/20250727003008_057461A/frame_00010.jpg,
/Users/tontran/Library/CloudStorage/OneDrive-VisualDefenceInc/Projects/road_object_shared/raw_frames/nighttime/20250727003008_057461A/frame_00011.jpg,
/Users/tontran/Library/CloudStorage/OneDrive-VisualDefenceInc/Projects/road_object_shared/raw_frames/nighttime/20250727003008_057461A/frame_00012.jpg,
/Users/tontran/Library/CloudStorage/OneDrive-VisualDefenceInc/Projects/road_object_shared/raw_frames/nighttime/20250727003008_057461A/frame_00013.jpg,
/Users/tontran/Library/CloudStorage/OneDrive-VisualDefenceInc/Projects/road_object_shared/raw_frames/nighttime/20250727003008_057461A/frame_00014.jpg,
/Users/tontran/Library/CloudStorage/OneDrive-VisualDefenceInc/Projects/road_object_shared/raw_frames/nighttime/20250727003008_057461A/frame_00015.jpg,
/Users/tontran/Library/CloudStorage/OneDrive-VisualDefenceInc/Projects/road_object_shared/raw_frames/nighttime/20250727003008_057461A/frame_00016.jpg,
/Users/tontran/Library/CloudStorage/OneDrive-VisualDefenceInc/Projects/road_object_shared/raw_frames/nighttime/20250727003008_057461A/frame_00017.jpg,
/Users/tontran/Library/CloudStorage/OneDrive-VisualDefenceInc/Projects/road_object_shared/raw_frames/nighttime/20250727003008_057461A/frame_00018.jpg,
/Users/tontran/Library/CloudStorage/OneDrive-VisualDefenceInc/Projects/road_object_shared/raw_frames/nighttime/20250727003008_057461A/frame_00019.jpg,
/Users/tontran/Library/CloudStorage/OneDrive-VisualDefenceInc/Projects/road_object_shared/raw_frames/nighttime/20250727003008_057461A/frame_00020.jpg,
/Users/tontran/Library/CloudStorage/OneDrive-VisualDefenceInc/Projects/road_object_shared/raw_frames/nighttime/20250727003008_057461A/frame_00021.jpg,
/Users/tontran/Library/CloudStorage/OneDrive-VisualDefenceInc/Projects/road_object_shared/raw_frames/nighttime/20250727003008_057461A/frame_00022.jpg,
/Users/tontran/Library/CloudStorage/OneDrive-VisualDefenceInc/Projects/road_object_shared/raw_frames/nighttime/20250727003008_057461A/frame_00023.jpg,
/Users/tontran/Library/CloudStorage/OneDrive-VisualDefenceInc/Projects/road_object_shared/raw_frames/nighttime/20250727003008_057461A/frame_00024.jpg,
/Users/tontran/Library/CloudStorage/OneDrive-VisualDefenceInc/Projects/road_object_shared/raw_frames/nighttime/20250727003008_057461A/frame_00025.jpg,
/Users/tontran/Library/CloudStorage/OneDrive-VisualDefenceInc/Projects/road_object_shared/raw_frames/nighttime/20250727003008_057461A/frame_00026.jpg,
/Users/tontran/Library/CloudStorage/OneDrive-VisualDefenceInc/Projects/road_object_shared/raw_frames/nighttime/20250727003008_057461A/frame_00027.jpg,
/Users/tontran/Library/CloudStorage/OneDrive-VisualDefenceInc/Projects/road_object_shared/raw_frames/nighttime/20250727003008_057461A/frame_00028.jpg,
/Users/tontran/Library/CloudStorage/OneDrive-VisualDefenceInc/Projects/road_object_shared/raw_frames/nighttime/20250727003008_057461A/frame_00029.jpg,
/Users/tontran/Library/CloudStorage/OneDrive-VisualDefenceInc/Projects/road_object_shared/raw_frames/nighttime/20250727003008_057461A/frame_00030.jpg,
/Users/tontran/Library/CloudStorage/OneDrive-VisualDefenceInc/Projects/road_object_shared/raw_frames/nighttime/20250727003008_057461A/frame_00031.jpg,
/Users/tontran/Library/CloudStorage/OneDrive-VisualDefenceInc/Projects/road_object_shared/raw_frames/nighttime/20250727003008_057461A/frame_00032.jpg,
/Users/tontran/Library/CloudStorage/OneDrive-VisualDefenceInc/Projects/road_object_shared/raw_frames/nighttime/20250727003008_057461A/frame_00033.jpg,
/Users/tontran/Library/CloudStorage/OneDrive-VisualDefenceInc/Projects/road_object_shared/raw_frames/nighttime/20250727003008_057461A/frame_00034.jpg,
/Users/tontran/Library/CloudStorage/OneDrive-VisualDefenceInc/Projects/road_object_shared/raw_frames/nighttime/20250727003008_057461A/frame_00035.jpg,
/Users/tontran/Library/CloudStorage/OneDrive-VisualDefenceInc/Projects/road_object_shared/raw_frames/nighttime/20250727003008_057461A/frame_00036.jpg,
/Users/tontran/Library/CloudStorage/OneDrive-VisualDefenceInc/Projects/road_object_shared/raw_frames/nighttime/20250727003008_057461A/frame_00037.jpg,
/Users/tontran/Library/CloudStorage/OneDrive-VisualDefenceInc/Projects/road_object_shared/raw_frames/nighttime/20250727003008_057461A/frame_00038.jpg,
/Users/tontran/Library/CloudStorage/OneDrive-VisualDefenceInc/Projects/road_object_shared/raw_frames/nighttime/20250727003008_057461A/frame_00039.jpg,
/Users/tontran/Library/CloudStorage/OneDrive-VisualDefenceInc/Projects/road_object_shared/raw_frames/nighttime/20250727003008_057461A/frame_00040.jpg,
/Users/tontran/Library/CloudStorage/OneDrive-VisualDefenceInc/Projects/road_object_shared/raw_frames/nighttime/20250727003008_057461A/frame_00041.jpg,
/Users/tontran/Library/CloudStorage/OneDrive-VisualDefenceInc/Projects/road_object_shared/raw_frames/nighttime/20250727003008_057461A/frame_00042.jpg,
/Users/tontran/Library/CloudStorage/OneDrive-VisualDefenceInc/Projects/road_object_shared/raw_frames/nighttime/20250727003008_057461A/frame_00043.jpg,
/Users/tontran/Library/CloudStorage/OneDrive-VisualDefenceInc/Projects/road_object_shared/raw_frames/nighttime/20250727003008_057461A/frame_00044.jpg,
/Users/tontran/Library/CloudStorage/OneDrive-VisualDefenceInc/Projects/road_object_shared/raw_frames/nighttime/20250727003008_057461A/frame_00045.jpg,
/Users/tontran/Library/CloudStorage/OneDrive-VisualDefenceInc/Projects/road_object_shared/raw_frames/nighttime/20250727003008_057461A/frame_00046.jpg,
/Users/tontran/Library/CloudStorage/OneDrive-VisualDefenceInc/Projects/road_object_shared/raw_frames/nighttime/20250727003008_057461A/frame_00047.jpg,
/Users/tontran/Library/CloudStorage/OneDrive-VisualDefenceInc/Projects/road_object_shared/raw_frames/nighttime/20250727003108_057463A/frame_00000.jpg,
/Users/tontran/Library/CloudStorage/OneDrive-VisualDefenceInc/Projects/road_object_shared/raw_frames/nighttime/20250727003108_057463A/frame_00001.jpg,
/Users/tontran/Library/CloudStorage/OneDrive-VisualDefenceInc/Projects/road_object_shared/raw_frames/nighttime/20250727003108_057463A/frame_00002.jpg,
/Users/tontran/Library/CloudStorage/OneDrive-VisualDefenceInc/Projects/road_object_shared/raw_frames/nighttime/20250727003108_057463A/frame_00003.jpg,
/Users/tontran/Library/CloudStorage/OneDrive-VisualDefenceInc/Projects/road_object_shared/raw_frames/nighttime/20250727003108_057463A/frame_00004.jpg,
/Users/tontran/Library/CloudStorage/OneDrive-VisualDefenceInc/Projects/road_object_shared/raw_frames/nighttime/20250727003108_057463A/frame_00005.jpg,
/Users/tontran/Library/CloudStorage/OneDrive-VisualDefenceInc/Projects/road_object_shared/raw_frames/nighttime/20250727003108_057463A/frame_00006.jpg,
/Users/tontran/Library/CloudStorage/OneDrive-VisualDefenceInc/Projects/road_object_shared/raw_frames/nighttime/20250727003108_057463A/frame_00007.jpg,
/Users/tontran/Library/CloudStorage/OneDrive-VisualDefenceInc/Projects/road_object_shared/raw_frames/nighttime/20250727003108_057463A/frame_00008.jpg,
/Users/tontran/Library/CloudStorage/OneDrive-VisualDefenceInc/Projects/road_object_shared/raw_frames/nighttime/20250727003108_057463A/frame_00009.jpg,
/Users/tontran/Library/CloudStorage/OneDrive-VisualDefenceInc/Projects/road_object_shared/raw_frames/nighttime/20250727003108_057463A/frame_00010.jpg,
/Users/tontran/Library/CloudStorage/OneDrive-VisualDefenceInc/Projects/road_object_shared/raw_frames/nighttime/20250727003108_057463A/frame_00011.jpg,
/Users/tontran/Library/CloudStorage/OneDrive-VisualDefenceInc/Projects/road_object_shared/raw_frames/nighttime/20250727003108_057463A/frame_00012.jpg,
/Users/tontran/Library/CloudStorage/OneDrive-VisualDefenceInc/Projects/road_object_shared/raw_frames/nighttime/20250727003108_057463A/frame_00013.jpg,
/Users/tontran/Library/CloudStorage/OneDrive-VisualDefenceInc/Projects/road_object_shared/raw_frames/nighttime/20250727003108_057463A/frame_00014.jpg,
/Users/tontran/Library/CloudStorage/OneDrive-VisualDefenceInc/Projects/road_object_shared/raw_frames/nighttime/20250727003108_057463A/frame_00015.jpg,
/Users/tontran/Library/CloudStorage/OneDrive-VisualDefenceInc/Projects/road_object_shared/raw_frames/nighttime/20250727003108_057463A/frame_00016.jpg,
/Users/tontran/Library/CloudStorage/OneDrive-VisualDefenceInc/Projects/road_object_shared/raw_frames/nighttime/20250727003108_057463A/frame_00017.jpg,
/Users/tontran/Library/CloudStorage/OneDrive-VisualDefenceInc/Projects/road_object_shared/raw_frames/nighttime/20250727003108_057463A/frame_00018.jpg,
/Users/tontran/Library/CloudStorage/OneDrive-VisualDefenceInc/Projects/road_object_shared/raw_frames/nighttime/20250727003108_057463A/frame_00019.jpg,
/Users/tontran/Library/CloudStorage/OneDrive-VisualDefenceInc/Projects/road_object_shared/raw_frames/nighttime/20250727003108_057463A/frame_00020.jpg,
/Users/tontran/Library/CloudStorage/OneDrive-VisualDefenceInc/Projects/road_object_shared/raw_frames/nighttime/20250727003108_057463A/frame_00021.jpg,
/Users/tontran/Library/CloudStorage/OneDrive-VisualDefenceInc/Projects/road_object_shared/raw_frames/nighttime/20250727003108_057463A/frame_00022.jpg,
/Users/tontran/Library/CloudStorage/OneDrive-VisualDefenceInc/Projects/road_object_shared/raw_frames/nighttime/20250727003108_057463A/frame_00023.jpg,
/Users/tontran/Library/CloudStorage/OneDrive-VisualDefenceInc/Projects/road_object_shared/raw_frames/nighttime/20250727003108_057463A/frame_00024.jpg,
/Users/tontran/Library/CloudStorage/OneDrive-VisualDefenceInc/Projects/road_object_shared/raw_frames/nighttime/20250727003108_057463A/frame_00025.jpg,
/Users/tontran/Library/CloudStorage/OneDrive-VisualDefenceInc/Projects/road_object_shared/raw_frames/nighttime/20250727003108_057463A/frame_00026.jpg,
/Users/tontran/Library/CloudStorage/OneDrive-VisualDefenceInc/Projects/road_object_shared/raw_frames/nighttime/20250727003108_057463A/frame_00027.jpg,
/Users/tontran/Library/CloudStorage/OneDrive-VisualDefenceInc/Projects/road_object_shared/raw_frames/nighttime/20250727003108_057463A/frame_00028.jpg,
/Users/tontran/Library/CloudStorage/OneDrive-VisualDefenceInc/Projects/road_object_shared/raw_frames/nighttime/20250727003108_057463A/frame_00029.jpg,
/Users/tontran/Library/CloudStorage/OneDrive-VisualDefenceInc/Projects/road_object_shared/raw_frames/nighttime/20250727003108_057463A/frame_00030.jpg,
/Users/tontran/Library/CloudStorage/OneDrive-VisualDefenceInc/Projects/road_object_shared/raw_frames/nighttime/20250727003108_057463A/frame_00031.jpg,
/Users/tontran/Library/CloudStorage/OneDrive-VisualDefenceInc/Projects/road_object_shared/raw_frames/nighttime/20250727003108_057463A/frame_00032.jpg,
/Users/tontran/Library/CloudStorage/OneDrive-VisualDefenceInc/Projects/road_object_shared/raw_frames/nighttime/20250727003108_057463A/frame_00033.jpg,
/Users/tontran/Library/CloudStorage/OneDrive-VisualDefenceInc/Projects/road_object_shared/raw_frames/nighttime/20250727003108_057463A/frame_00034.jpg,
/Users/tontran/Library/CloudStorage/OneDrive-VisualDefenceInc/Projects/road_object_shared/raw_frames/nighttime/20250727003108_057463A/frame_00035.jpg,
/Users/tontran/Library/CloudStorage/OneDrive-VisualDefenceInc/Projects/road_object_shared/raw_frames/nighttime/20250727003108_057463A/frame_00036.jpg,
/Users/tontran/Library/CloudStorage/OneDrive-VisualDefenceInc/Projects/road_object_shared/raw_frames/nighttime/20250727003108_057463A/frame_00037.jpg,
/Users/tontran/Library/CloudStorage/OneDrive-VisualDefenceInc/Projects/road_object_shared/raw_frames/nighttime/20250727003108_057463A/frame_00038.jpg,
/Users/tontran/Library/CloudStorage/OneDrive-VisualDefenceInc/Projects/road_object_shared/raw_frames/nighttime/20250727003108_057463A/frame_00039.jpg,
/Users/tontran/Library/CloudStorage/OneDrive-VisualDefenceInc/Projects/road_object_shared/raw_frames/nighttime/20250727003108_057463A/frame_00040.jpg,
/Users/tontran/Library/CloudStorage/OneDrive-VisualDefenceInc/Projects/road_object_shared/raw_frames/nighttime/20250727003108_057463A/frame_00041.jpg,
/Users/tontran/Library/CloudStorage/OneDrive-VisualDefenceInc/Projects/road_object_shared/raw_frames/nighttime/20250727003108_057463A/frame_00042.jpg,
/Users/tontran/Library/CloudStorage/OneDrive-VisualDefenceInc/Projects/road_object_shared/raw_frames/nighttime/20250727003108_057463A/frame_00043.jpg,
/Users/tontran/Library/CloudStorage/OneDrive-VisualDefenceInc/Projects/road_object_shared/raw_frames/nighttime/20250727003108_057463A/frame_00044.jpg,
/Users/tontran/Library/CloudStorage/OneDrive-VisualDefenceInc/Projects/road_object_shared/raw_frames/nighttime/20250727003108_057463A/frame_00045.jpg,
/Users/tontran/Library/CloudStorage/OneDrive-VisualDefenceInc/Projects/road_object_shared/raw_frames/nighttime/20250727003108_057463A/frame_00046.jpg,
/Users/tontran/Library/CloudStorage/OneDrive-VisualDefenceInc/Projects/road_object_shared/raw_frames/nighttime/20250727003108_057463A/frame_00047.jpg,
/Users/tontran/Library/CloudStorage/OneDrive-VisualDefenceInc/Projects/road_object_shared/raw_frames/nighttime/20250727003208_057465A/frame_00000.jpg,
/Users/tontran/Library/CloudStorage/OneDrive-VisualDefenceInc/Projects/road_object_shared/raw_frames/nighttime/20250727003208_057465A/frame_00001.jpg,
/Users/tontran/Library/CloudStorage/OneDrive-VisualDefenceInc/Projects/road_object_shared/raw_frames/nighttime/20250727003208_057465A/frame_00002.jpg,
/Users/tontran/Library/CloudStorage/OneDrive-VisualDefenceInc/Projects/road_object_shared/raw_frames/nighttime/20250727003208_057465A/frame_00003.jpg,
/Users/tontran/Library/CloudStorage/OneDrive-VisualDefenceInc/Projects/road_object_shared/raw_frames/nighttime/20250727003208_057465A/frame_00004.jpg,
/Users/tontran/Library/CloudStorage/OneDrive-VisualDefenceInc/Projects/road_object_shared/raw_frames/nighttime/20250727003208_057465A/frame_00005.jpg,
/Users/tontran/Library/CloudStorage/OneDrive-VisualDefenceInc/Projects/road_object_shared/raw_frames/nighttime/20250727003208_057465A/frame_00006.jpg,
/Users/tontran/Library/CloudStorage/OneDrive-VisualDefenceInc/Projects/road_object_shared/raw_frames/nighttime/20250727003208_057465A/frame_00007.jpg,
/Users/tontran/Library/CloudStorage/OneDrive-VisualDefenceInc/Projects/road_object_shared/raw_frames/nighttime/20250727003208_057465A/frame_00008.jpg,
/Users/tontran/Library/CloudStorage/OneDrive-VisualDefenceInc/Projects/road_object_shared/raw_frames/nighttime/20250727003208_057465A/frame_00009.jpg,
/Users/tontran/Library/CloudStorage/OneDrive-VisualDefenceInc/Projects/road_object_shared/raw_frames/nighttime/20250727003208_057465A/frame_00010.jpg,
/Users/tontran/Library/CloudStorage/OneDrive-VisualDefenceInc/Projects/road_object_shared/raw_frames/nighttime/20250727003208_057465A/frame_00011.jpg,
/Users/tontran/Library/CloudStorage/OneDrive-VisualDefenceInc/Projects/road_object_shared/raw_frames/nighttime/20250727003208_057465A/frame_00012.jpg,
/Users/tontran/Library/CloudStorage/OneDrive-VisualDefenceInc/Projects/road_object_shared/raw_frames/nighttime/20250727003208_057465A/frame_00013.jpg,
/Users/tontran/Library/CloudStorage/OneDrive-VisualDefenceInc/Projects/road_object_shared/raw_frames/nighttime/20250727003208_057465A/frame_00014.jpg,
/Users/tontran/Library/CloudStorage/OneDrive-VisualDefenceInc/Projects/road_object_shared/raw_frames/nighttime/20250727003208_057465A/frame_00015.jpg,
/Users/tontran/Library/CloudStorage/OneDrive-VisualDefenceInc/Projects/road_object_shared/raw_frames/nighttime/20250727003208_057465A/frame_00016.jpg,
/Users/tontran/Library/CloudStorage/OneDrive-VisualDefenceInc/Projects/road_object_shared/raw_frames/nighttime/20250727003208_057465A/frame_00017.jpg,
/Users/tontran/Library/CloudStorage/OneDrive-VisualDefenceInc/Projects/road_object_shared/raw_frames/nighttime/20250727003208_057465A/frame_00018.jpg,
/Users/tontran/Library/CloudStorage/OneDrive-VisualDefenceInc/Projects/road_object_shared/raw_frames/nighttime/20250727003208_057465A/frame_00019.jpg,
/Users/tontran/Library/CloudStorage/OneDrive-VisualDefenceInc/Projects/road_object_shared/raw_frames/nighttime/20250727003208_057465A/frame_00020.jpg,
/Users/tontran/Library/CloudStorage/OneDrive-VisualDefenceInc/Projects/road_object_shared/raw_frames/nighttime/20250727003208_057465A/frame_00021.jpg,
/Users/tontran/Library/CloudStorage/OneDrive-VisualDefenceInc/Projects/road_object_shared/raw_frames/nighttime/20250727003208_057465A/frame_00022.jpg,
/Users/tontran/Library/CloudStorage/OneDrive-VisualDefenceInc/Projects/road_object_shared/raw_frames/nighttime/20250727003208_057465A/frame_00023.jpg,
/Users/tontran/Library/CloudStorage/OneDrive-VisualDefenceInc/Projects/road_object_shared/raw_frames/nighttime/20250727003208_057465A/frame_00024.jpg,
/Users/tontran/Library/CloudStorage/OneDrive-VisualDefenceInc/Projects/road_object_shared/raw_frames/nighttime/20250727003208_057465A/frame_00025.jpg,
/Users/tontran/Library/CloudStorage/OneDrive-VisualDefenceInc/Projects/road_object_shared/raw_frames/nighttime/20250727003208_057465A/frame_00026.jpg,
/Users/tontran/Library/CloudStorage/OneDrive-VisualDefenceInc/Projects/road_object_shared/raw_frames/nighttime/20250727003208_057465A/frame_00027.jpg,
/Users/tontran/Library/CloudStorage/OneDrive-VisualDefenceInc/Projects/road_object_shared/raw_frames/nighttime/20250727003208_057465A/frame_00028.jpg,
/Users/tontran/Library/CloudStorage/OneDrive-VisualDefenceInc/Projects/road_object_shared/raw_frames/nighttime/20250727003208_057465A/frame_00029.jpg,
/Users/tontran/Library/CloudStorage/OneDrive-VisualDefenceInc/Projects/road_object_shared/raw_frames/nighttime/20250727003208_057465A/frame_00030.jpg,
/Users/tontran/Library/CloudStorage/OneDrive-VisualDefenceInc/Projects/road_object_shared/raw_frames/nighttime/20250727003208_057465A/frame_00031.jpg,
/Users/tontran/Library/CloudStorage/OneDrive-VisualDefenceInc/Projects/road_object_shared/raw_frames/nighttime/20250727003208_057465A/frame_00032.jpg,
/Users/tontran/Library/CloudStorage/OneDrive-VisualDefenceInc/Projects/road_object_shared/raw_frames/nighttime/20250727003208_057465A/frame_00033.jpg,
/Users/tontran/Library/CloudStorage/OneDrive-VisualDefenceInc/Projects/road_object_shared/raw_frames/nighttime/20250727003208_057465A/frame_00034.jpg,
/Users/tontran/Library/CloudStorage/OneDrive-VisualDefenceInc/Projects/road_object_shared/raw_frames/nighttime/20250727003208_057465A/frame_00035.jpg,
/Users/tontran/Library/CloudStorage/OneDrive-VisualDefenceInc/Projects/road_object_shared/raw_frames/nighttime/20250727003208_057465A/frame_00036.jpg,
/Users/tontran/Library/CloudStorage/OneDrive-VisualDefenceInc/Projects/road_object_shared/raw_frames/nighttime/20250727003208_057465A/frame_00037.jpg,
/Users/tontran/Library/CloudStorage/OneDrive-VisualDefenceInc/Projects/road_object_shared/raw_frames/nighttime/20250727003208_057465A/frame_00038.jpg,
/Users/tontran/Library/CloudStorage/OneDrive-VisualDefenceInc/Projects/road_object_shared/raw_frames/nighttime/20250727003208_057465A/frame_00039.jpg,
/Users/tontran/Library/CloudStorage/OneDrive-VisualDefenceInc/Projects/road_object_shared/raw_frames/nighttime/20250727003208_057465A/frame_00040.jpg,
/Users/tontran/Library/CloudStorage/OneDrive-VisualDefenceInc/Projects/road_object_shared/raw_frames/nighttime/20250727003208_057465A/frame_00041.jpg,
/Users/tontran/Library/CloudStorage/OneDrive-VisualDefenceInc/Projects/road_object_shared/raw_frames/nighttime/20250727003208_057465A/frame_00042.jpg,
/Users/tontran/Library/CloudStorage/OneDrive-VisualDefenceInc/Projects/road_object_shared/raw_frames/nighttime/20250727003208_057465A/frame_00043.jpg,
/Users/tontran/Library/CloudStorage/OneDrive-VisualDefenceInc/Projects/road_object_shared/raw_frames/nighttime/20250727003208_057465A/frame_00044.jpg,
/Users/tontran/Library/CloudStorage/OneDrive-VisualDefenceInc/Projects/road_object_shared/raw_frames/nighttime/20250727003208_057465A/frame_00045.jpg,
/Users/tontran/Library/CloudStorage/OneDrive-VisualDefenceInc/Projects/road_object_shared/raw_frames/nighttime/20250727003208_057465A/frame_00046.jpg,
/Users/tontran/Library/CloudStorage/OneDrive-VisualDefenceInc/Projects/road_object_shared/raw_frames/nighttime/20250727003208_057465A/frame_00047.jpg,
/Users/tontran/Library/CloudStorage/OneDrive-VisualDefenceInc/Projects/road_object_shared/raw_frames/nighttime/20250727003308_057467A/frame_00000.jpg,
/Users/tontran/Library/CloudStorage/OneDrive-VisualDefenceInc/Projects/road_object_shared/raw_frames/nighttime/20250727003308_057467A/frame_00001.jpg,
/Users/tontran/Library/CloudStorage/OneDrive-VisualDefenceInc/Projects/road_object_shared/raw_frames/nighttime/20250727003308_057467A/frame_00002.jpg,
/Users/tontran/Library/CloudStorage/OneDrive-VisualDefenceInc/Projects/road_object_shared/raw_frames/nighttime/20250727003308_057467A/frame_00003.jpg,
/Users/tontran/Library/CloudStorage/OneDrive-VisualDefenceInc/Projects/road_object_shared/raw_frames/nighttime/20250727003308_057467A/frame_00004.jpg,
/Users/tontran/Library/CloudStorage/OneDrive-VisualDefenceInc/Projects/road_object_shared/raw_frames/nighttime/20250727003308_057467A/frame_00005.jpg,
/Users/tontran/Library/CloudStorage/OneDrive-VisualDefenceInc/Projects/road_object_shared/raw_frames/nighttime/20250727003308_057467A/frame_00006.jpg,
/Users/tontran/Library/CloudStorage/OneDrive-VisualDefenceInc/Projects/road_object_shared/raw_frames/nighttime/20250727003308_057467A/frame_00007.jpg,
/Users/tontran/Library/CloudStorage/OneDrive-VisualDefenceInc/Projects/road_object_shared/raw_frames/nighttime/20250727003308_057467A/frame_00008.jpg,
/Users/tontran/Library/CloudStorage/OneDrive-VisualDefenceInc/Projects/road_object_shared/raw_frames/nighttime/20250727003308_057467A/frame_00009.jpg,
/Users/tontran/Library/CloudStorage/OneDrive-VisualDefenceInc/Projects/road_object_shared/raw_frames/nighttime/20250727003308_057467A/frame_00010.jpg,
/Users/tontran/Library/CloudStorage/OneDrive-VisualDefenceInc/Projects/road_object_shared/raw_frames/nighttime/20250727003308_057467A/frame_00011.jpg,
/Users/tontran/Library/CloudStorage/OneDrive-VisualDefenceInc/Projects/road_object_shared/raw_frames/nighttime/20250727003308_057467A/frame_00012.jpg,
/Users/tontran/Library/CloudStorage/OneDrive-VisualDefenceInc/Projects/road_object_shared/raw_frames/nighttime/20250727003308_057467A/frame_00013.jpg,
/Users/tontran/Library/CloudStorage/OneDrive-VisualDefenceInc/Projects/road_object_shared/raw_frames/nighttime/20250727003308_057467A/frame_00014.jpg,
/Users/tontran/Library/CloudStorage/OneDrive-VisualDefenceInc/Projects/road_object_shared/raw_frames/nighttime/20250727003308_057467A/frame_00015.jpg,
/Users/tontran/Library/CloudStorage/OneDrive-VisualDefenceInc/Projects/road_object_shared/raw_frames/nighttime/20250727003308_057467A/frame_00016.jpg,
/Users/tontran/Library/CloudStorage/OneDrive-VisualDefenceInc/Projects/road_object_shared/raw_frames/nighttime/20250727003308_057467A/frame_00017.jpg,
/Users/tontran/Library/CloudStorage/OneDrive-VisualDefenceInc/Projects/road_object_shared/raw_frames/nighttime/20250727003308_057467A/frame_00018.jpg,
/Users/tontran/Library/CloudStorage/OneDrive-VisualDefenceInc/Projects/road_object_shared/raw_frames/nighttime/20250727003308_057467A/frame_00019.jpg,
/Users/tontran/Library/CloudStorage/OneDrive-VisualDefenceInc/Projects/road_object_shared/raw_frames/nighttime/20250727003308_057467A/frame_00020.jpg,
/Users/tontran/Library/CloudStorage/OneDrive-VisualDefenceInc/Projects/road_object_shared/raw_frames/nighttime/20250727003308_057467A/frame_00021.jpg,
/Users/tontran/Library/CloudStorage/OneDrive-VisualDefenceInc/Projects/road_object_shared/raw_frames/nighttime/20250727003308_057467A/frame_00022.jpg,
/Users/tontran/Library/CloudStorage/OneDrive-VisualDefenceInc/Projects/road_object_shared/raw_frames/nighttime/20250727003308_057467A/frame_00023.jpg,
/Users/tontran/Library/CloudStorage/OneDrive-VisualDefenceInc/Projects/road_object_shared/raw_frames/nighttime/20250727003308_057467A/frame_00024.jpg,
/Users/tontran/Library/CloudStorage/OneDrive-VisualDefenceInc/Projects/road_object_shared/raw_frames/nighttime/20250727003308_057467A/frame_00025.jpg,
/Users/tontran/Library/CloudStorage/OneDrive-VisualDefenceInc/Projects/road_object_shared/raw_frames/nighttime/20250727003308_057467A/frame_00026.jpg,
/Users/tontran/Library/CloudStorage/OneDrive-VisualDefenceInc/Projects/road_object_shared/raw_frames/nighttime/20250727003308_057467A/frame_00027.jpg,
/Users/tontran/Library/CloudStorage/OneDrive-VisualDefenceInc/Projects/road_object_shared/raw_frames/nighttime/20250727003308_057467A/frame_00028.jpg,
/Users/tontran/Library/CloudStorage/OneDrive-VisualDefenceInc/Projects/road_object_shared/raw_frames/nighttime/20250727003308_057467A/frame_00029.jpg,
/Users/tontran/Library/CloudStorage/OneDrive-VisualDefenceInc/Projects/road_object_shared/raw_frames/nighttime/20250727003308_057467A/frame_00030.jpg,
/Users/tontran/Library/CloudStorage/OneDrive-VisualDefenceInc/Projects/road_object_shared/raw_frames/nighttime/20250727003308_057467A/frame_00031.jpg,
/Users/tontran/Library/CloudStorage/OneDrive-VisualDefenceInc/Projects/road_object_shared/raw_frames/nighttime/20250727003308_057467A/frame_00032.jpg,
/Users/tontran/Library/CloudStorage/OneDrive-VisualDefenceInc/Projects/road_object_shared/raw_frames/nighttime/20250727003308_057467A/frame_00033.jpg,
/Users/tontran/Library/CloudStorage/OneDrive-VisualDefenceInc/Projects/road_object_shared/raw_frames/nighttime/20250727003308_057467A/frame_00034.jpg,
/Users/tontran/Library/CloudStorage/OneDrive-VisualDefenceInc/Projects/road_object_shared/raw_frames/nighttime/20250727003308_057467A/frame_00035.jpg,
/Users/tontran/Library/CloudStorage/OneDrive-VisualDefenceInc/Projects/road_object_shared/raw_frames/nighttime/20250727003308_057467A/frame_00036.jpg,
/Users/tontran/Library/CloudStorage/OneDrive-VisualDefenceInc/Projects/road_object_shared/raw_frames/nighttime/20250727003308_057467A/frame_00037.jpg,
/Users/tontran/Library/CloudStorage/OneDrive-VisualDefenceInc/Projects/road_object_shared/raw_frames/nighttime/20250727003308_057467A/frame_00038.jpg,
/Users/tontran/Library/CloudStorage/OneDrive-VisualDefenceInc/Projects/road_object_shared/raw_frames/nighttime/20250727003308_057467A/frame_00039.jpg,
/Users/tontran/Library/CloudStorage/OneDrive-VisualDefenceInc/Projects/road_object_shared/raw_frames/nighttime/20250727003308_057467A/frame_00040.jpg,
/Users/tontran/Library/CloudStorage/OneDrive-VisualDefenceInc/Projects/road_object_shared/raw_frames/nighttime/20250727003308_057467A/frame_00041.jpg,
/Users/tontran/Library/CloudStorage/OneDrive-VisualDefenceInc/Projects/road_object_shared/raw_frames/nighttime/20250727003308_057467A/frame_00042.jpg,
/Users/tontran/Library/CloudStorage/OneDrive-VisualDefenceInc/Projects/road_object_shared/raw_frames/nighttime/20250727003308_057467A/frame_00043.jpg,
/Users/tontran/Library/CloudStorage/OneDrive-VisualDefenceInc/Projects/road_object_shared/raw_frames/nighttime/20250727003308_057467A/frame_00044.jpg,
/Users/tontran/Library/CloudStorage/OneDrive-VisualDefenceInc/Projects/road_object_shared/raw_frames/nighttime/20250727003308_057467A/frame_00045.jpg,
/Users/tontran/Library/CloudStorage/OneDrive-VisualDefenceInc/Projects/road_object_shared/raw_frames/nighttime/20250727003308_057467A/frame_00046.jpg,
/Users/tontran/Library/CloudStorage/OneDrive-VisualDefenceInc/Projects/road_object_shared/raw_frames/nighttime/20250727003308_057467A/frame_00047.jpg,
/Users/tontran/Library/CloudStorage/OneDrive-VisualDefenceInc/Projects/road_object_shared/raw_frames/nighttime/20250727003408_057469A/frame_00000.jpg,
/Users/tontran/Library/CloudStorage/OneDrive-VisualDefenceInc/Projects/road_object_shared/raw_frames/nighttime/20250727003408_057469A/frame_00001.jpg,
/Users/tontran/Library/CloudStorage/OneDrive-VisualDefenceInc/Projects/road_object_shared/raw_frames/nighttime/20250727003408_057469A/frame_00002.jpg,
/Users/tontran/Library/CloudStorage/OneDrive-VisualDefenceInc/Projects/road_object_shared/raw_frames/nighttime/20250727003408_057469A/frame_00003.jpg,
/Users/tontran/Library/CloudStorage/OneDrive-VisualDefenceInc/Projects/road_object_shared/raw_frames/nighttime/20250727003408_057469A/frame_00004.jpg,
/Users/tontran/Library/CloudStorage/OneDrive-VisualDefenceInc/Projects/road_object_shared/raw_frames/nighttime/20250727003408_057469A/frame_00005.jpg,
/Users/tontran/Library/CloudStorage/OneDrive-VisualDefenceInc/Projects/road_object_shared/raw_frames/nighttime/20250727003408_057469A/frame_00006.jpg,
/Users/tontran/Library/CloudStorage/OneDrive-VisualDefenceInc/Projects/road_object_shared/raw_frames/nighttime/20250727003408_057469A/frame_00007.jpg,
/Users/tontran/Library/CloudStorage/OneDrive-VisualDefenceInc/Projects/road_object_shared/raw_frames/nighttime/20250727003408_057469A/frame_00008.jpg,
/Users/tontran/Library/CloudStorage/OneDrive-VisualDefenceInc/Projects/road_object_shared/raw_frames/nighttime/20250727003408_057469A/frame_00009.jpg,
/Users/tontran/Library/CloudStorage/OneDrive-VisualDefenceInc/Projects/road_object_shared/raw_frames/nighttime/20250727003408_057469A/frame_00010.jpg,
/Users/tontran/Library/CloudStorage/OneDrive-VisualDefenceInc/Projects/road_object_shared/raw_frames/nighttime/20250727003408_057469A/frame_00011.jpg,
/Users/tontran/Library/CloudStorage/OneDrive-VisualDefenceInc/Projects/road_object_shared/raw_frames/nighttime/20250727003408_057469A/frame_00012.jpg,
/Users/tontran/Library/CloudStorage/OneDrive-VisualDefenceInc/Projects/road_object_shared/raw_frames/nighttime/20250727003408_057469A/frame_00013.jpg,
/Users/tontran/Library/CloudStorage/OneDrive-VisualDefenceInc/Projects/road_object_shared/raw_frames/nighttime/20250727003408_057469A/frame_00014.jpg,
/Users/tontran/Library/CloudStorage/OneDrive-VisualDefenceInc/Projects/road_object_shared/raw_frames/nighttime/20250727003408_057469A/frame_00015.jpg,
/Users/tontran/Library/CloudStorage/OneDrive-VisualDefenceInc/Projects/road_object_shared/raw_frames/nighttime/20250727003408_057469A/frame_00016.jpg,
/Users/tontran/Library/CloudStorage/OneDrive-VisualDefenceInc/Projects/road_object_shared/raw_frames/nighttime/20250727003408_057469A/frame_00017.jpg,
/Users/tontran/Library/CloudStorage/OneDrive-VisualDefenceInc/Projects/road_object_shared/raw_frames/nighttime/20250727003408_057469A/frame_00018.jpg,
/Users/tontran/Library/CloudStorage/OneDrive-VisualDefenceInc/Projects/road_object_shared/raw_frames/nighttime/20250727003408_057469A/frame_00019.jpg,
/Users/tontran/Library/CloudStorage/OneDrive-VisualDefenceInc/Projects/road_object_shared/raw_frames/nighttime/20250727003408_057469A/frame_00020.jpg,
/Users/tontran/Library/CloudStorage/OneDrive-VisualDefenceInc/Projects/road_object_shared/raw_frames/nighttime/20250727003408_057469A/frame_00021.jpg,
/Users/tontran/Library/CloudStorage/OneDrive-VisualDefenceInc/Projects/road_object_shared/raw_frames/nighttime/20250727003408_057469A/frame_00022.jpg,
/Users/tontran/Library/CloudStorage/OneDrive-VisualDefenceInc/Projects/road_object_shared/raw_frames/nighttime/20250727003408_057469A/frame_00023.jpg,
/Users/tontran/Library/CloudStorage/OneDrive-VisualDefenceInc/Projects/road_object_shared/raw_frames/nighttime/20250727003408_057469A/frame_00024.jpg,
/Users/tontran/Library/CloudStorage/OneDrive-VisualDefenceInc/Projects/road_object_shared/raw_frames/nighttime/20250727003408_057469A/frame_00025.jpg,
/Users/tontran/Library/CloudStorage/OneDrive-VisualDefenceInc/Projects/road_object_shared/raw_frames/nighttime/20250727003408_057469A/frame_00026.jpg,
/Users/tontran/Library/CloudStorage/OneDrive-VisualDefenceInc/Projects/road_object_shared/raw_frames/nighttime/20250727003408_057469A/frame_00027.jpg,
/Users/tontran/Library/CloudStorage/OneDrive-VisualDefenceInc/Projects/road_object_shared/raw_frames/nighttime/20250727003408_057469A/frame_00028.jpg,
/Users/tontran/Library/CloudStorage/OneDrive-VisualDefenceInc/Projects/road_object_shared/raw_frames/nighttime/20250727003408_057469A/frame_00029.jpg,
/Users/tontran/Library/CloudStorage/OneDrive-VisualDefenceInc/Projects/road_object_shared/raw_frames/nighttime/20250727003408_057469A/frame_00030.jpg,
/Users/tontran/Library/CloudStorage/OneDrive-VisualDefenceInc/Projects/road_object_shared/raw_frames/nighttime/20250727003408_057469A/frame_00031.jpg,
/Users/tontran/Library/CloudStorage/OneDrive-VisualDefenceInc/Projects/road_object_shared/raw_frames/nighttime/20250727003408_057469A/frame_00032.jpg,
/Users/tontran/Library/CloudStorage/OneDrive-VisualDefenceInc/Projects/road_object_shared/raw_frames/nighttime/20250727003408_057469A/frame_00033.jpg,
/Users/tontran/Library/CloudStorage/OneDrive-VisualDefenceInc/Projects/road_object_shared/raw_frames/nighttime/20250727003408_057469A/frame_00034.jpg,
/Users/tontran/Library/CloudStorage/OneDrive-VisualDefenceInc/Projects/road_object_shared/raw_frames/nighttime/20250727003408_057469A/frame_00035.jpg,
/Users/tontran/Library/CloudStorage/OneDrive-VisualDefenceInc/Projects/road_object_shared/raw_frames/nighttime/20250727003408_057469A/frame_00036.jpg,
/Users/tontran/Library/CloudStorage/OneDrive-VisualDefenceInc/Projects/road_object_shared/raw_frames/nighttime/20250727003408_057469A/frame_00037.jpg,
/Users/tontran/Library/CloudStorage/OneDrive-VisualDefenceInc/Projects/road_object_shared/raw_frames/nighttime/20250727003408_057469A/frame_00038.jpg,
/Users/tontran/Library/CloudStorage/OneDrive-VisualDefenceInc/Projects/road_object_shared/raw_frames/nighttime/20250727003408_057469A/frame_00039.jpg,
/Users/tontran/Library/CloudStorage/OneDrive-VisualDefenceInc/Projects/road_object_shared/raw_frames/nighttime/20250727003408_057469A/frame_00040.jpg,
/Users/tontran/Library/CloudStorage/OneDrive-VisualDefenceInc/Projects/road_object_shared/raw_frames/nighttime/20250727003408_057469A/frame_00041.jpg,
/Users/tontran/Library/CloudStorage/OneDrive-VisualDefenceInc/Projects/road_object_shared/raw_frames/nighttime/20250727003408_057469A/frame_00042.jpg,
/Users/tontran/Library/CloudStorage/OneDrive-VisualDefenceInc/Projects/road_object_shared/raw_frames/nighttime/20250727003408_057469A/frame_00043.jpg,
/Users/tontran/Library/CloudStorage/OneDrive-VisualDefenceInc/Projects/road_object_shared/raw_frames/nighttime/20250727003408_057469A/frame_00044.jpg,
/Users/tontran/Library/CloudStorage/OneDrive-VisualDefenceInc/Projects/road_object_shared/raw_frames/nighttime/20250727003408_057469A/frame_00045.jpg,
/Users/tontran/Library/CloudStorage/OneDrive-VisualDefenceInc/Projects/road_object_shared/raw_frames/nighttime/20250727003408_057469A/frame_00046.jpg,
/Users/tontran/Library/CloudStorage/OneDrive-VisualDefenceInc/Projects/road_object_shared/raw_frames/nighttime/20250727003408_057469A/frame_00047.jpg,
/Users/tontran/Library/CloudStorage/OneDrive-VisualDefenceInc/Projects/road_object_shared/raw_frames/nighttime/20250727003508_057471A/frame_00000.jpg,
/Users/tontran/Library/CloudStorage/OneDrive-VisualDefenceInc/Projects/road_object_shared/raw_frames/nighttime/20250727003508_057471A/frame_00001.jpg,
/Users/tontran/Library/CloudStorage/OneDrive-VisualDefenceInc/Projects/road_object_shared/raw_frames/nighttime/20250727003508_057471A/frame_00002.jpg,
/Users/tontran/Library/CloudStorage/OneDrive-VisualDefenceInc/Projects/road_object_shared/raw_frames/nighttime/20250727003508_057471A/frame_00003.jpg,
/Users/tontran/Library/CloudStorage/OneDrive-VisualDefenceInc/Projects/road_object_shared/raw_frames/nighttime/20250727003508_057471A/frame_00004.jpg,
/Users/tontran/Library/CloudStorage/OneDrive-VisualDefenceInc/Projects/road_object_shared/raw_frames/nighttime/20250727003508_057471A/frame_00005.jpg,
/Users/tontran/Library/CloudStorage/OneDrive-VisualDefenceInc/Projects/road_object_shared/raw_frames/nighttime/20250727003508_057471A/frame_00006.jpg,
/Users/tontran/Library/CloudStorage/OneDrive-VisualDefenceInc/Projects/road_object_shared/raw_frames/nighttime/20250727003508_057471A/frame_00007.jpg,
/Users/tontran/Library/CloudStorage/OneDrive-VisualDefenceInc/Projects/road_object_shared/raw_frames/nighttime/20250727003508_057471A/frame_00008.jpg,
/Users/tontran/Library/CloudStorage/OneDrive-VisualDefenceInc/Projects/road_object_shared/raw_frames/nighttime/20250727003508_057471A/frame_00009.jpg,
/Users/tontran/Library/CloudStorage/OneDrive-VisualDefenceInc/Projects/road_object_shared/raw_frames/nighttime/20250727003508_057471A/frame_00010.jpg,
/Users/tontran/Library/CloudStorage/OneDrive-VisualDefenceInc/Projects/road_object_shared/raw_frames/nighttime/20250727003508_057471A/frame_00011.jpg,
/Users/tontran/Library/CloudStorage/OneDrive-VisualDefenceInc/Projects/road_object_shared/raw_frames/nighttime/20250727003508_057471A/frame_00012.jpg,
/Users/tontran/Library/CloudStorage/OneDrive-VisualDefenceInc/Projects/road_object_shared/raw_frames/nighttime/20250727003508_057471A/frame_00013.jpg,
/Users/tontran/Library/CloudStorage/OneDrive-VisualDefenceInc/Projects/road_object_shared/raw_frames/nighttime/20250727003508_057471A/frame_00014.jpg,
/Users/tontran/Library/CloudStorage/OneDrive-VisualDefenceInc/Projects/road_object_shared/raw_frames/nighttime/20250727003508_057471A/frame_00015.jpg,
/Users/tontran/Library/CloudStorage/OneDrive-VisualDefenceInc/Projects/road_object_shared/raw_frames/nighttime/20250727003508_057471A/frame_00016.jpg,
/Users/tontran/Library/CloudStorage/OneDrive-VisualDefenceInc/Projects/road_object_shared/raw_frames/nighttime/20250727003508_057471A/frame_00017.jpg,
/Users/tontran/Library/CloudStorage/OneDrive-VisualDefenceInc/Projects/road_object_shared/raw_frames/nighttime/20250727003508_057471A/frame_00018.jpg,
/Users/tontran/Library/CloudStorage/OneDrive-VisualDefenceInc/Projects/road_object_shared/raw_frames/nighttime/20250727003508_057471A/frame_00019.jpg,
/Users/tontran/Library/CloudStorage/OneDrive-VisualDefenceInc/Projects/road_object_shared/raw_frames/nighttime/20250727003508_057471A/frame_00020.jpg,
/Users/tontran/Library/CloudStorage/OneDrive-VisualDefenceInc/Projects/road_object_shared/raw_frames/nighttime/20250727003508_057471A/frame_00021.jpg,
/Users/tontran/Library/CloudStorage/OneDrive-VisualDefenceInc/Projects/road_object_shared/raw_frames/nighttime/20250727003508_057471A/frame_00022.jpg,
/Users/tontran/Library/CloudStorage/OneDrive-VisualDefenceInc/Projects/road_object_shared/raw_frames/nighttime/20250727003508_057471A/frame_00023.jpg,
/Users/tontran/Library/CloudStorage/OneDrive-VisualDefenceInc/Projects/road_object_shared/raw_frames/nighttime/20250727003508_057471A/frame_00024.jpg,
/Users/tontran/Library/CloudStorage/OneDrive-VisualDefenceInc/Projects/road_object_shared/raw_frames/nighttime/20250727003508_057471A/frame_00025.jpg,
/Users/tontran/Library/CloudStorage/OneDrive-VisualDefenceInc/Projects/road_object_shared/raw_frames/nighttime/20250727003508_057471A/frame_00026.jpg,
/Users/tontran/Library/CloudStorage/OneDrive-VisualDefenceInc/Projects/road_object_shared/raw_frames/nighttime/20250727003508_057471A/frame_00027.jpg,
/Users/tontran/Library/CloudStorage/OneDrive-VisualDefenceInc/Projects/road_object_shared/raw_frames/nighttime/20250727003508_057471A/frame_00028.jpg,
/Users/tontran/Library/CloudStorage/OneDrive-VisualDefenceInc/Projects/road_object_shared/raw_frames/nighttime/20250727003508_057471A/frame_00029.jpg,
/Users/tontran/Library/CloudStorage/OneDrive-VisualDefenceInc/Projects/road_object_shared/raw_frames/nighttime/20250727003508_057471A/frame_00030.jpg,
/Users/tontran/Library/CloudStorage/OneDrive-VisualDefenceInc/Projects/road_object_shared/raw_frames/nighttime/20250727003508_057471A/frame_00031.jpg,
/Users/tontran/Library/CloudStorage/OneDrive-VisualDefenceInc/Projects/road_object_shared/raw_frames/nighttime/20250727003508_057471A/frame_00032.jpg,
/Users/tontran/Library/CloudStorage/OneDrive-VisualDefenceInc/Projects/road_object_shared/raw_frames/nighttime/20250727003508_057471A/frame_00033.jpg,
/Users/tontran/Library/CloudStorage/OneDrive-VisualDefenceInc/Projects/road_object_shared/raw_frames/nighttime/20250727003508_057471A/frame_00034.jpg,
/Users/tontran/Library/CloudStorage/OneDrive-VisualDefenceInc/Projects/road_object_shared/raw_frames/nighttime/20250727003508_057471A/frame_00035.jpg,
/Users/tontran/Library/CloudStorage/OneDrive-VisualDefenceInc/Projects/road_object_shared/raw_frames/nighttime/20250727003508_057471A/frame_00036.jpg,
/Users/tontran/Library/CloudStorage/OneDrive-VisualDefenceInc/Projects/road_object_shared/raw_frames/nighttime/20250727003508_057471A/frame_00037.jpg,
/Users/tontran/Library/CloudStorage/OneDrive-VisualDefenceInc/Projects/road_object_shared/raw_frames/nighttime/20250727003508_057471A/frame_00038.jpg,
/Users/tontran/Library/CloudStorage/OneDrive-VisualDefenceInc/Projects/road_object_shared/raw_frames/nighttime/20250727003508_057471A/frame_00039.jpg,
/Users/tontran/Library/CloudStorage/OneDrive-VisualDefenceInc/Projects/road_object_shared/raw_frames/nighttime/20250727003508_057471A/frame_00040.jpg,car
/Users/tontran/Library/CloudStorage/OneDrive-VisualDefenceInc/Projects/road_object_shared/raw_frames/nighttime/20250727003508_057471A/frame_00041.jpg,car
/Users/tontran/Library/CloudStorage/OneDrive-VisualDefenceInc/Projects/road_object_shared/raw_frames/nighttime/20250727003508_057471A/frame_00042.jpg,car
/Users/tontran/Library/CloudStorage/OneDrive-VisualDefenceInc/Projects/road_object_shared/raw_frames/nighttime/20250727003508_057471A/frame_00043.jpg,car
/Users/tontran/Library/CloudStorage/OneDrive-VisualDefenceInc/Projects/road_object_shared/raw_frames/nighttime/20250727003508_057471A/frame_00044.jpg,car
/Users/tontran/Library/CloudStorage/OneDrive-VisualDefenceInc/Projects/road_object_shared/raw_frames/nighttime/20250727003508_057471A/frame_00045.jpg,car
/Users/tontran/Library/CloudStorage/OneDrive-VisualDefenceInc/Projects/road_object_shared/raw_frames/nighttime/20250727003508_057471A/frame_00046.jpg,car
/Users/tontran/Library/CloudStorage/OneDrive-VisualDefenceInc/Projects/road_object_shared/raw_frames/nighttime/20250727003508_057471A/frame_00047.jpg,car
/Users/tontran/Library/CloudStorage/OneDrive-VisualDefenceInc/Projects/road_object_shared/raw_frames/nighttime/20250727003608_057473A/frame_00000.jpg,car
/Users/tontran/Library/CloudStorage/OneDrive-VisualDefenceInc/Projects/road_object_shared/raw_frames/nighttime/20250727003608_057473A/frame_00001.jpg,car
/Users/tontran/Library/CloudStorage/OneDrive-VisualDefenceInc/Projects/road_object_shared/raw_frames/nighttime/20250727003608_057473A/frame_00002.jpg,car
/Users/tontran/Library/CloudStorage/OneDrive-VisualDefenceInc/Projects/road_object_shared/raw_frames/nighttime/20250727003608_057473A/frame_00003.jpg,car
/Users/tontran/Library/CloudStorage/OneDrive-VisualDefenceInc/Projects/road_object_shared/raw_frames/nighttime/20250727003608_057473A/frame_00004.jpg,car
/Users/tontran/Library/CloudStorage/OneDrive-VisualDefenceInc/Projects/road_object_shared/raw_frames/nighttime/20250727003608_057473A/frame_00005.jpg,car
/Users/tontran/Library/CloudStorage/OneDrive-VisualDefenceInc/Projects/road_object_shared/raw_frames/nighttime/20250727003608_057473A/frame_00006.jpg,car
/Users/tontran/Library/CloudStorage/OneDrive-VisualDefenceInc/Projects/road_object_shared/raw_frames/nighttime/20250727003608_057473A/frame_00007.jpg,car
/Users/tontran/Library/CloudStorage/OneDrive-VisualDefenceInc/Projects/road_object_shared/raw_frames/nighttime/20250727003608_057473A/frame_00008.jpg,car
/Users/tontran/Library/CloudStorage/OneDrive-VisualDefenceInc/Projects/road_object_shared/raw_frames/nighttime/20250727003608_057473A/frame_00009.jpg,car
/Users/tontran/Library/CloudStorage/OneDrive-VisualDefenceInc/Projects/road_object_shared/raw_frames/nighttime/20250727003608_057473A/frame_00010.jpg,car
/Users/tontran/Library/CloudStorage/OneDrive-VisualDefenceInc/Projects/road_object_shared/raw_frames/nighttime/20250727003608_057473A/frame_00011.jpg,car
/Users/tontran/Library/CloudStorage/OneDrive-VisualDefenceInc/Projects/road_object_shared/raw_frames/nighttime/20250727003608_057473A/frame_00012.jpg,car
/Users/tontran/Library/CloudStorage/OneDrive-VisualDefenceInc/Projects/road_object_shared/raw_frames/nighttime/20250727003608_057473A/frame_00013.jpg,car
/Users/tontran/Library/CloudStorage/OneDrive-VisualDefenceInc/Projects/road_object_shared/raw_frames/nighttime/20250727003608_057473A/frame_00014.jpg,car
/Users/tontran/Library/CloudStorage/OneDrive-VisualDefenceInc/Projects/road_object_shared/raw_frames/nighttime/20250727003608_057473A/frame_00015.jpg,car
/Users/tontran/Library/CloudStorage/OneDrive-VisualDefenceInc/Projects/road_object_shared/raw_frames/nighttime/20250727003608_057473A/frame_00016.jpg,car
/Users/tontran/Library/CloudStorage/OneDrive-VisualDefenceInc/Projects/road_object_shared/raw_frames/nighttime/20250727003608_057473A/frame_00017.jpg,car
/Users/tontran/Library/CloudStorage/OneDrive-VisualDefenceInc/Projects/road_object_shared/raw_frames/nighttime/20250727003608_057473A/frame_00018.jpg,car
/Users/tontran/Library/CloudStorage/OneDrive-VisualDefenceInc/Projects/road_object_shared/raw_frames/nighttime/20250727003608_057473A/frame_00019.jpg,car
/Users/tontran/Library/CloudStorage/OneDrive-VisualDefenceInc/Projects/road_object_shared/raw_frames/nighttime/20250727003608_057473A/frame_00020.jpg,car
/Users/tontran/Library/CloudStorage/OneDrive-VisualDefenceInc/Projects/road_object_shared/raw_frames/nighttime/20250727003608_057473A/frame_00021.jpg,car
/Users/tontran/Library/CloudStorage/OneDrive-VisualDefenceInc/Projects/road_object_shared/raw_frames/nighttime/20250727003608_057473A/frame_00022.jpg,car
/Users/tontran/Library/CloudStorage/OneDrive-VisualDefenceInc/Projects/road_object_shared/raw_frames/nighttime/20250727003608_057473A/frame_00023.jpg,car
/Users/tontran/Library/CloudStorage/OneDrive-VisualDefenceInc/Projects/road_object_shared/raw_frames/nighttime/20250727003608_057473A/frame_00024.jpg,car
/Users/tontran/Library/CloudStorage/OneDrive-VisualDefenceInc/Projects/road_object_shared/raw_frames/nighttime/20250727003608_057473A/frame_00025.jpg,car
/Users/tontran/Library/CloudStorage/OneDrive-VisualDefenceInc/Projects/road_object_shared/raw_frames/nighttime/20250727003608_057473A/frame_00026.jpg,car
/Users/tontran/Library/CloudStorage/OneDrive-VisualDefenceInc/Projects/road_object_shared/raw_frames/nighttime/20250727003608_057473A/frame_00027.jpg,car
/Users/tontran/Library/CloudStorage/OneDrive-VisualDefenceInc/Projects/road_object_shared/raw_frames/nighttime/20250727003608_057473A/frame_00028.jpg,car
/Users/tontran/Library/CloudStorage/OneDrive-VisualDefenceInc/Projects/road_object_shared/raw_frames/nighttime/20250727003608_057473A/frame_00029.jpg,car
/Users/tontran/Library/CloudStorage/OneDrive-VisualDefenceInc/Projects/road_object_shared/raw_frames/nighttime/20250727003608_057473A/frame_00030.jpg,car
/Users/tontran/Library/CloudStorage/OneDrive-VisualDefenceInc/Projects/road_object_shared/raw_frames/nighttime/20250727003608_057473A/frame_00031.jpg,car
/Users/tontran/Library/CloudStorage/OneDrive-VisualDefenceInc/Projects/road_object_shared/raw_frames/nighttime/20250727003608_057473A/frame_00032.jpg,
/Users/tontran/Library/CloudStorage/OneDrive-VisualDefenceInc/Projects/road_object_shared/raw_frames/nighttime/20250727003608_057473A/frame_00033.jpg,
/Users/tontran/Library/CloudStorage/OneDrive-VisualDefenceInc/Projects/road_object_shared/raw_frames/nighttime/20250727003608_057473A/frame_00034.jpg,
/Users/tontran/Library/CloudStorage/OneDrive-VisualDefenceInc/Projects/road_object_shared/raw_frames/nighttime/20250727003608_057473A/frame_00035.jpg,
/Users/tontran/Library/CloudStorage/OneDrive-VisualDefenceInc/Projects/road_object_shared/raw_frames/nighttime/20250727003608_057473A/frame_00036.jpg,
/Users/tontran/Library/CloudStorage/OneDrive-VisualDefenceInc/Projects/road_object_shared/raw_frames/nighttime/20250727003608_057473A/frame_00037.jpg,
/Users/tontran/Library/CloudStorage/OneDrive-VisualDefenceInc/Projects/road_object_shared/raw_frames/nighttime/20250727003608_057473A/frame_00038.jpg,
/Users/tontran/Library/CloudStorage/OneDrive-VisualDefenceInc/Projects/road_object_shared/raw_frames/nighttime/20250727003608_057473A/frame_00039.jpg,
/Users/tontran/Library/CloudStorage/OneDrive-VisualDefenceInc/Projects/road_object_shared/raw_frames/nighttime/20250727003608_057473A/frame_00040.jpg,
/Users/tontran/Library/CloudStorage/OneDrive-VisualDefenceInc/Projects/road_object_shared/raw_frames/nighttime/20250727003608_057473A/frame_00041.jpg,
/Users/tontran/Library/CloudStorage/OneDrive-VisualDefenceInc/Projects/road_object_shared/raw_frames/nighttime/20250727003608_057473A/frame_00042.jpg,
/Users/tontran/Library/CloudStorage/OneDrive-VisualDefenceInc/Projects/road_object_shared/raw_frames/nighttime/20250727003608_057473A/frame_00043.jpg,
/Users/tontran/Library/CloudStorage/OneDrive-VisualDefenceInc/Projects/road_object_shared/raw_frames/nighttime/20250727003608_057473A/frame_00044.jpg,
/Users/tontran/Library/CloudStorage/OneDrive-VisualDefenceInc/Projects/road_object_shared/raw_frames/nighttime/20250727003608_057473A/frame_00045.jpg,
/Users/tontran/Library/CloudStorage/OneDrive-VisualDefenceInc/Projects/road_object_shared/raw_frames/nighttime/20250727003608_057473A/frame_00046.jpg,
/Users/tontran/Library/CloudStorage/OneDrive-VisualDefenceInc/Projects/road_object_shared/raw_frames/nighttime/20250727003608_057473A/frame_00047.jpg,
/Users/tontran/Library/CloudStorage/OneDrive-VisualDefenceInc/Projects/road_object_shared/raw_frames/nighttime/20250727003708_057475A/frame_00000.jpg,
/Users/tontran/Library/CloudStorage/OneDrive-VisualDefenceInc/Projects/road_object_shared/raw_frames/nighttime/20250727003708_057475A/frame_00001.jpg,
/Users/tontran/Library/CloudStorage/OneDrive-VisualDefenceInc/Projects/road_object_shared/raw_frames/nighttime/20250727003708_057475A/frame_00002.jpg,
/Users/tontran/Library/CloudStorage/OneDrive-VisualDefenceInc/Projects/road_object_shared/raw_frames/nighttime/20250727003708_057475A/frame_00003.jpg,
/Users/tontran/Library/CloudStorage/OneDrive-VisualDefenceInc/Projects/road_object_shared/raw_frames/nighttime/20250727003708_057475A/frame_00004.jpg,
/Users/tontran/Library/CloudStorage/OneDrive-VisualDefenceInc/Projects/road_object_shared/raw_frames/nighttime/20250727003708_057475A/frame_00005.jpg,
/Users/tontran/Library/CloudStorage/OneDrive-VisualDefenceInc/Projects/road_object_shared/raw_frames/nighttime/20250727003708_057475A/frame_00006.jpg,
/Users/tontran/Library/CloudStorage/OneDrive-VisualDefenceInc/Projects/road_object_shared/raw_frames/nighttime/20250727003708_057475A/frame_00007.jpg,
/Users/tontran/Library/CloudStorage/OneDrive-VisualDefenceInc/Projects/road_object_shared/raw_frames/nighttime/20250727003708_057475A/frame_00008.jpg,
/Users/tontran/Library/CloudStorage/OneDrive-VisualDefenceInc/Projects/road_object_shared/raw_frames/nighttime/20250727003708_057475A/frame_00009.jpg,
/Users/tontran/Library/CloudStorage/OneDrive-VisualDefenceInc/Projects/road_object_shared/raw_frames/nighttime/20250727003708_057475A/frame_00010.jpg,
/Users/tontran/Library/CloudStorage/OneDrive-VisualDefenceInc/Projects/road_object_shared/raw_frames/nighttime/20250727003708_057475A/frame_00011.jpg,
/Users/tontran/Library/CloudStorage/OneDrive-VisualDefenceInc/Projects/road_object_shared/raw_frames/nighttime/20250727003708_057475A/frame_00012.jpg,
/Users/tontran/Library/CloudStorage/OneDrive-VisualDefenceInc/Projects/road_object_shared/raw_frames/nighttime/20250727003708_057475A/frame_00013.jpg,
/Users/tontran/Library/CloudStorage/OneDrive-VisualDefenceInc/Projects/road_object_shared/raw_frames/nighttime/20250727003708_057475A/frame_00014.jpg,
/Users/tontran/Library/CloudStorage/OneDrive-VisualDefenceInc/Projects/road_object_shared/raw_frames/nighttime/20250727003708_057475A/frame_00015.jpg,
/Users/tontran/Library/CloudStorage/OneDrive-VisualDefenceInc/Projects/road_object_shared/raw_frames/nighttime/20250727003708_057475A/frame_00016.jpg,
/Users/tontran/Library/CloudStorage/OneDrive-VisualDefenceInc/Projects/road_object_shared/raw_frames/nighttime/20250727003708_057475A/frame_00017.jpg,
/Users/tontran/Library/CloudStorage/OneDrive-VisualDefenceInc/Projects/road_object_shared/raw_frames/nighttime/20250727003708_057475A/frame_00018.jpg,
/Users/tontran/Library/CloudStorage/OneDrive-VisualDefenceInc/Projects/road_object_shared/raw_frames/nighttime/20250727003708_057475A/frame_00019.jpg,
/Users/tontran/Library/CloudStorage/OneDrive-VisualDefenceInc/Projects/road_object_shared/raw_frames/nighttime/20250727003708_057475A/frame_00020.jpg,
/Users/tontran/Library/CloudStorage/OneDrive-VisualDefenceInc/Projects/road_object_shared/raw_frames/nighttime/20250727003708_057475A/frame_00021.jpg,
/Users/tontran/Library/CloudStorage/OneDrive-VisualDefenceInc/Projects/road_object_shared/raw_frames/nighttime/20250727003708_057475A/frame_00022.jpg,
/Users/tontran/Library/CloudStorage/OneDrive-VisualDefenceInc/Projects/road_object_shared/raw_frames/nighttime/20250727003708_057475A/frame_00023.jpg,
/Users/tontran/Library/CloudStorage/OneDrive-VisualDefenceInc/Projects/road_object_shared/raw_frames/nighttime/20250727003708_057475A/frame_00024.jpg,
/Users/tontran/Library/CloudStorage/OneDrive-VisualDefenceInc/Projects/road_object_shared/raw_frames/nighttime/20250727003708_057475A/frame_00025.jpg,
/Users/tontran/Library/CloudStorage/OneDrive-VisualDefenceInc/Projects/road_object_shared/raw_frames/nighttime/20250727003708_057475A/frame_00026.jpg,
/Users/tontran/Library/CloudStorage/OneDrive-VisualDefenceInc/Projects/road_object_shared/raw_frames/nighttime/20250727003708_057475A/frame_00027.jpg,
/Users/tontran/Library/CloudStorage/OneDrive-VisualDefenceInc/Projects/road_object_shared/raw_frames/nighttime/20250727003708_057475A/frame_00028.jpg,
/Users/tontran/Library/CloudStorage/OneDrive-VisualDefenceInc/Projects/road_object_shared/raw_frames/nighttime/20250727003708_057475A/frame_00029.jpg,
/Users/tontran/Library/CloudStorage/OneDrive-VisualDefenceInc/Projects/road_object_shared/raw_frames/nighttime/20250727003708_057475A/frame_00030.jpg,
/Users/tontran/Library/CloudStorage/OneDrive-VisualDefenceInc/Projects/road_object_shared/raw_frames/nighttime/20250727003708_057475A/frame_00031.jpg,
/Users/tontran/Library/CloudStorage/OneDrive-VisualDefenceInc/Projects/road_object_shared/raw_frames/nighttime/20250727003708_057475A/frame_00032.jpg,
/Users/tontran/Library/CloudStorage/OneDrive-VisualDefenceInc/Projects/road_object_shared/raw_frames/nighttime/20250727003708_057475A/frame_00033.jpg,
/Users/tontran/Library/CloudStorage/OneDrive-VisualDefenceInc/Projects/road_object_shared/raw_frames/nighttime/20250727003708_057475A/frame_00034.jpg,
/Users/tontran/Library/CloudStorage/OneDrive-VisualDefenceInc/Projects/road_object_shared/raw_frames/nighttime/20250727003708_057475A/frame_00035.jpg,
/Users/tontran/Library/CloudStorage/OneDrive-VisualDefenceInc/Projects/road_object_shared/raw_frames/nighttime/20250727003708_057475A/frame_00036.jpg,
/Users/tontran/Library/CloudStorage/OneDrive-VisualDefenceInc/Projects/road_object_shared/raw_frames/nighttime/20250727003708_057475A/frame_00037.jpg,
/Users/tontran/Library/CloudStorage/OneDrive-VisualDefenceInc/Projects/road_object_shared/raw_frames/nighttime/20250727003708_057475A/frame_00038.jpg,
/Users/tontran/Library/CloudStorage/OneDrive-VisualDefenceInc/Projects/road_object_shared/raw_frames/nighttime/20250727003708_057475A/frame_00039.jpg,
/Users/tontran/Library/CloudStorage/OneDrive-VisualDefenceInc/Projects/road_object_shared/raw_frames/nighttime/20250727003708_057475A/frame_00040.jpg,
/Users/tontran/Library/CloudStorage/OneDrive-VisualDefenceInc/Projects/road_object_shared/raw_frames/nighttime/20250727003708_057475A/frame_00041.jpg,
/Users/tontran/Library/CloudStorage/OneDrive-VisualDefenceInc/Projects/road_object_shared/raw_frames/nighttime/20250727003708_057475A/frame_00042.jpg,
/Users/tontran/Library/CloudStorage/OneDrive-VisualDefenceInc/Projects/road_object_shared/raw_frames/nighttime/20250727003708_057475A/frame_00043.jpg,
/Users/tontran/Library/CloudStorage/OneDrive-VisualDefenceInc/Projects/road_object_shared/raw_frames/nighttime/20250727003708_057475A/frame_00044.jpg,
/Users/tontran/Library/CloudStorage/OneDrive-VisualDefenceInc/Projects/road_object_shared/raw_frames/nighttime/20250727003708_057475A/frame_00045.jpg,
/Users/tontran/Library/CloudStorage/OneDrive-VisualDefenceInc/Projects/road_object_shared/raw_frames/nighttime/20250727003708_057475A/frame_00046.jpg,
/Users/tontran/Library/CloudStorage/OneDrive-VisualDefenceInc/Projects/road_object_shared/raw_frames/nighttime/20250727003708_057475A/frame_00047.jpg,
/Users/tontran/Library/CloudStorage/OneDrive-VisualDefenceInc/Projects/road_object_shared/raw_frames/nighttime/20250727003808_057477A/frame_00000.jpg,
/Users/tontran/Library/CloudStorage/OneDrive-VisualDefenceInc/Projects/road_object_shared/raw_frames/nighttime/20250727003808_057477A/frame_00001.jpg,
/Users/tontran/Library/CloudStorage/OneDrive-VisualDefenceInc/Projects/road_object_shared/raw_frames/nighttime/20250727003808_057477A/frame_00002.jpg,
/Users/tontran/Library/CloudStorage/OneDrive-VisualDefenceInc/Projects/road_object_shared/raw_frames/nighttime/20250727003808_057477A/frame_00003.jpg,
/Users/tontran/Library/CloudStorage/OneDrive-VisualDefenceInc/Projects/road_object_shared/raw_frames/nighttime/20250727003808_057477A/frame_00004.jpg,
/Users/tontran/Library/CloudStorage/OneDrive-VisualDefenceInc/Projects/road_object_shared/raw_frames/nighttime/20250727003808_057477A/frame_00005.jpg,
/Users/tontran/Library/CloudStorage/OneDrive-VisualDefenceInc/Projects/road_object_shared/raw_frames/nighttime/20250727003808_057477A/frame_00006.jpg,
/Users/tontran/Library/CloudStorage/OneDrive-VisualDefenceInc/Projects/road_object_shared/raw_frames/nighttime/20250727003808_057477A/frame_00007.jpg,
/Users/tontran/Library/CloudStorage/OneDrive-VisualDefenceInc/Projects/road_object_shared/raw_frames/nighttime/20250727003808_057477A/frame_00008.jpg,
/Users/tontran/Library/CloudStorage/OneDrive-VisualDefenceInc/Projects/road_object_shared/raw_frames/nighttime/20250727003808_057477A/frame_00009.jpg,
/Users/tontran/Library/CloudStorage/OneDrive-VisualDefenceInc/Projects/road_object_shared/raw_frames/nighttime/20250727003808_057477A/frame_00010.jpg,
/Users/tontran/Library/CloudStorage/OneDrive-VisualDefenceInc/Projects/road_object_shared/raw_frames/nighttime/20250727003808_057477A/frame_00011.jpg,
/Users/tontran/Library/CloudStorage/OneDrive-VisualDefenceInc/Projects/road_object_shared/raw_frames/nighttime/20250727003808_057477A/frame_00012.jpg,
/Users/tontran/Library/CloudStorage/OneDrive-VisualDefenceInc/Projects/road_object_shared/raw_frames/nighttime/20250727003808_057477A/frame_00013.jpg,
/Users/tontran/Library/CloudStorage/OneDrive-VisualDefenceInc/Projects/road_object_shared/raw_frames/nighttime/20250727003808_057477A/frame_00014.jpg,
/Users/tontran/Library/CloudStorage/OneDrive-VisualDefenceInc/Projects/road_object_shared/raw_frames/nighttime/20250727003808_057477A/frame_00015.jpg,
/Users/tontran/Library/CloudStorage/OneDrive-VisualDefenceInc/Projects/road_object_shared/raw_frames/nighttime/20250727003808_057477A/frame_00016.jpg,
/Users/tontran/Library/CloudStorage/OneDrive-VisualDefenceInc/Projects/road_object_shared/raw_frames/nighttime/20250727003808_057477A/frame_00017.jpg,
/Users/tontran/Library/CloudStorage/OneDrive-VisualDefenceInc/Projects/road_object_shared/raw_frames/nighttime/20250727003808_057477A/frame_00018.jpg,
/Users/tontran/Library/CloudStorage/OneDrive-VisualDefenceInc/Projects/road_object_shared/raw_frames/nighttime/20250727003808_057477A/frame_00019.jpg,
/Users/tontran/Library/CloudStorage/OneDrive-VisualDefenceInc/Projects/road_object_shared/raw_frames/nighttime/20250727003808_057477A/frame_00020.jpg,
/Users/tontran/Library/CloudStorage/OneDrive-VisualDefenceInc/Projects/road_object_shared/raw_frames/nighttime/20250727003808_057477A/frame_00021.jpg,
/Users/tontran/Library/CloudStorage/OneDrive-VisualDefenceInc/Projects/road_object_shared/raw_frames/nighttime/20250727003808_057477A/frame_00022.jpg,
/Users/tontran/Library/CloudStorage/OneDrive-VisualDefenceInc/Projects/road_object_shared/raw_frames/nighttime/20250727003808_057477A/frame_00023.jpg,
/Users/tontran/Library/CloudStorage/OneDrive-VisualDefenceInc/Projects/road_object_shared/raw_frames/nighttime/20250727003808_057477A/frame_00024.jpg,
/Users/tontran/Library/CloudStorage/OneDrive-VisualDefenceInc/Projects/road_object_shared/raw_frames/nighttime/20250727003808_057477A/frame_00025.jpg,
/Users/tontran/Library/CloudStorage/OneDrive-VisualDefenceInc/Projects/road_object_shared/raw_frames/nighttime/20250727003808_057477A/frame_00026.jpg,
/Users/tontran/Library/CloudStorage/OneDrive-VisualDefenceInc/Projects/road_object_shared/raw_frames/nighttime/20250727003808_057477A/frame_00027.jpg,
/Users/tontran/Library/CloudStorage/OneDrive-VisualDefenceInc/Projects/road_object_shared/raw_frames/nighttime/20250727003808_057477A/frame_00028.jpg,
/Users/tontran/Library/CloudStorage/OneDrive-VisualDefenceInc/Projects/road_object_shared/raw_frames/nighttime/20250727003808_057477A/frame_00029.jpg,
/Users/tontran/Library/CloudStorage/OneDrive-VisualDefenceInc/Projects/road_object_shared/raw_frames/nighttime/20250727003808_057477A/frame_00030.jpg,
/Users/tontran/Library/CloudStorage/OneDrive-VisualDefenceInc/Projects/road_object_shared/raw_frames/nighttime/20250727003808_057477A/frame_00031.jpg,
/Users/tontran/Library/CloudStorage/OneDrive-VisualDefenceInc/Projects/road_object_shared/raw_frames/nighttime/20250727003808_057477A/frame_00032.jpg,
/Users/tontran/Library/CloudStorage/OneDrive-VisualDefenceInc/Projects/road_object_shared/raw_frames/nighttime/20250727003808_057477A/frame_00033.jpg,
/Users/tontran/Library/CloudStorage/OneDrive-VisualDefenceInc/Projects/road_object_shared/raw_frames/nighttime/20250727003808_057477A/frame_00034.jpg,
/Users/tontran/Library/CloudStorage/OneDrive-VisualDefenceInc/Projects/road_object_shared/raw_frames/nighttime/20250727003808_057477A/frame_00035.jpg,
/Users/tontran/Library/CloudStorage/OneDrive-VisualDefenceInc/Projects/road_object_shared/raw_frames/nighttime/20250727003808_057477A/frame_00036.jpg,
/Users/tontran/Library/CloudStorage/OneDrive-VisualDefenceInc/Projects/road_object_shared/raw_frames/nighttime/20250727003808_057477A/frame_00037.jpg,
/Users/tontran/Library/CloudStorage/OneDrive-VisualDefenceInc/Projects/road_object_shared/raw_frames/nighttime/20250727003808_057477A/frame_00038.jpg,
/Users/tontran/Library/CloudStorage/OneDrive-VisualDefenceInc/Projects/road_object_shared/raw_frames/nighttime/20250727003808_057477A/frame_00039.jpg,
/Users/tontran/Library/CloudStorage/OneDrive-VisualDefenceInc/Projects/road_object_shared/raw_frames/nighttime/20250727003808_057477A/frame_00040.jpg,
/Users/tontran/Library/CloudStorage/OneDrive-VisualDefenceInc/Projects/road_object_shared/raw_frames/nighttime/20250727003808_057477A/frame_00041.jpg,
/Users/tontran/Library/CloudStorage/OneDrive-VisualDefenceInc/Projects/road_object_shared/raw_frames/nighttime/20250727003808_057477A/frame_00042.jpg,
/Users/tontran/Library/CloudStorage/OneDrive-VisualDefenceInc/Projects/road_object_shared/raw_frames/nighttime/20250727003808_057477A/frame_00043.jpg,
/Users/tontran/Library/CloudStorage/OneDrive-VisualDefenceInc/Projects/road_object_shared/raw_frames/nighttime/20250727003808_057477A/frame_00044.jpg,
/Users/tontran/Library/CloudStorage/OneDrive-VisualDefenceInc/Projects/road_object_shared/raw_frames/nighttime/20250727003808_057477A/frame_00045.jpg,
/Users/tontran/Library/CloudStorage/OneDrive-VisualDefenceInc/Projects/road_object_shared/raw_frames/nighttime/20250727003808_057477A/frame_00046.jpg,
/Users/tontran/Library/CloudStorage/OneDrive-VisualDefenceInc/Projects/road_object_shared/raw_frames/nighttime/20250727003808_057477A/frame_00047.jpg,
/Users/tontran/Library/CloudStorage/OneDrive-VisualDefenceInc/Projects/road_object_shared/raw_frames/nighttime/20250727003908_057479A/frame_00000.jpg,
/Users/tontran/Library/CloudStorage/OneDrive-VisualDefenceInc/Projects/road_object_shared/raw_frames/nighttime/20250727003908_057479A/frame_00001.jpg,
/Users/tontran/Library/CloudStorage/OneDrive-VisualDefenceInc/Projects/road_object_shared/raw_frames/nighttime/20250727003908_057479A/frame_00002.jpg,
/Users/tontran/Library/CloudStorage/OneDrive-VisualDefenceInc/Projects/road_object_shared/raw_frames/nighttime/20250727003908_057479A/frame_00003.jpg,
/Users/tontran/Library/CloudStorage/OneDrive-VisualDefenceInc/Projects/road_object_shared/raw_frames/nighttime/20250727003908_057479A/frame_00004.jpg,
/Users/tontran/Library/CloudStorage/OneDrive-VisualDefenceInc/Projects/road_object_shared/raw_frames/nighttime/20250727003908_057479A/frame_00005.jpg,
/Users/tontran/Library/CloudStorage/OneDrive-VisualDefenceInc/Projects/road_object_shared/raw_frames/nighttime/20250727003908_057479A/frame_00006.jpg,
/Users/tontran/Library/CloudStorage/OneDrive-VisualDefenceInc/Projects/road_object_shared/raw_frames/nighttime/20250727003908_057479A/frame_00007.jpg,
/Users/tontran/Library/CloudStorage/OneDrive-VisualDefenceInc/Projects/road_object_shared/raw_frames/nighttime/20250727003908_057479A/frame_00008.jpg,
/Users/tontran/Library/CloudStorage/OneDrive-VisualDefenceInc/Projects/road_object_shared/raw_frames/nighttime/20250727003908_057479A/frame_00009.jpg,
/Users/tontran/Library/CloudStorage/OneDrive-VisualDefenceInc/Projects/road_object_shared/raw_frames/nighttime/20250727003908_057479A/frame_00010.jpg,
/Users/tontran/Library/CloudStorage/OneDrive-VisualDefenceInc/Projects/road_object_shared/raw_frames/nighttime/20250727003908_057479A/frame_00011.jpg,
/Users/tontran/Library/CloudStorage/OneDrive-VisualDefenceInc/Projects/road_object_shared/raw_frames/nighttime/20250727003908_057479A/frame_00012.jpg,
/Users/tontran/Library/CloudStorage/OneDrive-VisualDefenceInc/Projects/road_object_shared/raw_frames/nighttime/20250727003908_057479A/frame_00013.jpg,
/Users/tontran/Library/CloudStorage/OneDrive-VisualDefenceInc/Projects/road_object_shared/raw_frames/nighttime/20250727003908_057479A/frame_00014.jpg,
/Users/tontran/Library/CloudStorage/OneDrive-VisualDefenceInc/Projects/road_object_shared/raw_frames/nighttime/20250727003908_057479A/frame_00015.jpg,
/Users/tontran/Library/CloudStorage/OneDrive-VisualDefenceInc/Projects/road_object_shared/raw_frames/nighttime/20250727003908_057479A/frame_00016.jpg,
/Users/tontran/Library/CloudStorage/OneDrive-VisualDefenceInc/Projects/road_object_shared/raw_frames/nighttime/20250727003908_057479A/frame_00017.jpg,
/Users/tontran/Library/CloudStorage/OneDrive-VisualDefenceInc/Projects/road_object_shared/raw_frames/nighttime/20250727003908_057479A/frame_00018.jpg,
/Users/tontran/Library/CloudStorage/OneDrive-VisualDefenceInc/Projects/road_object_shared/raw_frames/nighttime/20250727003908_057479A/frame_00019.jpg,
/Users/tontran/Library/CloudStorage/OneDrive-VisualDefenceInc/Projects/road_object_shared/raw_frames/nighttime/20250727003908_057479A/frame_00020.jpg,
/Users/tontran/Library/CloudStorage/OneDrive-VisualDefenceInc/Projects/road_object_shared/raw_frames/nighttime/20250727003908_057479A/frame_00021.jpg,
/Users/tontran/Library/CloudStorage/OneDrive-VisualDefenceInc/Projects/road_object_shared/raw_frames/nighttime/20250727003908_057479A/frame_00022.jpg,
/Users/tontran/Library/CloudStorage/OneDrive-VisualDefenceInc/Projects/road_object_shared/raw_frames/nighttime/20250727003908_057479A/frame_00023.jpg,
/Users/tontran/Library/CloudStorage/OneDrive-VisualDefenceInc/Projects/road_object_shared/raw_frames/nighttime/20250727003908_057479A/frame_00024.jpg,
/Users/tontran/Library/CloudStorage/OneDrive-VisualDefenceInc/Projects/road_object_shared/raw_frames/nighttime/20250727003908_057479A/frame_00025.jpg,
/Users/tontran/Library/CloudStorage/OneDrive-VisualDefenceInc/Projects/road_object_shared/raw_frames/nighttime/20250727003908_057479A/frame_00026.jpg,
/Users/tontran/Library/CloudStorage/OneDrive-VisualDefenceInc/Projects/road_object_shared/raw_frames/nighttime/20250727003908_057479A/frame_00027.jpg,
/Users/tontran/Library/CloudStorage/OneDrive-VisualDefenceInc/Projects/road_object_shared/raw_frames/nighttime/20250727003908_057479A/frame_00028.jpg,
/Users/tontran/Library/CloudStorage/OneDrive-VisualDefenceInc/Projects/road_object_shared/raw_frames/nighttime/20250727003908_057479A/frame_00029.jpg,
/Users/tontran/Library/CloudStorage/OneDrive-VisualDefenceInc/Projects/road_object_shared/raw_frames/nighttime/20250727003908_057479A/frame_00030.jpg,
/Users/tontran/Library/CloudStorage/OneDrive-VisualDefenceInc/Projects/road_object_shared/raw_frames/nighttime/20250727003908_057479A/frame_00031.jpg,
/Users/tontran/Library/CloudStorage/OneDrive-VisualDefenceInc/Projects/road_object_shared/raw_frames/nighttime/20250727003908_057479A/frame_00032.jpg,
/Users/tontran/Library/CloudStorage/OneDrive-VisualDefenceInc/Projects/road_object_shared/raw_frames/nighttime/20250727003908_057479A/frame_00033.jpg,
/Users/tontran/Library/CloudStorage/OneDrive-VisualDefenceInc/Projects/road_object_shared/raw_frames/nighttime/20250727003908_057479A/frame_00034.jpg,
/Users/tontran/Library/CloudStorage/OneDrive-VisualDefenceInc/Projects/road_object_shared/raw_frames/nighttime/20250727003908_057479A/frame_00035.jpg,
/Users/tontran/Library/CloudStorage/OneDrive-VisualDefenceInc/Projects/road_object_shared/raw_frames/nighttime/20250727003908_057479A/frame_00036.jpg,
/Users/tontran/Library/CloudStorage/OneDrive-VisualDefenceInc/Projects/road_object_shared/raw_frames/nighttime/20250727003908_057479A/frame_00037.jpg,
/Users/tontran/Library/CloudStorage/OneDrive-VisualDefenceInc/Projects/road_object_shared/raw_frames/nighttime/20250727003908_057479A/frame_00038.jpg,
/Users/tontran/Library/CloudStorage/OneDrive-VisualDefenceInc/Projects/road_object_shared/raw_frames/nighttime/20250727003908_057479A/frame_00039.jpg,
/Users/tontran/Library/CloudStorage/OneDrive-VisualDefenceInc/Projects/road_object_shared/raw_frames/nighttime/20250727003908_057479A/frame_00040.jpg,
/Users/tontran/Library/CloudStorage/OneDrive-VisualDefenceInc/Projects/road_object_shared/raw_frames/nighttime/20250727003908_057479A/frame_00041.jpg,
/Users/tontran/Library/CloudStorage/OneDrive-VisualDefenceInc/Projects/road_object_shared/raw_frames/nighttime/20250727003908_057479A/frame_00042.jpg,
/Users/tontran/Library/CloudStorage/OneDrive-VisualDefenceInc/Projects/road_object_shared/raw_frames/nighttime/20250727003908_057479A/frame_00043.jpg,
/Users/tontran/Library/CloudStorage/OneDrive-VisualDefenceInc/Projects/road_object_shared/raw_frames/nighttime/20250727003908_057479A/frame_00044.jpg,
/Users/tontran/Library/CloudStorage/OneDrive-VisualDefenceInc/Projects/road_object_shared/raw_frames/nighttime/20250727003908_057479A/frame_00045.jpg,
/Users/tontran/Library/CloudStorage/OneDrive-VisualDefenceInc/Projects/road_object_shared/raw_frames/nighttime/20250727003908_057479A/frame_00046.jpg,
/Users/tontran/Library/CloudStorage/OneDrive-VisualDefenceInc/Projects/road_object_shared/raw_frames/nighttime/20250727003908_057479A/frame_00047.jpg,
/Users/tontran/Library/CloudStorage/OneDrive-VisualDefenceInc/Projects/road_object_shared/raw_frames/nighttime/20250727004008_057481A/frame_00000.jpg,
/Users/tontran/Library/CloudStorage/OneDrive-VisualDefenceInc/Projects/road_object_shared/raw_frames/nighttime/20250727004008_057481A/frame_00001.jpg,
/Users/tontran/Library/CloudStorage/OneDrive-VisualDefenceInc/Projects/road_object_shared/raw_frames/nighttime/20250727004008_057481A/frame_00002.jpg,
/Users/tontran/Library/CloudStorage/OneDrive-VisualDefenceInc/Projects/road_object_shared/raw_frames/nighttime/20250727004008_057481A/frame_00003.jpg,
/Users/tontran/Library/CloudStorage/OneDrive-VisualDefenceInc/Projects/road_object_shared/raw_frames/nighttime/20250727004008_057481A/frame_00004.jpg,
/Users/tontran/Library/CloudStorage/OneDrive-VisualDefenceInc/Projects/road_object_shared/raw_frames/nighttime/20250727004008_057481A/frame_00005.jpg,
/Users/tontran/Library/CloudStorage/OneDrive-VisualDefenceInc/Projects/road_object_shared/raw_frames/nighttime/20250727004008_057481A/frame_00006.jpg,
/Users/tontran/Library/CloudStorage/OneDrive-VisualDefenceInc/Projects/road_object_shared/raw_frames/nighttime/20250727004008_057481A/frame_00007.jpg,
/Users/tontran/Library/CloudStorage/OneDrive-VisualDefenceInc/Projects/road_object_shared/raw_frames/nighttime/20250727004008_057481A/frame_00008.jpg,
/Users/tontran/Library/CloudStorage/OneDrive-VisualDefenceInc/Projects/road_object_shared/raw_frames/nighttime/20250727004008_057481A/frame_00009.jpg,
/Users/tontran/Library/CloudStorage/OneDrive-VisualDefenceInc/Projects/road_object_shared/raw_frames/nighttime/20250727004008_057481A/frame_00010.jpg,
/Users/tontran/Library/CloudStorage/OneDrive-VisualDefenceInc/Projects/road_object_shared/raw_frames/nighttime/20250727004008_057481A/frame_00011.jpg,
/Users/tontran/Library/CloudStorage/OneDrive-VisualDefenceInc/Projects/road_object_shared/raw_frames/nighttime/20250727004008_057481A/frame_00012.jpg,
/Users/tontran/Library/CloudStorage/OneDrive-VisualDefenceInc/Projects/road_object_shared/raw_frames/nighttime/20250727004008_057481A/frame_00013.jpg,
/Users/tontran/Library/CloudStorage/OneDrive-VisualDefenceInc/Projects/road_object_shared/raw_frames/nighttime/20250727004008_057481A/frame_00014.jpg,
/Users/tontran/Library/CloudStorage/OneDrive-VisualDefenceInc/Projects/road_object_shared/raw_frames/nighttime/20250727004008_057481A/frame_00015.jpg,
/Users/tontran/Library/CloudStorage/OneDrive-VisualDefenceInc/Projects/road_object_shared/raw_frames/nighttime/20250727004008_057481A/frame_00016.jpg,
/Users/tontran/Library/CloudStorage/OneDrive-VisualDefenceInc/Projects/road_object_shared/raw_frames/nighttime/20250727004008_057481A/frame_00017.jpg,
/Users/tontran/Library/CloudStorage/OneDrive-VisualDefenceInc/Projects/road_object_shared/raw_frames/nighttime/20250727004008_057481A/frame_00018.jpg,
/Users/tontran/Library/CloudStorage/OneDrive-VisualDefenceInc/Projects/road_object_shared/raw_frames/nighttime/20250727004008_057481A/frame_00019.jpg,
/Users/tontran/Library/CloudStorage/OneDrive-VisualDefenceInc/Projects/road_object_shared/raw_frames/nighttime/20250727004008_057481A/frame_00020.jpg,
/Users/tontran/Library/CloudStorage/OneDrive-VisualDefenceInc/Projects/road_object_shared/raw_frames/nighttime/20250727004008_057481A/frame_00021.jpg,
/Users/tontran/Library/CloudStorage/OneDrive-VisualDefenceInc/Projects/road_object_shared/raw_frames/nighttime/20250727004008_057481A/frame_00022.jpg,
/Users/tontran/Library/CloudStorage/OneDrive-VisualDefenceInc/Projects/road_object_shared/raw_frames/nighttime/20250727004008_057481A/frame_00023.jpg,
/Users/tontran/Library/CloudStorage/OneDrive-VisualDefenceInc/Projects/road_object_shared/raw_frames/nighttime/20250727004008_057481A/frame_00024.jpg,
/Users/tontran/Library/CloudStorage/OneDrive-VisualDefenceInc/Projects/road_object_shared/raw_frames/nighttime/20250727004008_057481A/frame_00025.jpg,
/Users/tontran/Library/CloudStorage/OneDrive-VisualDefenceInc/Projects/road_object_shared/raw_frames/nighttime/20250727004008_057481A/frame_00026.jpg,
/Users/tontran/Library/CloudStorage/OneDrive-VisualDefenceInc/Projects/road_object_shared/raw_frames/nighttime/20250727004008_057481A/frame_00027.jpg,
/Users/tontran/Library/CloudStorage/OneDrive-VisualDefenceInc/Projects/road_object_shared/raw_frames/nighttime/20250727004008_057481A/frame_00028.jpg,
/Users/tontran/Library/CloudStorage/OneDrive-VisualDefenceInc/Projects/road_object_shared/raw_frames/nighttime/20250727004008_057481A/frame_00029.jpg,
/Users/tontran/Library/CloudStorage/OneDrive-VisualDefenceInc/Projects/road_object_shared/raw_frames/nighttime/20250727004008_057481A/frame_00030.jpg,
/Users/tontran/Library/CloudStorage/OneDrive-VisualDefenceInc/Projects/road_object_shared/raw_frames/nighttime/20250727004008_057481A/frame_00031.jpg,
/Users/tontran/Library/CloudStorage/OneDrive-VisualDefenceInc/Projects/road_object_shared/raw_frames/nighttime/20250727004008_057481A/frame_00032.jpg,
/Users/tontran/Library/CloudStorage/OneDrive-VisualDefenceInc/Projects/road_object_shared/raw_frames/nighttime/20250727004008_057481A/frame_00033.jpg,
/Users/tontran/Library/CloudStorage/OneDrive-VisualDefenceInc/Projects/road_object_shared/raw_frames/nighttime/20250727004008_057481A/frame_00034.jpg,
/Users/tontran/Library/CloudStorage/OneDrive-VisualDefenceInc/Projects/road_object_shared/raw_frames/nighttime/20250727004008_057481A/frame_00035.jpg,
/Users/tontran/Library/CloudStorage/OneDrive-VisualDefenceInc/Projects/road_object_shared/raw_frames/nighttime/20250727004008_057481A/frame_00036.jpg,
/Users/tontran/Library/CloudStorage/OneDrive-VisualDefenceInc/Projects/road_object_shared/raw_frames/nighttime/20250727004008_057481A/frame_00037.jpg,
/Users/tontran/Library/CloudStorage/OneDrive-VisualDefenceInc/Projects/road_object_shared/raw_frames/nighttime/20250727004008_057481A/frame_00038.jpg,
/Users/tontran/Library/CloudStorage/OneDrive-VisualDefenceInc/Projects/road_object_shared/raw_frames/nighttime/20250727004008_057481A/frame_00039.jpg,
/Users/tontran/Library/CloudStorage/OneDrive-VisualDefenceInc/Projects/road_object_shared/raw_frames/nighttime/20250727004008_057481A/frame_00040.jpg,
/Users/tontran/Library/CloudStorage/OneDrive-VisualDefenceInc/Projects/road_object_shared/raw_frames/nighttime/20250727004008_057481A/frame_00041.jpg,
/Users/tontran/Library/CloudStorage/OneDrive-VisualDefenceInc/Projects/road_object_shared/raw_frames/nighttime/20250727004008_057481A/frame_00042.jpg,
/Users/tontran/Library/CloudStorage/OneDrive-VisualDefenceInc/Projects/road_object_shared/raw_frames/nighttime/20250727004008_057481A/frame_00043.jpg,
/Users/tontran/Library/CloudStorage/OneDrive-VisualDefenceInc/Projects/road_object_shared/raw_frames/nighttime/20250727004008_057481A/frame_00044.jpg,
/Users/tontran/Library/CloudStorage/OneDrive-VisualDefenceInc/Projects/road_object_shared/raw_frames/nighttime/20250727004008_057481A/frame_00045.jpg,
/Users/tontran/Library/CloudStorage/OneDrive-VisualDefenceInc/Projects/road_object_shared/raw_frames/nighttime/20250727004008_057481A/frame_00046.jpg,
/Users/tontran/Library/CloudStorage/OneDrive-VisualDefenceInc/Projects/road_object_shared/raw_frames/nighttime/20250727004008_057481A/frame_00047.jpg,
/Users/tontran/Library/CloudStorage/OneDrive-VisualDefenceInc/Projects/road_object_shared/raw_frames/nighttime/20250727004108_057483A/frame_00000.jpg,
/Users/tontran/Library/CloudStorage/OneDrive-VisualDefenceInc/Projects/road_object_shared/raw_frames/nighttime/20250727004108_057483A/frame_00001.jpg,
/Users/tontran/Library/CloudStorage/OneDrive-VisualDefenceInc/Projects/road_object_shared/raw_frames/nighttime/20250727004108_057483A/frame_00002.jpg,
/Users/tontran/Library/CloudStorage/OneDrive-VisualDefenceInc/Projects/road_object_shared/raw_frames/nighttime/20250727004108_057483A/frame_00003.jpg,
/Users/tontran/Library/CloudStorage/OneDrive-VisualDefenceInc/Projects/road_object_shared/raw_frames/nighttime/20250727004108_057483A/frame_00004.jpg,
/Users/tontran/Library/CloudStorage/OneDrive-VisualDefenceInc/Projects/road_object_shared/raw_frames/nighttime/20250727004108_057483A/frame_00005.jpg,
/Users/tontran/Library/CloudStorage/OneDrive-VisualDefenceInc/Projects/road_object_shared/raw_frames/nighttime/20250727004108_057483A/frame_00006.jpg,
/Users/tontran/Library/CloudStorage/OneDrive-VisualDefenceInc/Projects/road_object_shared/raw_frames/nighttime/20250727004108_057483A/frame_00007.jpg,
/Users/tontran/Library/CloudStorage/OneDrive-VisualDefenceInc/Projects/road_object_shared/raw_frames/nighttime/20250727004108_057483A/frame_00008.jpg,
/Users/tontran/Library/CloudStorage/OneDrive-VisualDefenceInc/Projects/road_object_shared/raw_frames/nighttime/20250727004108_057483A/frame_00009.jpg,
/Users/tontran/Library/CloudStorage/OneDrive-VisualDefenceInc/Projects/road_object_shared/raw_frames/nighttime/20250727004108_057483A/frame_00010.jpg,
/Users/tontran/Library/CloudStorage/OneDrive-VisualDefenceInc/Projects/road_object_shared/raw_frames/nighttime/20250727004108_057483A/frame_00011.jpg,
/Users/tontran/Library/CloudStorage/OneDrive-VisualDefenceInc/Projects/road_object_shared/raw_frames/nighttime/20250727004108_057483A/frame_00012.jpg,
/Users/tontran/Library/CloudStorage/OneDrive-VisualDefenceInc/Projects/road_object_shared/raw_frames/nighttime/20250727004108_057483A/frame_00013.jpg,
/Users/tontran/Library/CloudStorage/OneDrive-VisualDefenceInc/Projects/road_object_shared/raw_frames/nighttime/20250727004108_057483A/frame_00014.jpg,
/Users/tontran/Library/CloudStorage/OneDrive-VisualDefenceInc/Projects/road_object_shared/raw_frames/nighttime/20250727004108_057483A/frame_00015.jpg,
/Users/tontran/Library/CloudStorage/OneDrive-VisualDefenceInc/Projects/road_object_shared/raw_frames/nighttime/20250727004108_057483A/frame_00016.jpg,
/Users/tontran/Library/CloudStorage/OneDrive-VisualDefenceInc/Projects/road_object_shared/raw_frames/nighttime/20250727004108_057483A/frame_00017.jpg,
/Users/tontran/Library/CloudStorage/OneDrive-VisualDefenceInc/Projects/road_object_shared/raw_frames/nighttime/20250727004108_057483A/frame_00018.jpg,
/Users/tontran/Library/CloudStorage/OneDrive-VisualDefenceInc/Projects/road_object_shared/raw_frames/nighttime/20250727004108_057483A/frame_00019.jpg,
/Users/tontran/Library/CloudStorage/OneDrive-VisualDefenceInc/Projects/road_object_shared/raw_frames/nighttime/20250727004108_057483A/frame_00020.jpg,
/Users/tontran/Library/CloudStorage/OneDrive-VisualDefenceInc/Projects/road_object_shared/raw_frames/nighttime/20250727004108_057483A/frame_00021.jpg,
/Users/tontran/Library/CloudStorage/OneDrive-VisualDefenceInc/Projects/road_object_shared/raw_frames/nighttime/20250727004108_057483A/frame_00022.jpg,
/Users/tontran/Library/CloudStorage/OneDrive-VisualDefenceInc/Projects/road_object_shared/raw_frames/nighttime/20250727004108_057483A/frame_00023.jpg,
/Users/tontran/Library/CloudStorage/OneDrive-VisualDefenceInc/Projects/road_object_shared/raw_frames/nighttime/20250727004108_057483A/frame_00024.jpg,
/Users/tontran/Library/CloudStorage/OneDrive-VisualDefenceInc/Projects/road_object_shared/raw_frames/nighttime/20250727004108_057483A/frame_00025.jpg,
/Users/tontran/Library/CloudStorage/OneDrive-VisualDefenceInc/Projects/road_object_shared/raw_frames/nighttime/20250727004108_057483A/frame_00026.jpg,
/Users/tontran/Library/CloudStorage/OneDrive-VisualDefenceInc/Projects/road_object_shared/raw_frames/nighttime/20250727004108_057483A/frame_00027.jpg,
/Users/tontran/Library/CloudStorage/OneDrive-VisualDefenceInc/Projects/road_object_shared/raw_frames/nighttime/20250727004108_057483A/frame_00028.jpg,
/Users/tontran/Library/CloudStorage/OneDrive-VisualDefenceInc/Projects/road_object_shared/raw_frames/nighttime/20250727004108_057483A/frame_00029.jpg,
/Users/tontran/Library/CloudStorage/OneDrive-VisualDefenceInc/Projects/road_object_shared/raw_frames/nighttime/20250727004108_057483A/frame_00030.jpg,
/Users/tontran/Library/CloudStorage/OneDrive-VisualDefenceInc/Projects/road_object_shared/raw_frames/nighttime/20250727004108_057483A/frame_00031.jpg,
/Users/tontran/Library/CloudStorage/OneDrive-VisualDefenceInc/Projects/road_object_shared/raw_frames/nighttime/20250727004108_057483A/frame_00032.jpg,
/Users/tontran/Library/CloudStorage/OneDrive-VisualDefenceInc/Projects/road_object_shared/raw_frames/nighttime/20250727004108_057483A/frame_00033.jpg,
/Users/tontran/Library/CloudStorage/OneDrive-VisualDefenceInc/Projects/road_object_shared/raw_frames/nighttime/20250727004108_057483A/frame_00034.jpg,
/Users/tontran/Library/CloudStorage/OneDrive-VisualDefenceInc/Projects/road_object_shared/raw_frames/nighttime/20250727004108_057483A/frame_00035.jpg,
/Users/tontran/Library/CloudStorage/OneDrive-VisualDefenceInc/Projects/road_object_shared/raw_frames/nighttime/20250727004108_057483A/frame_00036.jpg,
/Users/tontran/Library/CloudStorage/OneDrive-VisualDefenceInc/Projects/road_object_shared/raw_frames/nighttime/20250727004108_057483A/frame_00037.jpg,
/Users/tontran/Library/CloudStorage/OneDrive-VisualDefenceInc/Projects/road_object_shared/raw_frames/nighttime/20250727004108_057483A/frame_00038.jpg,
/Users/tontran/Library/CloudStorage/OneDrive-VisualDefenceInc/Projects/road_object_shared/raw_frames/nighttime/20250727004108_057483A/frame_00039.jpg,
/Users/tontran/Library/CloudStorage/OneDrive-VisualDefenceInc/Projects/road_object_shared/raw_frames/nighttime/20250727004108_057483A/frame_00040.jpg,
/Users/tontran/Library/CloudStorage/OneDrive-VisualDefenceInc/Projects/road_object_shared/raw_frames/nighttime/20250727004108_057483A/frame_00041.jpg,
/Users/tontran/Library/CloudStorage/OneDrive-VisualDefenceInc/Projects/road_object_shared/raw_frames/nighttime/20250727004108_057483A/frame_00042.jpg,
/Users/tontran/Library/CloudStorage/OneDrive-VisualDefenceInc/Projects/road_object_shared/raw_frames/nighttime/20250727004108_057483A/frame_00043.jpg,
/Users/tontran/Library/CloudStorage/OneDrive-VisualDefenceInc/Projects/road_object_shared/raw_frames/nighttime/20250727004108_057483A/frame_00044.jpg,
/Users/tontran/Library/CloudStorage/OneDrive-VisualDefenceInc/Projects/road_object_shared/raw_frames/nighttime/20250727004108_057483A/frame_00045.jpg,
/Users/tontran/Library/CloudStorage/OneDrive-VisualDefenceInc/Projects/road_object_shared/raw_frames/nighttime/20250727004108_057483A/frame_00046.jpg,
/Users/tontran/Library/CloudStorage/OneDrive-VisualDefenceInc/Projects/road_object_shared/raw_frames/nighttime/20250727004108_057483A/frame_00047.jpg,
/Users/tontran/Library/CloudStorage/OneDrive-VisualDefenceInc/Projects/road_object_shared/raw_frames/nighttime/20250727004208_057485A/frame_00000.jpg,
/Users/tontran/Library/CloudStorage/OneDrive-VisualDefenceInc/Projects/road_object_shared/raw_frames/nighttime/20250727004208_057485A/frame_00001.jpg,
/Users/tontran/Library/CloudStorage/OneDrive-VisualDefenceInc/Projects/road_object_shared/raw_frames/nighttime/20250727004208_057485A/frame_00002.jpg,
/Users/tontran/Library/CloudStorage/OneDrive-VisualDefenceInc/Projects/road_object_shared/raw_frames/nighttime/20250727004208_057485A/frame_00003.jpg,
/Users/tontran/Library/CloudStorage/OneDrive-VisualDefenceInc/Projects/road_object_shared/raw_frames/nighttime/20250727004208_057485A/frame_00004.jpg,
/Users/tontran/Library/CloudStorage/OneDrive-VisualDefenceInc/Projects/road_object_shared/raw_frames/nighttime/20250727004208_057485A/frame_00005.jpg,
/Users/tontran/Library/CloudStorage/OneDrive-VisualDefenceInc/Projects/road_object_shared/raw_frames/nighttime/20250727004208_057485A/frame_00006.jpg,
/Users/tontran/Library/CloudStorage/OneDrive-VisualDefenceInc/Projects/road_object_shared/raw_frames/nighttime/20250727004208_057485A/frame_00007.jpg,
/Users/tontran/Library/CloudStorage/OneDrive-VisualDefenceInc/Projects/road_object_shared/raw_frames/nighttime/20250727004208_057485A/frame_00008.jpg,
/Users/tontran/Library/CloudStorage/OneDrive-VisualDefenceInc/Projects/road_object_shared/raw_frames/nighttime/20250727004208_057485A/frame_00009.jpg,
/Users/tontran/Library/CloudStorage/OneDrive-VisualDefenceInc/Projects/road_object_shared/raw_frames/nighttime/20250727004208_057485A/frame_00010.jpg,
/Users/tontran/Library/CloudStorage/OneDrive-VisualDefenceInc/Projects/road_object_shared/raw_frames/nighttime/20250727004208_057485A/frame_00011.jpg,
/Users/tontran/Library/CloudStorage/OneDrive-VisualDefenceInc/Projects/road_object_shared/raw_frames/nighttime/20250727004208_057485A/frame_00012.jpg,
/Users/tontran/Library/CloudStorage/OneDrive-VisualDefenceInc/Projects/road_object_shared/raw_frames/nighttime/20250727004208_057485A/frame_00013.jpg,
/Users/tontran/Library/CloudStorage/OneDrive-VisualDefenceInc/Projects/road_object_shared/raw_frames/nighttime/20250727004208_057485A/frame_00014.jpg,
/Users/tontran/Library/CloudStorage/OneDrive-VisualDefenceInc/Projects/road_object_shared/raw_frames/nighttime/20250727004208_057485A/frame_00015.jpg,
/Users/tontran/Library/CloudStorage/OneDrive-VisualDefenceInc/Projects/road_object_shared/raw_frames/nighttime/20250727004208_057485A/frame_00016.jpg,
/Users/tontran/Library/CloudStorage/OneDrive-VisualDefenceInc/Projects/road_object_shared/raw_frames/nighttime/20250727004208_057485A/frame_00017.jpg,
/Users/tontran/Library/CloudStorage/OneDrive-VisualDefenceInc/Projects/road_object_shared/raw_frames/nighttime/20250727004208_057485A/frame_00018.jpg,
/Users/tontran/Library/CloudStorage/OneDrive-VisualDefenceInc/Projects/road_object_shared/raw_frames/nighttime/20250727004208_057485A/frame_00019.jpg,
/Users/tontran/Library/CloudStorage/OneDrive-VisualDefenceInc/Projects/road_object_shared/raw_frames/nighttime/20250727004208_057485A/frame_00020.jpg,
/Users/tontran/Library/CloudStorage/OneDrive-VisualDefenceInc/Projects/road_object_shared/raw_frames/nighttime/20250727004208_057485A/frame_00021.jpg,
/Users/tontran/Library/CloudStorage/OneDrive-VisualDefenceInc/Projects/road_object_shared/raw_frames/nighttime/20250727004208_057485A/frame_00022.jpg,
/Users/tontran/Library/CloudStorage/OneDrive-VisualDefenceInc/Projects/road_object_shared/raw_frames/nighttime/20250727004208_057485A/frame_00023.jpg,
/Users/tontran/Library/CloudStorage/OneDrive-VisualDefenceInc/Projects/road_object_shared/raw_frames/nighttime/20250727004208_057485A/frame_00024.jpg,
/Users/tontran/Library/CloudStorage/OneDrive-VisualDefenceInc/Projects/road_object_shared/raw_frames/nighttime/20250727004208_057485A/frame_00025.jpg,
/Users/tontran/Library/CloudStorage/OneDrive-VisualDefenceInc/Projects/road_object_shared/raw_frames/nighttime/20250727004208_057485A/frame_00026.jpg,
/Users/tontran/Library/CloudStorage/OneDrive-VisualDefenceInc/Projects/road_object_shared/raw_frames/nighttime/20250727004208_057485A/frame_00027.jpg,
/Users/tontran/Library/CloudStorage/OneDrive-VisualDefenceInc/Projects/road_object_shared/raw_frames/nighttime/20250727004208_057485A/frame_00028.jpg,
/Users/tontran/Library/CloudStorage/OneDrive-VisualDefenceInc/Projects/road_object_shared/raw_frames/nighttime/20250727004208_057485A/frame_00029.jpg,
/Users/tontran/Library/CloudStorage/OneDrive-VisualDefenceInc/Projects/road_object_shared/raw_frames/nighttime/20250727004208_057485A/frame_00030.jpg,
/Users/tontran/Library/CloudStorage/OneDrive-VisualDefenceInc/Projects/road_object_shared/raw_frames/nighttime/20250727004208_057485A/frame_00031.jpg,
/Users/tontran/Library/CloudStorage/OneDrive-VisualDefenceInc/Projects/road_object_shared/raw_frames/nighttime/20250727004208_057485A/frame_00032.jpg,
/Users/tontran/Library/CloudStorage/OneDrive-VisualDefenceInc/Projects/road_object_shared/raw_frames/nighttime/20250727004208_057485A/frame_00033.jpg,
/Users/tontran/Library/CloudStorage/OneDrive-VisualDefenceInc/Projects/road_object_shared/raw_frames/nighttime/20250727004208_057485A/frame_00034.jpg,
/Users/tontran/Library/CloudStorage/OneDrive-VisualDefenceInc/Projects/road_object_shared/raw_frames/nighttime/20250727004208_057485A/frame_00035.jpg,
/Users/tontran/Library/CloudStorage/OneDrive-VisualDefenceInc/Projects/road_object_shared/raw_frames/nighttime/20250727004208_057485A/frame_00036.jpg,
/Users/tontran/Library/CloudStorage/OneDrive-VisualDefenceInc/Projects/road_object_shared/raw_frames/nighttime/20250727004208_057485A/frame_00037.jpg,
/Users/tontran/Library/CloudStorage/OneDrive-VisualDefenceInc/Projects/road_object_shared/raw_frames/nighttime/20250727004208_057485A/frame_00038.jpg,
/Users/tontran/Library/CloudStorage/OneDrive-VisualDefenceInc/Projects/road_object_shared/raw_frames/nighttime/20250727004208_057485A/frame_00039.jpg,
/Users/tontran/Library/CloudStorage/OneDrive-VisualDefenceInc/Projects/road_object_shared/raw_frames/nighttime/20250727004208_057485A/frame_00040.jpg,
/Users/tontran/Library/CloudStorage/OneDrive-VisualDefenceInc/Projects/road_object_shared/raw_frames/nighttime/20250727004208_057485A/frame_00041.jpg,
/Users/tontran/Library/CloudStorage/OneDrive-VisualDefenceInc/Projects/road_object_shared/raw_frames/nighttime/20250727004208_057485A/frame_00042.jpg,
/Users/tontran/Library/CloudStorage/OneDrive-VisualDefenceInc/Projects/road_object_shared/raw_frames/nighttime/20250727004208_057485A/frame_00043.jpg,
/Users/tontran/Library/CloudStorage/OneDrive-VisualDefenceInc/Projects/road_object_shared/raw_frames/nighttime/20250727004208_057485A/frame_00044.jpg,
/Users/tontran/Library/CloudStorage/OneDrive-VisualDefenceInc/Projects/road_object_shared/raw_frames/nighttime/20250727004208_057485A/frame_00045.jpg,
/Users/tontran/Library/CloudStorage/OneDrive-VisualDefenceInc/Projects/road_object_shared/raw_frames/nighttime/20250727004208_057485A/frame_00046.jpg,
/Users/tontran/Library/CloudStorage/OneDrive-VisualDefenceInc/Projects/road_object_shared/raw_frames/nighttime/20250727004208_057485A/frame_00047.jpg,
/Users/tontran/Library/CloudStorage/OneDrive-VisualDefenceInc/Projects/road_object_shared/raw_frames/nighttime/20250727004308_057487A/frame_00000.jpg,
/Users/tontran/Library/CloudStorage/OneDrive-VisualDefenceInc/Projects/road_object_shared/raw_frames/nighttime/20250727004308_057487A/frame_00001.jpg,
/Users/tontran/Library/CloudStorage/OneDrive-VisualDefenceInc/Projects/road_object_shared/raw_frames/nighttime/20250727004308_057487A/frame_00002.jpg,
/Users/tontran/Library/CloudStorage/OneDrive-VisualDefenceInc/Projects/road_object_shared/raw_frames/nighttime/20250727004308_057487A/frame_00003.jpg,
/Users/tontran/Library/CloudStorage/OneDrive-VisualDefenceInc/Projects/road_object_shared/raw_frames/nighttime/20250727004308_057487A/frame_00004.jpg,
/Users/tontran/Library/CloudStorage/OneDrive-VisualDefenceInc/Projects/road_object_shared/raw_frames/nighttime/20250727004308_057487A/frame_00005.jpg,
/Users/tontran/Library/CloudStorage/OneDrive-VisualDefenceInc/Projects/road_object_shared/raw_frames/nighttime/20250727004308_057487A/frame_00006.jpg,
/Users/tontran/Library/CloudStorage/OneDrive-VisualDefenceInc/Projects/road_object_shared/raw_frames/nighttime/20250727004308_057487A/frame_00007.jpg,
/Users/tontran/Library/CloudStorage/OneDrive-VisualDefenceInc/Projects/road_object_shared/raw_frames/nighttime/20250727004308_057487A/frame_00008.jpg,
/Users/tontran/Library/CloudStorage/OneDrive-VisualDefenceInc/Projects/road_object_shared/raw_frames/nighttime/20250727004308_057487A/frame_00009.jpg,
/Users/tontran/Library/CloudStorage/OneDrive-VisualDefenceInc/Projects/road_object_shared/raw_frames/nighttime/20250727004308_057487A/frame_00010.jpg,
/Users/tontran/Library/CloudStorage/OneDrive-VisualDefenceInc/Projects/road_object_shared/raw_frames/nighttime/20250727004308_057487A/frame_00011.jpg,
/Users/tontran/Library/CloudStorage/OneDrive-VisualDefenceInc/Projects/road_object_shared/raw_frames/nighttime/20250727004308_057487A/frame_00012.jpg,
/Users/tontran/Library/CloudStorage/OneDrive-VisualDefenceInc/Projects/road_object_shared/raw_frames/nighttime/20250727004308_057487A/frame_00013.jpg,
/Users/tontran/Library/CloudStorage/OneDrive-VisualDefenceInc/Projects/road_object_shared/raw_frames/nighttime/20250727004308_057487A/frame_00014.jpg,
/Users/tontran/Library/CloudStorage/OneDrive-VisualDefenceInc/Projects/road_object_shared/raw_frames/nighttime/20250727004308_057487A/frame_00015.jpg,
/Users/tontran/Library/CloudStorage/OneDrive-VisualDefenceInc/Projects/road_object_shared/raw_frames/nighttime/20250727004308_057487A/frame_00016.jpg,
/Users/tontran/Library/CloudStorage/OneDrive-VisualDefenceInc/Projects/road_object_shared/raw_frames/nighttime/20250727004308_057487A/frame_00017.jpg,
/Users/tontran/Library/CloudStorage/OneDrive-VisualDefenceInc/Projects/road_object_shared/raw_frames/nighttime/20250727004308_057487A/frame_00018.jpg,
/Users/tontran/Library/CloudStorage/OneDrive-VisualDefenceInc/Projects/road_object_shared/raw_frames/nighttime/20250727004308_057487A/frame_00019.jpg,
/Users/tontran/Library/CloudStorage/OneDrive-VisualDefenceInc/Projects/road_object_shared/raw_frames/nighttime/20250727004308_057487A/frame_00020.jpg,
/Users/tontran/Library/CloudStorage/OneDrive-VisualDefenceInc/Projects/road_object_shared/raw_frames/nighttime/20250727004308_057487A/frame_00021.jpg,
/Users/tontran/Library/CloudStorage/OneDrive-VisualDefenceInc/Projects/road_object_shared/raw_frames/nighttime/20250727004308_057487A/frame_00022.jpg,
/Users/tontran/Library/CloudStorage/OneDrive-VisualDefenceInc/Projects/road_object_shared/raw_frames/nighttime/20250727004308_057487A/frame_00023.jpg,
/Users/tontran/Library/CloudStorage/OneDrive-VisualDefenceInc/Projects/road_object_shared/raw_frames/nighttime/20250727004308_057487A/frame_00024.jpg,
/Users/tontran/Library/CloudStorage/OneDrive-VisualDefenceInc/Projects/road_object_shared/raw_frames/nighttime/20250727004308_057487A/frame_00025.jpg,
/Users/tontran/Library/CloudStorage/OneDrive-VisualDefenceInc/Projects/road_object_shared/raw_frames/nighttime/20250727004308_057487A/frame_00026.jpg,
/Users/tontran/Library/CloudStorage/OneDrive-VisualDefenceInc/Projects/road_object_shared/raw_frames/nighttime/20250727004308_057487A/frame_00027.jpg,
/Users/tontran/Library/CloudStorage/OneDrive-VisualDefenceInc/Projects/road_object_shared/raw_frames/nighttime/20250727004308_057487A/frame_00028.jpg,
/Users/tontran/Library/CloudStorage/OneDrive-VisualDefenceInc/Projects/road_object_shared/raw_frames/nighttime/20250727004308_057487A/frame_00029.jpg,
/Users/tontran/Library/CloudStorage/OneDrive-VisualDefenceInc/Projects/road_object_shared/raw_frames/nighttime/20250727004308_057487A/frame_00030.jpg,
/Users/tontran/Library/CloudStorage/OneDrive-VisualDefenceInc/Projects/road_object_shared/raw_frames/nighttime/20250727004308_057487A/frame_00031.jpg,
/Users/tontran/Library/CloudStorage/OneDrive-VisualDefenceInc/Projects/road_object_shared/raw_frames/nighttime/20250727004308_057487A/frame_00032.jpg,
/Users/tontran/Library/CloudStorage/OneDrive-VisualDefenceInc/Projects/road_object_shared/raw_frames/nighttime/20250727004308_057487A/frame_00033.jpg,
/Users/tontran/Library/CloudStorage/OneDrive-VisualDefenceInc/Projects/road_object_shared/raw_frames/nighttime/20250727004308_057487A/frame_00034.jpg,
/Users/tontran/Library/CloudStorage/OneDrive-VisualDefenceInc/Projects/road_object_shared/raw_frames/nighttime/20250727004308_057487A/frame_00035.jpg,
/Users/tontran/Library/CloudStorage/OneDrive-VisualDefenceInc/Projects/road_object_shared/raw_frames/nighttime/20250727004308_057487A/frame_00036.jpg,
/Users/tontran/Library/CloudStorage/OneDrive-VisualDefenceInc/Projects/road_object_shared/raw_frames/nighttime/20250727004308_057487A/frame_00037.jpg,
/Users/tontran/Library/CloudStorage/OneDrive-VisualDefenceInc/Projects/road_object_shared/raw_frames/nighttime/20250727004308_057487A/frame_00038.jpg,
/Users/tontran/Library/CloudStorage/OneDrive-VisualDefenceInc/Projects/road_object_shared/raw_frames/nighttime/20250727004308_057487A/frame_00039.jpg,
/Users/tontran/Library/CloudStorage/OneDrive-VisualDefenceInc/Projects/road_object_shared/raw_frames/nighttime/20250727004308_057487A/frame_00040.jpg,
/Users/tontran/Library/CloudStorage/OneDrive-VisualDefenceInc/Projects/road_object_shared/raw_frames/nighttime/20250727004308_057487A/frame_00041.jpg,
/Users/tontran/Library/CloudStorage/OneDrive-VisualDefenceInc/Projects/road_object_shared/raw_frames/nighttime/20250727004308_057487A/frame_00042.jpg,
/Users/tontran/Library/CloudStorage/OneDrive-VisualDefenceInc/Projects/road_object_shared/raw_frames/nighttime/20250727004308_057487A/frame_00043.jpg,
/Users/tontran/Library/CloudStorage/OneDrive-VisualDefenceInc/Projects/road_object_shared/raw_frames/nighttime/20250727004308_057487A/frame_00044.jpg,
/Users/tontran/Library/CloudStorage/OneDrive-VisualDefenceInc/Projects/road_object_shared/raw_frames/nighttime/20250727004308_057487A/frame_00045.jpg,
/Users/tontran/Library/CloudStorage/OneDrive-VisualDefenceInc/Projects/road_object_shared/raw_frames/nighttime/20250727004308_057487A/frame_00046.jpg,
/Users/tontran/Library/CloudStorage/OneDrive-VisualDefenceInc/Projects/road_object_shared/raw_frames/nighttime/20250727004308_057487A/frame_00047.jpg,
/Users/tontran/Library/CloudStorage/OneDrive-VisualDefenceInc/Projects/road_object_shared/raw_frames/nighttime/20250727004408_057489A/frame_00000.jpg,
/Users/tontran/Library/CloudStorage/OneDrive-VisualDefenceInc/Projects/road_object_shared/raw_frames/nighttime/20250727004408_057489A/frame_00001.jpg,
/Users/tontran/Library/CloudStorage/OneDrive-VisualDefenceInc/Projects/road_object_shared/raw_frames/nighttime/20250727004408_057489A/frame_00002.jpg,
/Users/tontran/Library/CloudStorage/OneDrive-VisualDefenceInc/Projects/road_object_shared/raw_frames/nighttime/20250727004408_057489A/frame_00003.jpg,
/Users/tontran/Library/CloudStorage/OneDrive-VisualDefenceInc/Projects/road_object_shared/raw_frames/nighttime/20250727004408_057489A/frame_00004.jpg,
/Users/tontran/Library/CloudStorage/OneDrive-VisualDefenceInc/Projects/road_object_shared/raw_frames/nighttime/20250727004408_057489A/frame_00005.jpg,
/Users/tontran/Library/CloudStorage/OneDrive-VisualDefenceInc/Projects/road_object_shared/raw_frames/nighttime/20250727004408_057489A/frame_00006.jpg,
/Users/tontran/Library/CloudStorage/OneDrive-VisualDefenceInc/Projects/road_object_shared/raw_frames/nighttime/20250727004408_057489A/frame_00007.jpg,
/Users/tontran/Library/CloudStorage/OneDrive-VisualDefenceInc/Projects/road_object_shared/raw_frames/nighttime/20250727004408_057489A/frame_00008.jpg,
/Users/tontran/Library/CloudStorage/OneDrive-VisualDefenceInc/Projects/road_object_shared/raw_frames/nighttime/20250727004408_057489A/frame_00009.jpg,
/Users/tontran/Library/CloudStorage/OneDrive-VisualDefenceInc/Projects/road_object_shared/raw_frames/nighttime/20250727004408_057489A/frame_00010.jpg,
/Users/tontran/Library/CloudStorage/OneDrive-VisualDefenceInc/Projects/road_object_shared/raw_frames/nighttime/20250727004408_057489A/frame_00011.jpg,
/Users/tontran/Library/CloudStorage/OneDrive-VisualDefenceInc/Projects/road_object_shared/raw_frames/nighttime/20250727004408_057489A/frame_00012.jpg,
/Users/tontran/Library/CloudStorage/OneDrive-VisualDefenceInc/Projects/road_object_shared/raw_frames/nighttime/20250727004408_057489A/frame_00013.jpg,
/Users/tontran/Library/CloudStorage/OneDrive-VisualDefenceInc/Projects/road_object_shared/raw_frames/nighttime/20250727004408_057489A/frame_00014.jpg,
/Users/tontran/Library/CloudStorage/OneDrive-VisualDefenceInc/Projects/road_object_shared/raw_frames/nighttime/20250727004408_057489A/frame_00015.jpg,
/Users/tontran/Library/CloudStorage/OneDrive-VisualDefenceInc/Projects/road_object_shared/raw_frames/nighttime/20250727004408_057489A/frame_00016.jpg,
/Users/tontran/Library/CloudStorage/OneDrive-VisualDefenceInc/Projects/road_object_shared/raw_frames/nighttime/20250727004408_057489A/frame_00017.jpg,
/Users/tontran/Library/CloudStorage/OneDrive-VisualDefenceInc/Projects/road_object_shared/raw_frames/nighttime/20250727004408_057489A/frame_00018.jpg,
/Users/tontran/Library/CloudStorage/OneDrive-VisualDefenceInc/Projects/road_object_shared/raw_frames/nighttime/20250727004408_057489A/frame_00019.jpg,
/Users/tontran/Library/CloudStorage/OneDrive-VisualDefenceInc/Projects/road_object_shared/raw_frames/nighttime/20250727004408_057489A/frame_00020.jpg,
/Users/tontran/Library/CloudStorage/OneDrive-VisualDefenceInc/Projects/road_object_shared/raw_frames/nighttime/20250727004408_057489A/frame_00021.jpg,
/Users/tontran/Library/CloudStorage/OneDrive-VisualDefenceInc/Projects/road_object_shared/raw_frames/nighttime/20250727004408_057489A/frame_00022.jpg,
/Users/tontran/Library/CloudStorage/OneDrive-VisualDefenceInc/Projects/road_object_shared/raw_frames/nighttime/20250727004408_057489A/frame_00023.jpg,
/Users/tontran/Library/CloudStorage/OneDrive-VisualDefenceInc/Projects/road_object_shared/raw_frames/nighttime/20250727004408_057489A/frame_00024.jpg,
/Users/tontran/Library/CloudStorage/OneDrive-VisualDefenceInc/Projects/road_object_shared/raw_frames/nighttime/20250727004408_057489A/frame_00025.jpg,
/Users/tontran/Library/CloudStorage/OneDrive-VisualDefenceInc/Projects/road_object_shared/raw_frames/nighttime/20250727004408_057489A/frame_00026.jpg,
/Users/tontran/Library/CloudStorage/OneDrive-VisualDefenceInc/Projects/road_object_shared/raw_frames/nighttime/20250727004408_057489A/frame_00027.jpg,
/Users/tontran/Library/CloudStorage/OneDrive-VisualDefenceInc/Projects/road_object_shared/raw_frames/nighttime/20250727004408_057489A/frame_00028.jpg,
/Users/tontran/Library/CloudStorage/OneDrive-VisualDefenceInc/Projects/road_object_shared/raw_frames/nighttime/20250727004408_057489A/frame_00029.jpg,
/Users/tontran/Library/CloudStorage/OneDrive-VisualDefenceInc/Projects/road_object_shared/raw_frames/nighttime/20250727004408_057489A/frame_00030.jpg,
/Users/tontran/Library/CloudStorage/OneDrive-VisualDefenceInc/Projects/road_object_shared/raw_frames/nighttime/20250727004408_057489A/frame_00031.jpg,
/Users/tontran/Library/CloudStorage/OneDrive-VisualDefenceInc/Projects/road_object_shared/raw_frames/nighttime/20250727004408_057489A/frame_00032.jpg,
/Users/tontran/Library/CloudStorage/OneDrive-VisualDefenceInc/Projects/road_object_shared/raw_frames/nighttime/20250727004408_057489A/frame_00033.jpg,
/Users/tontran/Library/CloudStorage/OneDrive-VisualDefenceInc/Projects/road_object_shared/raw_frames/nighttime/20250727004408_057489A/frame_00034.jpg,
/Users/tontran/Library/CloudStorage/OneDrive-VisualDefenceInc/Projects/road_object_shared/raw_frames/nighttime/20250727004408_057489A/frame_00035.jpg,
/Users/tontran/Library/CloudStorage/OneDrive-VisualDefenceInc/Projects/road_object_shared/raw_frames/nighttime/20250727004408_057489A/frame_00036.jpg,
/Users/tontran/Library/CloudStorage/OneDrive-VisualDefenceInc/Projects/road_object_shared/raw_frames/nighttime/20250727004408_057489A/frame_00037.jpg,
/Users/tontran/Library/CloudStorage/OneDrive-VisualDefenceInc/Projects/road_object_shared/raw_frames/nighttime/20250727004408_057489A/frame_00038.jpg,
/Users/tontran/Library/CloudStorage/OneDrive-VisualDefenceInc/Projects/road_object_shared/raw_frames/nighttime/20250727004408_057489A/frame_00039.jpg,
/Users/tontran/Library/CloudStorage/OneDrive-VisualDefenceInc/Projects/road_object_shared/raw_frames/nighttime/20250727004408_057489A/frame_00040.jpg,
/Users/tontran/Library/CloudStorage/OneDrive-VisualDefenceInc/Projects/road_object_shared/raw_frames/nighttime/20250727004408_057489A/frame_00041.jpg,
/Users/tontran/Library/CloudStorage/OneDrive-VisualDefenceInc/Projects/road_object_shared/raw_frames/nighttime/20250727004408_057489A/frame_00042.jpg,
/Users/tontran/Library/CloudStorage/OneDrive-VisualDefenceInc/Projects/road_object_shared/raw_frames/nighttime/20250727004408_057489A/frame_00043.jpg,
/Users/tontran/Library/CloudStorage/OneDrive-VisualDefenceInc/Projects/road_object_shared/raw_frames/nighttime/20250727004408_057489A/frame_00044.jpg,
/Users/tontran/Library/CloudStorage/OneDrive-VisualDefenceInc/Projects/road_object_shared/raw_frames/nighttime/20250727004408_057489A/frame_00045.jpg,
/Users/tontran/Library/CloudStorage/OneDrive-VisualDefenceInc/Projects/road_object_shared/raw_frames/nighttime/20250727004408_057489A/frame_00046.jpg,
/Users/tontran/Library/CloudStorage/OneDrive-VisualDefenceInc/Projects/road_object_shared/raw_frames/nighttime/20250727004408_057489A/frame_00047.jpg,
/Users/tontran/Library/CloudStorage/OneDrive-VisualDefenceInc/Projects/road_object_shared/raw_frames/nighttime/20250727004508_057491A/frame_00000.jpg,
/Users/tontran/Library/CloudStorage/OneDrive-VisualDefenceInc/Projects/road_object_shared/raw_frames/nighttime/20250727004508_057491A/frame_00001.jpg,
/Users/tontran/Library/CloudStorage/OneDrive-VisualDefenceInc/Projects/road_object_shared/raw_frames/nighttime/20250727004508_057491A/frame_00002.jpg,
/Users/tontran/Library/CloudStorage/OneDrive-VisualDefenceInc/Projects/road_object_shared/raw_frames/nighttime/20250727004508_057491A/frame_00003.jpg,
/Users/tontran/Library/CloudStorage/OneDrive-VisualDefenceInc/Projects/road_object_shared/raw_frames/nighttime/20250727004508_057491A/frame_00004.jpg,
/Users/tontran/Library/CloudStorage/OneDrive-VisualDefenceInc/Projects/road_object_shared/raw_frames/nighttime/20250727004508_057491A/frame_00005.jpg,
/Users/tontran/Library/CloudStorage/OneDrive-VisualDefenceInc/Projects/road_object_shared/raw_frames/nighttime/20250727004508_057491A/frame_00006.jpg,
/Users/tontran/Library/CloudStorage/OneDrive-VisualDefenceInc/Projects/road_object_shared/raw_frames/nighttime/20250727004508_057491A/frame_00007.jpg,
/Users/tontran/Library/CloudStorage/OneDrive-VisualDefenceInc/Projects/road_object_shared/raw_frames/nighttime/20250727004508_057491A/frame_00008.jpg,
/Users/tontran/Library/CloudStorage/OneDrive-VisualDefenceInc/Projects/road_object_shared/raw_frames/nighttime/20250727004508_057491A/frame_00009.jpg,
/Users/tontran/Library/CloudStorage/OneDrive-VisualDefenceInc/Projects/road_object_shared/raw_frames/nighttime/20250727004508_057491A/frame_00010.jpg,
/Users/tontran/Library/CloudStorage/OneDrive-VisualDefenceInc/Projects/road_object_shared/raw_frames/nighttime/20250727004508_057491A/frame_00011.jpg,
/Users/tontran/Library/CloudStorage/OneDrive-VisualDefenceInc/Projects/road_object_shared/raw_frames/nighttime/20250727004508_057491A/frame_00012.jpg,
/Users/tontran/Library/CloudStorage/OneDrive-VisualDefenceInc/Projects/road_object_shared/raw_frames/nighttime/20250727004508_057491A/frame_00013.jpg,
/Users/tontran/Library/CloudStorage/OneDrive-VisualDefenceInc/Projects/road_object_shared/raw_frames/nighttime/20250727004508_057491A/frame_00014.jpg,
/Users/tontran/Library/CloudStorage/OneDrive-VisualDefenceInc/Projects/road_object_shared/raw_frames/nighttime/20250727004508_057491A/frame_00015.jpg,
/Users/tontran/Library/CloudStorage/OneDrive-VisualDefenceInc/Projects/road_object_shared/raw_frames/nighttime/20250727004508_057491A/frame_00016.jpg,
/Users/tontran/Library/CloudStorage/OneDrive-VisualDefenceInc/Projects/road_object_shared/raw_frames/nighttime/20250727004508_057491A/frame_00017.jpg,
/Users/tontran/Library/CloudStorage/OneDrive-VisualDefenceInc/Projects/road_object_shared/raw_frames/nighttime/20250727004508_057491A/frame_00018.jpg,
/Users/tontran/Library/CloudStorage/OneDrive-VisualDefenceInc/Projects/road_object_shared/raw_frames/nighttime/20250727004508_057491A/frame_00019.jpg,
/Users/tontran/Library/CloudStorage/OneDrive-VisualDefenceInc/Projects/road_object_shared/raw_frames/nighttime/20250727004508_057491A/frame_00020.jpg,
/Users/tontran/Library/CloudStorage/OneDrive-VisualDefenceInc/Projects/road_object_shared/raw_frames/nighttime/20250727004508_057491A/frame_00021.jpg,
/Users/tontran/Library/CloudStorage/OneDrive-VisualDefenceInc/Projects/road_object_shared/raw_frames/nighttime/20250727004508_057491A/frame_00022.jpg,
/Users/tontran/Library/CloudStorage/OneDrive-VisualDefenceInc/Projects/road_object_shared/raw_frames/nighttime/20250727004508_057491A/frame_00023.jpg,
/Users/tontran/Library/CloudStorage/OneDrive-VisualDefenceInc/Projects/road_object_shared/raw_frames/nighttime/20250727004508_057491A/frame_00024.jpg,
/Users/tontran/Library/CloudStorage/OneDrive-VisualDefenceInc/Projects/road_object_shared/raw_frames/nighttime/20250727004508_057491A/frame_00025.jpg,
/Users/tontran/Library/CloudStorage/OneDrive-VisualDefenceInc/Projects/road_object_shared/raw_frames/nighttime/20250727004508_057491A/frame_00026.jpg,
/Users/tontran/Library/CloudStorage/OneDrive-VisualDefenceInc/Projects/road_object_shared/raw_frames/nighttime/20250727004508_057491A/frame_00027.jpg,
/Users/tontran/Library/CloudStorage/OneDrive-VisualDefenceInc/Projects/road_object_shared/raw_frames/nighttime/20250727004508_057491A/frame_00028.jpg,
/Users/tontran/Library/CloudStorage/OneDrive-VisualDefenceInc/Projects/road_object_shared/raw_frames/nighttime/20250727004508_057491A/frame_00029.jpg,
/Users/tontran/Library/CloudStorage/OneDrive-VisualDefenceInc/Projects/road_object_shared/raw_frames/nighttime/20250727004508_057491A/frame_00030.jpg,
/Users/tontran/Library/CloudStorage/OneDrive-VisualDefenceInc/Projects/road_object_shared/raw_frames/nighttime/20250727004508_057491A/frame_00031.jpg,
/Users/tontran/Library/CloudStorage/OneDrive-VisualDefenceInc/Projects/road_object_shared/raw_frames/nighttime/20250727004508_057491A/frame_00032.jpg,
/Users/tontran/Library/CloudStorage/OneDrive-VisualDefenceInc/Projects/road_object_shared/raw_frames/nighttime/20250727004508_057491A/frame_00033.jpg,
/Users/tontran/Library/CloudStorage/OneDrive-VisualDefenceInc/Projects/road_object_shared/raw_frames/nighttime/20250727004508_057491A/frame_00034.jpg,
/Users/tontran/Library/CloudStorage/OneDrive-VisualDefenceInc/Projects/road_object_shared/raw_frames/nighttime/20250727004508_057491A/frame_00035.jpg,
/Users/tontran/Library/CloudStorage/OneDrive-VisualDefenceInc/Projects/road_object_shared/raw_frames/nighttime/20250727004508_057491A/frame_00036.jpg,
/Users/tontran/Library/CloudStorage/OneDrive-VisualDefenceInc/Projects/road_object_shared/raw_frames/nighttime/20250727004508_057491A/frame_00037.jpg,
/Users/tontran/Library/CloudStorage/OneDrive-VisualDefenceInc/Projects/road_object_shared/raw_frames/nighttime/20250727004508_057491A/frame_00038.jpg,
/Users/tontran/Library/CloudStorage/OneDrive-VisualDefenceInc/Projects/road_object_shared/raw_frames/nighttime/20250727004508_057491A/frame_00039.jpg,
/Users/tontran/Library/CloudStorage/OneDrive-VisualDefenceInc/Projects/road_object_shared/raw_frames/nighttime/20250727004508_057491A/frame_00040.jpg,
/Users/tontran/Library/CloudStorage/OneDrive-VisualDefenceInc/Projects/road_object_shared/raw_frames/nighttime/20250727004508_057491A/frame_00041.jpg,
/Users/tontran/Library/CloudStorage/OneDrive-VisualDefenceInc/Projects/road_object_shared/raw_frames/nighttime/20250727004508_057491A/frame_00042.jpg,
/Users/tontran/Library/CloudStorage/OneDrive-VisualDefenceInc/Projects/road_object_shared/raw_frames/nighttime/20250727004508_057491A/frame_00043.jpg,
/Users/tontran/Library/CloudStorage/OneDrive-VisualDefenceInc/Projects/road_object_shared/raw_frames/nighttime/20250727004508_057491A/frame_00044.jpg,
/Users/tontran/Library/CloudStorage/OneDrive-VisualDefenceInc/Projects/road_object_shared/raw_frames/nighttime/20250727004508_057491A/frame_00045.jpg,
/Users/tontran/Library/CloudStorage/OneDrive-VisualDefenceInc/Projects/road_object_shared/raw_frames/nighttime/20250727004508_057491A/frame_00046.jpg,
/Users/tontran/Library/CloudStorage/OneDrive-VisualDefenceInc/Projects/road_object_shared/raw_frames/nighttime/20250727004508_057491A/frame_00047.jpg,
/Users/tontran/Library/CloudStorage/OneDrive-VisualDefenceInc/Projects/road_object_shared/raw_frames/nighttime/20250727004608_057493A/frame_00000.jpg,
/Users/tontran/Library/CloudStorage/OneDrive-VisualDefenceInc/Projects/road_object_shared/raw_frames/nighttime/20250727004608_057493A/frame_00001.jpg,
/Users/tontran/Library/CloudStorage/OneDrive-VisualDefenceInc/Projects/road_object_shared/raw_frames/nighttime/20250727004608_057493A/frame_00002.jpg,
/Users/tontran/Library/CloudStorage/OneDrive-VisualDefenceInc/Projects/road_object_shared/raw_frames/nighttime/20250727004608_057493A/frame_00003.jpg,
/Users/tontran/Library/CloudStorage/OneDrive-VisualDefenceInc/Projects/road_object_shared/raw_frames/nighttime/20250727004608_057493A/frame_00004.jpg,
/Users/tontran/Library/CloudStorage/OneDrive-VisualDefenceInc/Projects/road_object_shared/raw_frames/nighttime/20250727004608_057493A/frame_00005.jpg,
/Users/tontran/Library/CloudStorage/OneDrive-VisualDefenceInc/Projects/road_object_shared/raw_frames/nighttime/20250727004608_057493A/frame_00006.jpg,
/Users/tontran/Library/CloudStorage/OneDrive-VisualDefenceInc/Projects/road_object_shared/raw_frames/nighttime/20250727004608_057493A/frame_00007.jpg,
/Users/tontran/Library/CloudStorage/OneDrive-VisualDefenceInc/Projects/road_object_shared/raw_frames/nighttime/20250727004608_057493A/frame_00008.jpg,
/Users/tontran/Library/CloudStorage/OneDrive-VisualDefenceInc/Projects/road_object_shared/raw_frames/nighttime/20250727004608_057493A/frame_00009.jpg,
/Users/tontran/Library/CloudStorage/OneDrive-VisualDefenceInc/Projects/road_object_shared/raw_frames/nighttime/20250727004608_057493A/frame_00010.jpg,
/Users/tontran/Library/CloudStorage/OneDrive-VisualDefenceInc/Projects/road_object_shared/raw_frames/nighttime/20250727004608_057493A/frame_00011.jpg,
/Users/tontran/Library/CloudStorage/OneDrive-VisualDefenceInc/Projects/road_object_shared/raw_frames/nighttime/20250727004608_057493A/frame_00012.jpg,
/Users/tontran/Library/CloudStorage/OneDrive-VisualDefenceInc/Projects/road_object_shared/raw_frames/nighttime/20250727004608_057493A/frame_00013.jpg,
/Users/tontran/Library/CloudStorage/OneDrive-VisualDefenceInc/Projects/road_object_shared/raw_frames/nighttime/20250727004608_057493A/frame_00014.jpg,
/Users/tontran/Library/CloudStorage/OneDrive-VisualDefenceInc/Projects/road_object_shared/raw_frames/nighttime/20250727004608_057493A/frame_00015.jpg,
/Users/tontran/Library/CloudStorage/OneDrive-VisualDefenceInc/Projects/road_object_shared/raw_frames/nighttime/20250727004608_057493A/frame_00016.jpg,
/Users/tontran/Library/CloudStorage/OneDrive-VisualDefenceInc/Projects/road_object_shared/raw_frames/nighttime/20250727004608_057493A/frame_00017.jpg,
/Users/tontran/Library/CloudStorage/OneDrive-VisualDefenceInc/Projects/road_object_shared/raw_frames/nighttime/20250727004608_057493A/frame_00018.jpg,
/Users/tontran/Library/CloudStorage/OneDrive-VisualDefenceInc/Projects/road_object_shared/raw_frames/nighttime/20250727004608_057493A/frame_00019.jpg,
/Users/tontran/Library/CloudStorage/OneDrive-VisualDefenceInc/Projects/road_object_shared/raw_frames/nighttime/20250727004608_057493A/frame_00020.jpg,
/Users/tontran/Library/CloudStorage/OneDrive-VisualDefenceInc/Projects/road_object_shared/raw_frames/nighttime/20250727004608_057493A/frame_00021.jpg,
/Users/tontran/Library/CloudStorage/OneDrive-VisualDefenceInc/Projects/road_object_shared/raw_frames/nighttime/20250727004608_057493A/frame_00022.jpg,
/Users/tontran/Library/CloudStorage/OneDrive-VisualDefenceInc/Projects/road_object_shared/raw_frames/nighttime/20250727004608_057493A/frame_00023.jpg,
/Users/tontran/Library/CloudStorage/OneDrive-VisualDefenceInc/Projects/road_object_shared/raw_frames/nighttime/20250727004608_057493A/frame_00024.jpg,
/Users/tontran/Library/CloudStorage/OneDrive-VisualDefenceInc/Projects/road_object_shared/raw_frames/nighttime/20250727004608_057493A/frame_00025.jpg,
/Users/tontran/Library/CloudStorage/OneDrive-VisualDefenceInc/Projects/road_object_shared/raw_frames/nighttime/20250727004608_057493A/frame_00026.jpg,
/Users/tontran/Library/CloudStorage/OneDrive-VisualDefenceInc/Projects/road_object_shared/raw_frames/nighttime/20250727004608_057493A/frame_00027.jpg,
/Users/tontran/Library/CloudStorage/OneDrive-VisualDefenceInc/Projects/road_object_shared/raw_frames/nighttime/20250727004608_057493A/frame_00028.jpg,
/Users/tontran/Library/CloudStorage/OneDrive-VisualDefenceInc/Projects/road_object_shared/raw_frames/nighttime/20250727004608_057493A/frame_00029.jpg,
/Users/tontran/Library/CloudStorage/OneDrive-VisualDefenceInc/Projects/road_object_shared/raw_frames/nighttime/20250727004608_057493A/frame_00030.jpg,
/Users/tontran/Library/CloudStorage/OneDrive-VisualDefenceInc/Projects/road_object_shared/raw_frames/nighttime/20250727004608_057493A/frame_00031.jpg,
/Users/tontran/Library/CloudStorage/OneDrive-VisualDefenceInc/Projects/road_object_shared/raw_frames/nighttime/20250727004608_057493A/frame_00032.jpg,
/Users/tontran/Library/CloudStorage/OneDrive-VisualDefenceInc/Projects/road_object_shared/raw_frames/nighttime/20250727004608_057493A/frame_00033.jpg,
/Users/tontran/Library/CloudStorage/OneDrive-VisualDefenceInc/Projects/road_object_shared/raw_frames/nighttime/20250727004608_057493A/frame_00034.jpg,
/Users/tontran/Library/CloudStorage/OneDrive-VisualDefenceInc/Projects/road_object_shared/raw_frames/nighttime/20250727004608_057493A/frame_00035.jpg,
/Users/tontran/Library/CloudStorage/OneDrive-VisualDefenceInc/Projects/road_object_shared/raw_frames/nighttime/20250727004608_057493A/frame_00036.jpg,
/Users/tontran/Library/CloudStorage/OneDrive-VisualDefenceInc/Projects/road_object_shared/raw_frames/nighttime/20250727004608_057493A/frame_00037.jpg,
/Users/tontran/Library/CloudStorage/OneDrive-VisualDefenceInc/Projects/road_object_shared/raw_frames/nighttime/20250727004608_057493A/frame_00038.jpg,
/Users/tontran/Library/CloudStorage/OneDrive-VisualDefenceInc/Projects/road_object_shared/raw_frames/nighttime/20250727004608_057493A/frame_00039.jpg,
/Users/tontran/Library/CloudStorage/OneDrive-VisualDefenceInc/Projects/road_object_shared/raw_frames/nighttime/20250727004608_057493A/frame_00040.jpg,
/Users/tontran/Library/CloudStorage/OneDrive-VisualDefenceInc/Projects/road_object_shared/raw_frames/nighttime/20250727004608_057493A/frame_00041.jpg,
/Users/tontran/Library/CloudStorage/OneDrive-VisualDefenceInc/Projects/road_object_shared/raw_frames/nighttime/20250727004608_057493A/frame_00042.jpg,
/Users/tontran/Library/CloudStorage/OneDrive-VisualDefenceInc/Projects/road_object_shared/raw_frames/nighttime/20250727004608_057493A/frame_00043.jpg,
/Users/tontran/Library/CloudStorage/OneDrive-VisualDefenceInc/Projects/road_object_shared/raw_frames/nighttime/20250727004608_057493A/frame_00044.jpg,
/Users/tontran/Library/CloudStorage/OneDrive-VisualDefenceInc/Projects/road_object_shared/raw_frames/nighttime/20250727004608_057493A/frame_00045.jpg,
/Users/tontran/Library/CloudStorage/OneDrive-VisualDefenceInc/Projects/road_object_shared/raw_frames/nighttime/20250727004608_057493A/frame_00046.jpg,
/Users/tontran/Library/CloudStorage/OneDrive-VisualDefenceInc/Projects/road_object_shared/raw_frames/nighttime/20250727004608_057493A/frame_00047.jpg,
/Users/tontran/Library/CloudStorage/OneDrive-VisualDefenceInc/Projects/road_object_shared/raw_frames/nighttime/20250727004708_057495A/frame_00000.jpg,
/Users/tontran/Library/CloudStorage/OneDrive-VisualDefenceInc/Projects/road_object_shared/raw_frames/nighttime/20250727004708_057495A/frame_00001.jpg,
/Users/tontran/Library/CloudStorage/OneDrive-VisualDefenceInc/Projects/road_object_shared/raw_frames/nighttime/20250727004708_057495A/frame_00002.jpg,
/Users/tontran/Library/CloudStorage/OneDrive-VisualDefenceInc/Projects/road_object_shared/raw_frames/nighttime/20250727004708_057495A/frame_00003.jpg,
/Users/tontran/Library/CloudStorage/OneDrive-VisualDefenceInc/Projects/road_object_shared/raw_frames/nighttime/20250727004708_057495A/frame_00004.jpg,
/Users/tontran/Library/CloudStorage/OneDrive-VisualDefenceInc/Projects/road_object_shared/raw_frames/nighttime/20250727004708_057495A/frame_00005.jpg,
/Users/tontran/Library/CloudStorage/OneDrive-VisualDefenceInc/Projects/road_object_shared/raw_frames/nighttime/20250727004708_057495A/frame_00006.jpg,
/Users/tontran/Library/CloudStorage/OneDrive-VisualDefenceInc/Projects/road_object_shared/raw_frames/nighttime/20250727004708_057495A/frame_00007.jpg,
/Users/tontran/Library/CloudStorage/OneDrive-VisualDefenceInc/Projects/road_object_shared/raw_frames/nighttime/20250727004708_057495A/frame_00008.jpg,
/Users/tontran/Library/CloudStorage/OneDrive-VisualDefenceInc/Projects/road_object_shared/raw_frames/nighttime/20250727004708_057495A/frame_00009.jpg,
/Users/tontran/Library/CloudStorage/OneDrive-VisualDefenceInc/Projects/road_object_shared/raw_frames/nighttime/20250727004708_057495A/frame_00010.jpg,
/Users/tontran/Library/CloudStorage/OneDrive-VisualDefenceInc/Projects/road_object_shared/raw_frames/nighttime/20250727004708_057495A/frame_00011.jpg,
/Users/tontran/Library/CloudStorage/OneDrive-VisualDefenceInc/Projects/road_object_shared/raw_frames/nighttime/20250727004708_057495A/frame_00012.jpg,
/Users/tontran/Library/CloudStorage/OneDrive-VisualDefenceInc/Projects/road_object_shared/raw_frames/nighttime/20250727004708_057495A/frame_00013.jpg,
/Users/tontran/Library/CloudStorage/OneDrive-VisualDefenceInc/Projects/road_object_shared/raw_frames/nighttime/20250727004708_057495A/frame_00014.jpg,
/Users/tontran/Library/CloudStorage/OneDrive-VisualDefenceInc/Projects/road_object_shared/raw_frames/nighttime/20250727004708_057495A/frame_00015.jpg,
/Users/tontran/Library/CloudStorage/OneDrive-VisualDefenceInc/Projects/road_object_shared/raw_frames/nighttime/20250727004708_057495A/frame_00016.jpg,
/Users/tontran/Library/CloudStorage/OneDrive-VisualDefenceInc/Projects/road_object_shared/raw_frames/nighttime/20250727004708_057495A/frame_00017.jpg,
/Users/tontran/Library/CloudStorage/OneDrive-VisualDefenceInc/Projects/road_object_shared/raw_frames/nighttime/20250727004708_057495A/frame_00018.jpg,
/Users/tontran/Library/CloudStorage/OneDrive-VisualDefenceInc/Projects/road_object_shared/raw_frames/nighttime/20250727004708_057495A/frame_00019.jpg,
/Users/tontran/Library/CloudStorage/OneDrive-VisualDefenceInc/Projects/road_object_shared/raw_frames/nighttime/20250727004708_057495A/frame_00020.jpg,
/Users/tontran/Library/CloudStorage/OneDrive-VisualDefenceInc/Projects/road_object_shared/raw_frames/nighttime/20250727004708_057495A/frame_00021.jpg,
/Users/tontran/Library/CloudStorage/OneDrive-VisualDefenceInc/Projects/road_object_shared/raw_frames/nighttime/20250727004708_057495A/frame_00022.jpg,
/Users/tontran/Library/CloudStorage/OneDrive-VisualDefenceInc/Projects/road_object_shared/raw_frames/nighttime/20250727004708_057495A/frame_00023.jpg,
/Users/tontran/Library/CloudStorage/OneDrive-VisualDefenceInc/Projects/road_object_shared/raw_frames/nighttime/20250727004708_057495A/frame_00024.jpg,
/Users/tontran/Library/CloudStorage/OneDrive-VisualDefenceInc/Projects/road_object_shared/raw_frames/nighttime/20250727004708_057495A/frame_00025.jpg,
/Users/tontran/Library/CloudStorage/OneDrive-VisualDefenceInc/Projects/road_object_shared/raw_frames/nighttime/20250727004708_057495A/frame_00026.jpg,
/Users/tontran/Library/CloudStorage/OneDrive-VisualDefenceInc/Projects/road_object_shared/raw_frames/nighttime/20250727004708_057495A/frame_00027.jpg,
/Users/tontran/Library/CloudStorage/OneDrive-VisualDefenceInc/Projects/road_object_shared/raw_frames/nighttime/20250727004708_057495A/frame_00028.jpg,
/Users/tontran/Library/CloudStorage/OneDrive-VisualDefenceInc/Projects/road_object_shared/raw_frames/nighttime/20250727004708_057495A/frame_00029.jpg,
/Users/tontran/Library/CloudStorage/OneDrive-VisualDefenceInc/Projects/road_object_shared/raw_frames/nighttime/20250727004708_057495A/frame_00030.jpg,
/Users/tontran/Library/CloudStorage/OneDrive-VisualDefenceInc/Projects/road_object_shared/raw_frames/nighttime/20250727004708_057495A/frame_00031.jpg,
/Users/tontran/Library/CloudStorage/OneDrive-VisualDefenceInc/Projects/road_object_shared/raw_frames/nighttime/20250727004708_057495A/frame_00032.jpg,
/Users/tontran/Library/CloudStorage/OneDrive-VisualDefenceInc/Projects/road_object_shared/raw_frames/nighttime/20250727004708_057495A/frame_00033.jpg,
/Users/tontran/Library/CloudStorage/OneDrive-VisualDefenceInc/Projects/road_object_shared/raw_frames/nighttime/20250727004708_057495A/frame_00034.jpg,
/Users/tontran/Library/CloudStorage/OneDrive-VisualDefenceInc/Projects/road_object_shared/raw_frames/nighttime/20250727004708_057495A/frame_00035.jpg,
/Users/tontran/Library/CloudStorage/OneDrive-VisualDefenceInc/Projects/road_object_shared/raw_frames/nighttime/20250727004708_057495A/frame_00036.jpg,
/Users/tontran/Library/CloudStorage/OneDrive-VisualDefenceInc/Projects/road_object_shared/raw_frames/nighttime/20250727004708_057495A/frame_00037.jpg,
/Users/tontran/Library/CloudStorage/OneDrive-VisualDefenceInc/Projects/road_object_shared/raw_frames/nighttime/20250727004708_057495A/frame_00038.jpg,
/Users/tontran/Library/CloudStorage/OneDrive-VisualDefenceInc/Projects/road_object_shared/raw_frames/nighttime/20250727004708_057495A/frame_00039.jpg,
/Users/tontran/Library/CloudStorage/OneDrive-VisualDefenceInc/Projects/road_object_shared/raw_frames/nighttime/20250727004708_057495A/frame_00040.jpg,
/Users/tontran/Library/CloudStorage/OneDrive-VisualDefenceInc/Projects/road_object_shared/raw_frames/nighttime/20250727004708_057495A/frame_00041.jpg,
/Users/tontran/Library/CloudStorage/OneDrive-VisualDefenceInc/Projects/road_object_shared/raw_frames/nighttime/20250727004708_057495A/frame_00042.jpg,
/Users/tontran/Library/CloudStorage/OneDrive-VisualDefenceInc/Projects/road_object_shared/raw_frames/nighttime/20250727004708_057495A/frame_00043.jpg,
/Users/tontran/Library/CloudStorage/OneDrive-VisualDefenceInc/Projects/road_object_shared/raw_frames/nighttime/20250727004708_057495A/frame_00044.jpg,
/Users/tontran/Library/CloudStorage/OneDrive-VisualDefenceInc/Projects/road_object_shared/raw_frames/nighttime/20250727004708_057495A/frame_00045.jpg,
/Users/tontran/Library/CloudStorage/OneDrive-VisualDefenceInc/Projects/road_object_shared/raw_frames/nighttime/20250727004708_057495A/frame_00046.jpg,
/Users/tontran/Library/CloudStorage/OneDrive-VisualDefenceInc/Projects/road_object_shared/raw_frames/nighttime/20250727004708_057495A/frame_00047.jpg,
/Users/tontran/Library/CloudStorage/OneDrive-VisualDefenceInc/Projects/road_object_shared/raw_frames/nighttime/20250727004808_057497A/frame_00000.jpg,
/Users/tontran/Library/CloudStorage/OneDrive-VisualDefenceInc/Projects/road_object_shared/raw_frames/nighttime/20250727004808_057497A/frame_00001.jpg,
/Users/tontran/Library/CloudStorage/OneDrive-VisualDefenceInc/Projects/road_object_shared/raw_frames/nighttime/20250727004808_057497A/frame_00002.jpg,
/Users/tontran/Library/CloudStorage/OneDrive-VisualDefenceInc/Projects/road_object_shared/raw_frames/nighttime/20250727004808_057497A/frame_00003.jpg,
/Users/tontran/Library/CloudStorage/OneDrive-VisualDefenceInc/Projects/road_object_shared/raw_frames/nighttime/20250727004808_057497A/frame_00004.jpg,
/Users/tontran/Library/CloudStorage/OneDrive-VisualDefenceInc/Projects/road_object_shared/raw_frames/nighttime/20250727004808_057497A/frame_00005.jpg,
/Users/tontran/Library/CloudStorage/OneDrive-VisualDefenceInc/Projects/road_object_shared/raw_frames/nighttime/20250727004808_057497A/frame_00006.jpg,
/Users/tontran/Library/CloudStorage/OneDrive-VisualDefenceInc/Projects/road_object_shared/raw_frames/nighttime/20250727004808_057497A/frame_00007.jpg,
/Users/tontran/Library/CloudStorage/OneDrive-VisualDefenceInc/Projects/road_object_shared/raw_frames/nighttime/20250727004808_057497A/frame_00008.jpg,
/Users/tontran/Library/CloudStorage/OneDrive-VisualDefenceInc/Projects/road_object_shared/raw_frames/nighttime/20250727004808_057497A/frame_00009.jpg,
/Users/tontran/Library/CloudStorage/OneDrive-VisualDefenceInc/Projects/road_object_shared/raw_frames/nighttime/20250727004808_057497A/frame_00010.jpg,
/Users/tontran/Library/CloudStorage/OneDrive-VisualDefenceInc/Projects/road_object_shared/raw_frames/nighttime/20250727004808_057497A/frame_00011.jpg,
/Users/tontran/Library/CloudStorage/OneDrive-VisualDefenceInc/Projects/road_object_shared/raw_frames/nighttime/20250727004808_057497A/frame_00012.jpg,car
/Users/tontran/Library/CloudStorage/OneDrive-VisualDefenceInc/Projects/road_object_shared/raw_frames/nighttime/20250727004808_057497A/frame_00013.jpg,
/Users/tontran/Library/CloudStorage/OneDrive-VisualDefenceInc/Projects/road_object_shared/raw_frames/nighttime/20250727004808_057497A/frame_00014.jpg,
/Users/tontran/Library/CloudStorage/OneDrive-VisualDefenceInc/Projects/road_object_shared/raw_frames/nighttime/20250727004808_057497A/frame_00015.jpg,
/Users/tontran/Library/CloudStorage/OneDrive-VisualDefenceInc/Projects/road_object_shared/raw_frames/nighttime/20250727004808_057497A/frame_00016.jpg,
/Users/tontran/Library/CloudStorage/OneDrive-VisualDefenceInc/Projects/road_object_shared/raw_frames/nighttime/20250727004808_057497A/frame_00017.jpg,
/Users/tontran/Library/CloudStorage/OneDrive-VisualDefenceInc/Projects/road_object_shared/raw_frames/nighttime/20250727004808_057497A/frame_00018.jpg,
/Users/tontran/Library/CloudStorage/OneDrive-VisualDefenceInc/Projects/road_object_shared/raw_frames/nighttime/20250727004808_057497A/frame_00019.jpg,
/Users/tontran/Library/CloudStorage/OneDrive-VisualDefenceInc/Projects/road_object_shared/raw_frames/nighttime/20250727004808_057497A/frame_00020.jpg,
/Users/tontran/Library/CloudStorage/OneDrive-VisualDefenceInc/Projects/road_object_shared/raw_frames/nighttime/20250727004808_057497A/frame_00021.jpg,
/Users/tontran/Library/CloudStorage/OneDrive-VisualDefenceInc/Projects/road_object_shared/raw_frames/nighttime/20250727004808_057497A/frame_00022.jpg,
/Users/tontran/Library/CloudStorage/OneDrive-VisualDefenceInc/Projects/road_object_shared/raw_frames/nighttime/20250727004808_057497A/frame_00023.jpg,
/Users/tontran/Library/CloudStorage/OneDrive-VisualDefenceInc/Projects/road_object_shared/raw_frames/nighttime/20250727004808_057497A/frame_00024.jpg,
/Users/tontran/Library/CloudStorage/OneDrive-VisualDefenceInc/Projects/road_object_shared/raw_frames/nighttime/20250727004808_057497A/frame_00025.jpg,
/Users/tontran/Library/CloudStorage/OneDrive-VisualDefenceInc/Projects/road_object_shared/raw_frames/nighttime/20250727004808_057497A/frame_00026.jpg,
/Users/tontran/Library/CloudStorage/OneDrive-VisualDefenceInc/Projects/road_object_shared/raw_frames/nighttime/20250727004808_057497A/frame_00027.jpg,
/Users/tontran/Library/CloudStorage/OneDrive-VisualDefenceInc/Projects/road_object_shared/raw_frames/nighttime/20250727004808_057497A/frame_00028.jpg,
/Users/tontran/Library/CloudStorage/OneDrive-VisualDefenceInc/Projects/road_object_shared/raw_frames/nighttime/20250727004808_057497A/frame_00029.jpg,
/Users/tontran/Library/CloudStorage/OneDrive-VisualDefenceInc/Projects/road_object_shared/raw_frames/nighttime/20250727004808_057497A/frame_00030.jpg,
/Users/tontran/Library/CloudStorage/OneDrive-VisualDefenceInc/Projects/road_object_shared/raw_frames/nighttime/20250727004808_057497A/frame_00031.jpg,
/Users/tontran/Library/CloudStorage/OneDrive-VisualDefenceInc/Projects/road_object_shared/raw_frames/nighttime/20250727004808_057497A/frame_00032.jpg,
/Users/tontran/Library/CloudStorage/OneDrive-VisualDefenceInc/Projects/road_object_shared/raw_frames/nighttime/20250727004808_057497A/frame_00033.jpg,car
/Users/tontran/Library/CloudStorage/OneDrive-VisualDefenceInc/Projects/road_object_shared/raw_frames/nighttime/20250727004808_057497A/frame_00034.jpg,car
/Users/tontran/Library/CloudStorage/OneDrive-VisualDefenceInc/Projects/road_object_shared/raw_frames/nighttime/20250727004808_057497A/frame_00035.jpg,
/Users/tontran/Library/CloudStorage/OneDrive-VisualDefenceInc/Projects/road_object_shared/raw_frames/nighttime/20250727004808_057497A/frame_00036.jpg,
/Users/tontran/Library/CloudStorage/OneDrive-VisualDefenceInc/Projects/road_object_shared/raw_frames/nighttime/20250727004808_057497A/frame_00037.jpg,
/Users/tontran/Library/CloudStorage/OneDrive-VisualDefenceInc/Projects/road_object_shared/raw_frames/nighttime/20250727004808_057497A/frame_00038.jpg,
/Users/tontran/Library/CloudStorage/OneDrive-VisualDefenceInc/Projects/road_object_shared/raw_frames/nighttime/20250727004808_057497A/frame_00039.jpg,
/Users/tontran/Library/CloudStorage/OneDrive-VisualDefenceInc/Projects/road_object_shared/raw_frames/nighttime/20250727004808_057497A/frame_00040.jpg,
/Users/tontran/Library/CloudStorage/OneDrive-VisualDefenceInc/Projects/road_object_shared/raw_frames/nighttime/20250727004808_057497A/frame_00041.jpg,
/Users/tontran/Library/CloudStorage/OneDrive-VisualDefenceInc/Projects/road_object_shared/raw_frames/nighttime/20250727004808_057497A/frame_00042.jpg,
/Users/tontran/Library/CloudStorage/OneDrive-VisualDefenceInc/Projects/road_object_shared/raw_frames/nighttime/20250727004808_057497A/frame_00043.jpg,
/Users/tontran/Library/CloudStorage/OneDrive-VisualDefenceInc/Projects/road_object_shared/raw_frames/nighttime/20250727004808_057497A/frame_00044.jpg,
/Users/tontran/Library/CloudStorage/OneDrive-VisualDefenceInc/Projects/road_object_shared/raw_frames/nighttime/20250727004808_057497A/frame_00045.jpg,
/Users/tontran/Library/CloudStorage/OneDrive-VisualDefenceInc/Projects/road_object_shared/raw_frames/nighttime/20250727004808_057497A/frame_00046.jpg,
/Users/tontran/Library/CloudStorage/OneDrive-VisualDefenceInc/Projects/road_object_shared/raw_frames/nighttime/20250727200818_057635A/frame_00000.jpg,car
/Users/tontran/Library/CloudStorage/OneDrive-VisualDefenceInc/Projects/road_object_shared/raw_frames/nighttime/20250727200818_057635A/frame_00001.jpg,car
/Users/tontran/Library/CloudStorage/OneDrive-VisualDefenceInc/Projects/road_object_shared/raw_frames/nighttime/20250727200818_057635A/frame_00002.jpg,car
/Users/tontran/Library/CloudStorage/OneDrive-VisualDefenceInc/Projects/road_object_shared/raw_frames/nighttime/20250727200818_057635A/frame_00003.jpg,car
/Users/tontran/Library/CloudStorage/OneDrive-VisualDefenceInc/Projects/road_object_shared/raw_frames/nighttime/20250727200818_057635A/frame_00004.jpg,
/Users/tontran/Library/CloudStorage/OneDrive-VisualDefenceInc/Projects/road_object_shared/raw_frames/nighttime/20250727200818_057635A/frame_00005.jpg,truck
/Users/tontran/Library/CloudStorage/OneDrive-VisualDefenceInc/Projects/road_object_shared/raw_frames/nighttime/20250727200818_057635A/frame_00006.jpg,truck
/Users/tontran/Library/CloudStorage/OneDrive-VisualDefenceInc/Projects/road_object_shared/raw_frames/nighttime/20250727200818_057635A/frame_00007.jpg,truck
/Users/tontran/Library/CloudStorage/OneDrive-VisualDefenceInc/Projects/road_object_shared/raw_frames/nighttime/20250727200818_057635A/frame_00008.jpg,truck
/Users/tontran/Library/CloudStorage/OneDrive-VisualDefenceInc/Projects/road_object_shared/raw_frames/nighttime/20250727200818_057635A/frame_00009.jpg,truck
/Users/tontran/Library/CloudStorage/OneDrive-VisualDefenceInc/Projects/road_object_shared/raw_frames/nighttime/20250727200818_057635A/frame_00010.jpg,
/Users/tontran/Library/CloudStorage/OneDrive-VisualDefenceInc/Projects/road_object_shared/raw_frames/nighttime/20250727200818_057635A/frame_00011.jpg,
/Users/tontran/Library/CloudStorage/OneDrive-VisualDefenceInc/Projects/road_object_shared/raw_frames/nighttime/20250727200818_057635A/frame_00012.jpg,
/Users/tontran/Library/CloudStorage/OneDrive-VisualDefenceInc/Projects/road_object_shared/raw_frames/nighttime/20250727200818_057635A/frame_00013.jpg,
/Users/tontran/Library/CloudStorage/OneDrive-VisualDefenceInc/Projects/road_object_shared/raw_frames/nighttime/20250727200818_057635A/frame_00014.jpg,
/Users/tontran/Library/CloudStorage/OneDrive-VisualDefenceInc/Projects/road_object_shared/raw_frames/nighttime/20250727200818_057635A/frame_00015.jpg,car
/Users/tontran/Library/CloudStorage/OneDrive-VisualDefenceInc/Projects/road_object_shared/raw_frames/nighttime/20250727200818_057635A/frame_00016.jpg,
/Users/tontran/Library/CloudStorage/OneDrive-VisualDefenceInc/Projects/road_object_shared/raw_frames/nighttime/20250727200818_057635A/frame_00017.jpg,car
/Users/tontran/Library/CloudStorage/OneDrive-VisualDefenceInc/Projects/road_object_shared/raw_frames/nighttime/20250727200818_057635A/frame_00018.jpg,
/Users/tontran/Library/CloudStorage/OneDrive-VisualDefenceInc/Projects/road_object_shared/raw_frames/nighttime/20250727200818_057635A/frame_00019.jpg,truck
/Users/tontran/Library/CloudStorage/OneDrive-VisualDefenceInc/Projects/road_object_shared/raw_frames/nighttime/20250727200818_057635A/frame_00020.jpg,truck
/Users/tontran/Library/CloudStorage/OneDrive-VisualDefenceInc/Projects/road_object_shared/raw_frames/nighttime/20250727200818_057635A/frame_00021.jpg,truck
/Users/tontran/Library/CloudStorage/OneDrive-VisualDefenceInc/Projects/road_object_shared/raw_frames/nighttime/20250727200818_057635A/frame_00022.jpg,truck
/Users/tontran/Library/CloudStorage/OneDrive-VisualDefenceInc/Projects/road_object_shared/raw_frames/nighttime/20250727200818_057635A/frame_00023.jpg,truck
/Users/tontran/Library/CloudStorage/OneDrive-VisualDefenceInc/Projects/road_object_shared/raw_frames/nighttime/20250727200818_057635A/frame_00024.jpg,truck
/Users/tontran/Library/CloudStorage/OneDrive-VisualDefenceInc/Projects/road_object_shared/raw_frames/nighttime/20250727200818_057635A/frame_00025.jpg,truck
/Users/tontran/Library/CloudStorage/OneDrive-VisualDefenceInc/Projects/road_object_shared/raw_frames/nighttime/20250727200818_057635A/frame_00026.jpg,truck
/Users/tontran/Library/CloudStorage/OneDrive-VisualDefenceInc/Projects/road_object_shared/raw_frames/nighttime/20250727200818_057635A/frame_00027.jpg,truck
/Users/tontran/Library/CloudStorage/OneDrive-VisualDefenceInc/Projects/road_object_shared/raw_frames/nighttime/20250727200818_057635A/frame_00028.jpg,truck
/Users/tontran/Library/CloudStorage/OneDrive-VisualDefenceInc/Projects/road_object_shared/raw_frames/nighttime/20250727200818_057635A/frame_00029.jpg,truck
/Users/tontran/Library/CloudStorage/OneDrive-VisualDefenceInc/Projects/road_object_shared/raw_frames/nighttime/20250727200818_057635A/frame_00030.jpg,truck
/Users/tontran/Library/CloudStorage/OneDrive-VisualDefenceInc/Projects/road_object_shared/raw_frames/nighttime/20250727200818_057635A/frame_00031.jpg,truck
/Users/tontran/Library/CloudStorage/OneDrive-VisualDefenceInc/Projects/road_object_shared/raw_frames/nighttime/20250727200818_057635A/frame_00032.jpg,truck
/Users/tontran/Library/CloudStorage/OneDrive-VisualDefenceInc/Projects/road_object_shared/raw_frames/nighttime/20250727200818_057635A/frame_00033.jpg,truck
/Users/tontran/Library/CloudStorage/OneDrive-VisualDefenceInc/Projects/road_object_shared/raw_frames/nighttime/20250727200818_057635A/frame_00034.jpg,truck
/Users/tontran/Library/CloudStorage/OneDrive-VisualDefenceInc/Projects/road_object_shared/raw_frames/nighttime/20250727200818_057635A/frame_00035.jpg,truck
/Users/tontran/Library/CloudStorage/OneDrive-VisualDefenceInc/Projects/road_object_shared/raw_frames/nighttime/20250727200818_057635A/frame_00036.jpg,
/Users/tontran/Library/CloudStorage/OneDrive-VisualDefenceInc/Projects/road_object_shared/raw_frames/nighttime/20250727200818_057635A/frame_00037.jpg,
/Users/tontran/Library/CloudStorage/OneDrive-VisualDefenceInc/Projects/road_object_shared/raw_frames/nighttime/20250727200818_057635A/frame_00038.jpg,
/Users/tontran/Library/CloudStorage/OneDrive-VisualDefenceInc/Projects/road_object_shared/raw_frames/nighttime/20250727200818_057635A/frame_00039.jpg,
/Users/tontran/Library/CloudStorage/OneDrive-VisualDefenceInc/Projects/road_object_shared/raw_frames/nighttime/20250727200818_057635A/frame_00040.jpg,
/Users/tontran/Library/CloudStorage/OneDrive-VisualDefenceInc/Projects/road_object_shared/raw_frames/nighttime/20250727200818_057635A/frame_00041.jpg,
/Users/tontran/Library/CloudStorage/OneDrive-VisualDefenceInc/Projects/road_object_shared/raw_frames/nighttime/20250727200818_057635A/frame_00042.jpg,
/Users/tontran/Library/CloudStorage/OneDrive-VisualDefenceInc/Projects/road_object_shared/raw_frames/nighttime/20250727200818_057635A/frame_00043.jpg,
/Users/tontran/Library/CloudStorage/OneDrive-VisualDefenceInc/Projects/road_object_shared/raw_frames/nighttime/20250727200818_057635A/frame_00044.jpg,
/Users/tontran/Library/CloudStorage/OneDrive-VisualDefenceInc/Projects/road_object_shared/raw_frames/nighttime/20250727200818_057635A/frame_00045.jpg,
/Users/tontran/Library/CloudStorage/OneDrive-VisualDefenceInc/Projects/road_object_shared/raw_frames/nighttime/20250727200818_057635A/frame_00046.jpg,
/Users/tontran/Library/CloudStorage/OneDrive-VisualDefenceInc/Projects/road_object_shared/raw_frames/nighttime/20250727200818_057635A/frame_00047.jpg,
/Users/tontran/Library/CloudStorage/OneDrive-VisualDefenceInc/Projects/road_object_shared/raw_frames/nighttime/20250727200918_057637A/frame_00000.jpg,
/Users/tontran/Library/CloudStorage/OneDrive-VisualDefenceInc/Projects/road_object_shared/raw_frames/nighttime/20250727200918_057637A/frame_00001.jpg,
/Users/tontran/Library/CloudStorage/OneDrive-VisualDefenceInc/Projects/road_object_shared/raw_frames/nighttime/20250727200918_057637A/frame_00002.jpg,
/Users/tontran/Library/CloudStorage/OneDrive-VisualDefenceInc/Projects/road_object_shared/raw_frames/nighttime/20250727200918_057637A/frame_00003.jpg,
/Users/tontran/Library/CloudStorage/OneDrive-VisualDefenceInc/Projects/road_object_shared/raw_frames/nighttime/20250727200918_057637A/frame_00004.jpg,
/Users/tontran/Library/CloudStorage/OneDrive-VisualDefenceInc/Projects/road_object_shared/raw_frames/nighttime/20250727200918_057637A/frame_00005.jpg,
/Users/tontran/Library/CloudStorage/OneDrive-VisualDefenceInc/Projects/road_object_shared/raw_frames/nighttime/20250727200918_057637A/frame_00006.jpg,
/Users/tontran/Library/CloudStorage/OneDrive-VisualDefenceInc/Projects/road_object_shared/raw_frames/nighttime/20250727200918_057637A/frame_00007.jpg,
/Users/tontran/Library/CloudStorage/OneDrive-VisualDefenceInc/Projects/road_object_shared/raw_frames/nighttime/20250727200918_057637A/frame_00008.jpg,
/Users/tontran/Library/CloudStorage/OneDrive-VisualDefenceInc/Projects/road_object_shared/raw_frames/nighttime/20250727200918_057637A/frame_00009.jpg,
/Users/tontran/Library/CloudStorage/OneDrive-VisualDefenceInc/Projects/road_object_shared/raw_frames/nighttime/20250727200918_057637A/frame_00010.jpg,
/Users/tontran/Library/CloudStorage/OneDrive-VisualDefenceInc/Projects/road_object_shared/raw_frames/nighttime/20250727200918_057637A/frame_00011.jpg,
/Users/tontran/Library/CloudStorage/OneDrive-VisualDefenceInc/Projects/road_object_shared/raw_frames/nighttime/20250727200918_057637A/frame_00012.jpg,truck
/Users/tontran/Library/CloudStorage/OneDrive-VisualDefenceInc/Projects/road_object_shared/raw_frames/nighttime/20250727200918_057637A/frame_00013.jpg,truck
/Users/tontran/Library/CloudStorage/OneDrive-VisualDefenceInc/Projects/road_object_shared/raw_frames/nighttime/20250727200918_057637A/frame_00014.jpg,truck
/Users/tontran/Library/CloudStorage/OneDrive-VisualDefenceInc/Projects/road_object_shared/raw_frames/nighttime/20250727200918_057637A/frame_00015.jpg,truck
/Users/tontran/Library/CloudStorage/OneDrive-VisualDefenceInc/Projects/road_object_shared/raw_frames/nighttime/20250727200918_057637A/frame_00016.jpg,truck
/Users/tontran/Library/CloudStorage/OneDrive-VisualDefenceInc/Projects/road_object_shared/raw_frames/nighttime/20250727200918_057637A/frame_00017.jpg,truck
/Users/tontran/Library/CloudStorage/OneDrive-VisualDefenceInc/Projects/road_object_shared/raw_frames/nighttime/20250727200918_057637A/frame_00018.jpg,truck
/Users/tontran/Library/CloudStorage/OneDrive-VisualDefenceInc/Projects/road_object_shared/raw_frames/nighttime/20250727200918_057637A/frame_00019.jpg,truck
/Users/tontran/Library/CloudStorage/OneDrive-VisualDefenceInc/Projects/road_object_shared/raw_frames/nighttime/20250727200918_057637A/frame_00020.jpg,truck
/Users/tontran/Library/CloudStorage/OneDrive-VisualDefenceInc/Projects/road_object_shared/raw_frames/nighttime/20250727200918_057637A/frame_00021.jpg,truck
/Users/tontran/Library/CloudStorage/OneDrive-VisualDefenceInc/Projects/road_object_shared/raw_frames/nighttime/20250727200918_057637A/frame_00022.jpg,truck
/Users/tontran/Library/CloudStorage/OneDrive-VisualDefenceInc/Projects/road_object_shared/raw_frames/nighttime/20250727200918_057637A/frame_00023.jpg,truck
/Users/tontran/Library/CloudStorage/OneDrive-VisualDefenceInc/Projects/road_object_shared/raw_frames/nighttime/20250727200918_057637A/frame_00024.jpg,
/Users/tontran/Library/CloudStorage/OneDrive-VisualDefenceInc/Projects/road_object_shared/raw_frames/nighttime/20250727200918_057637A/frame_00025.jpg,car
/Users/tontran/Library/CloudStorage/OneDrive-VisualDefenceInc/Projects/road_object_shared/raw_frames/nighttime/20250727200918_057637A/frame_00026.jpg,car
/Users/tontran/Library/CloudStorage/OneDrive-VisualDefenceInc/Projects/road_object_shared/raw_frames/nighttime/20250727200918_057637A/frame_00027.jpg,car
/Users/tontran/Library/CloudStorage/OneDrive-VisualDefenceInc/Projects/road_object_shared/raw_frames/nighttime/20250727200918_057637A/frame_00028.jpg,
/Users/tontran/Library/CloudStorage/OneDrive-VisualDefenceInc/Projects/road_object_shared/raw_frames/nighttime/20250727200918_057637A/frame_00029.jpg,
/Users/tontran/Library/CloudStorage/OneDrive-VisualDefenceInc/Projects/road_object_shared/raw_frames/nighttime/20250727200918_057637A/frame_00030.jpg,
/Users/tontran/Library/CloudStorage/OneDrive-VisualDefenceInc/Projects/road_object_shared/raw_frames/nighttime/20250727200918_057637A/frame_00031.jpg,
/Users/tontran/Library/CloudStorage/OneDrive-VisualDefenceInc/Projects/road_object_shared/raw_frames/nighttime/20250727200918_057637A/frame_00032.jpg,car
/Users/tontran/Library/CloudStorage/OneDrive-VisualDefenceInc/Projects/road_object_shared/raw_frames/nighttime/20250727200918_057637A/frame_00033.jpg,
/Users/tontran/Library/CloudStorage/OneDrive-VisualDefenceInc/Projects/road_object_shared/raw_frames/nighttime/20250727200918_057637A/frame_00034.jpg,
/Users/tontran/Library/CloudStorage/OneDrive-VisualDefenceInc/Projects/road_object_shared/raw_frames/nighttime/20250727200918_057637A/frame_00035.jpg,
/Users/tontran/Library/CloudStorage/OneDrive-VisualDefenceInc/Projects/road_object_shared/raw_frames/nighttime/20250727200918_057637A/frame_00036.jpg,
/Users/tontran/Library/CloudStorage/OneDrive-VisualDefenceInc/Projects/road_object_shared/raw_frames/nighttime/20250727200918_057637A/frame_00037.jpg,
/Users/tontran/Library/CloudStorage/OneDrive-VisualDefenceInc/Projects/road_object_shared/raw_frames/nighttime/20250727200918_057637A/frame_00038.jpg,
/Users/tontran/Library/CloudStorage/OneDrive-VisualDefenceInc/Projects/road_object_shared/raw_frames/nighttime/20250727200918_057637A/frame_00039.jpg,car
/Users/tontran/Library/CloudStorage/OneDrive-VisualDefenceInc/Projects/road_object_shared/raw_frames/nighttime/20250727200918_057637A/frame_00040.jpg,car
/Users/tontran/Library/CloudStorage/OneDrive-VisualDefenceInc/Projects/road_object_shared/raw_frames/nighttime/20250727200918_057637A/frame_00041.jpg,car
/Users/tontran/Library/CloudStorage/OneDrive-VisualDefenceInc/Projects/road_object_shared/raw_frames/nighttime/20250727200918_057637A/frame_00042.jpg,car
/Users/tontran/Library/CloudStorage/OneDrive-VisualDefenceInc/Projects/road_object_shared/raw_frames/nighttime/20250727200918_057637A/frame_00043.jpg,car
/Users/tontran/Library/CloudStorage/OneDrive-VisualDefenceInc/Projects/road_object_shared/raw_frames/nighttime/20250727200918_057637A/frame_00044.jpg,car
/Users/tontran/Library/CloudStorage/OneDrive-VisualDefenceInc/Projects/road_object_shared/raw_frames/nighttime/20250727200918_057637A/frame_00045.jpg,car
/Users/tontran/Library/CloudStorage/OneDrive-VisualDefenceInc/Projects/road_object_shared/raw_frames/nighttime/20250727200918_057637A/frame_00046.jpg,car
/Users/tontran/Library/CloudStorage/OneDrive-VisualDefenceInc/Projects/road_object_shared/raw_frames/nighttime/20250727200918_057637A/frame_00047.jpg,car
/Users/tontran/Library/CloudStorage/OneDrive-VisualDefenceInc/Projects/road_object_shared/raw_frames/nighttime/20250727201018_057639A/frame_00000.jpg,car
/Users/tontran/Library/CloudStorage/OneDrive-VisualDefenceInc/Projects/road_object_shared/raw_frames/nighttime/20250727201018_057639A/frame_00001.jpg,car
/Users/tontran/Library/CloudStorage/OneDrive-VisualDefenceInc/Projects/road_object_shared/raw_frames/nighttime/20250727201018_057639A/frame_00002.jpg,car
/Users/tontran/Library/CloudStorage/OneDrive-VisualDefenceInc/Projects/road_object_shared/raw_frames/nighttime/20250727201018_057639A/frame_00003.jpg,car
/Users/tontran/Library/CloudStorage/OneDrive-VisualDefenceInc/Projects/road_object_shared/raw_frames/nighttime/20250727201018_057639A/frame_00004.jpg,car
/Users/tontran/Library/CloudStorage/OneDrive-VisualDefenceInc/Projects/road_object_shared/raw_frames/nighttime/20250727201018_057639A/frame_00005.jpg,car
/Users/tontran/Library/CloudStorage/OneDrive-VisualDefenceInc/Projects/road_object_shared/raw_frames/nighttime/20250727201018_057639A/frame_00006.jpg,car
/Users/tontran/Library/CloudStorage/OneDrive-VisualDefenceInc/Projects/road_object_shared/raw_frames/nighttime/20250727201018_057639A/frame_00007.jpg,car
/Users/tontran/Library/CloudStorage/OneDrive-VisualDefenceInc/Projects/road_object_shared/raw_frames/nighttime/20250727201018_057639A/frame_00008.jpg,car
/Users/tontran/Library/CloudStorage/OneDrive-VisualDefenceInc/Projects/road_object_shared/raw_frames/nighttime/20250727201018_057639A/frame_00009.jpg,car
/Users/tontran/Library/CloudStorage/OneDrive-VisualDefenceInc/Projects/road_object_shared/raw_frames/nighttime/20250727201018_057639A/frame_00010.jpg,car
/Users/tontran/Library/CloudStorage/OneDrive-VisualDefenceInc/Projects/road_object_shared/raw_frames/nighttime/20250727201018_057639A/frame_00011.jpg,car
/Users/tontran/Library/CloudStorage/OneDrive-VisualDefenceInc/Projects/road_object_shared/raw_frames/nighttime/20250727201018_057639A/frame_00012.jpg,
/Users/tontran/Library/CloudStorage/OneDrive-VisualDefenceInc/Projects/road_object_shared/raw_frames/nighttime/20250727201018_057639A/frame_00013.jpg,
/Users/tontran/Library/CloudStorage/OneDrive-VisualDefenceInc/Projects/road_object_shared/raw_frames/nighttime/20250727201018_057639A/frame_00014.jpg,
/Users/tontran/Library/CloudStorage/OneDrive-VisualDefenceInc/Projects/road_object_shared/raw_frames/nighttime/20250727201018_057639A/frame_00015.jpg,
/Users/tontran/Library/CloudStorage/OneDrive-VisualDefenceInc/Projects/road_object_shared/raw_frames/nighttime/20250727201018_057639A/frame_00016.jpg,
/Users/tontran/Library/CloudStorage/OneDrive-VisualDefenceInc/Projects/road_object_shared/raw_frames/nighttime/20250727201018_057639A/frame_00017.jpg,
/Users/tontran/Library/CloudStorage/OneDrive-VisualDefenceInc/Projects/road_object_shared/raw_frames/nighttime/20250727201018_057639A/frame_00018.jpg,
/Users/tontran/Library/CloudStorage/OneDrive-VisualDefenceInc/Projects/road_object_shared/raw_frames/nighttime/20250727201018_057639A/frame_00019.jpg,
/Users/tontran/Library/CloudStorage/OneDrive-VisualDefenceInc/Projects/road_object_shared/raw_frames/nighttime/20250727201018_057639A/frame_00020.jpg,
/Users/tontran/Library/CloudStorage/OneDrive-VisualDefenceInc/Projects/road_object_shared/raw_frames/nighttime/20250727201018_057639A/frame_00021.jpg,car
/Users/tontran/Library/CloudStorage/OneDrive-VisualDefenceInc/Projects/road_object_shared/raw_frames/nighttime/20250727201018_057639A/frame_00022.jpg,
/Users/tontran/Library/CloudStorage/OneDrive-VisualDefenceInc/Projects/road_object_shared/raw_frames/nighttime/20250727201018_057639A/frame_00023.jpg,
/Users/tontran/Library/CloudStorage/OneDrive-VisualDefenceInc/Projects/road_object_shared/raw_frames/nighttime/20250727201018_057639A/frame_00024.jpg,
/Users/tontran/Library/CloudStorage/OneDrive-VisualDefenceInc/Projects/road_object_shared/raw_frames/nighttime/20250727201018_057639A/frame_00025.jpg,
/Users/tontran/Library/CloudStorage/OneDrive-VisualDefenceInc/Projects/road_object_shared/raw_frames/nighttime/20250727201018_057639A/frame_00026.jpg,
/Users/tontran/Library/CloudStorage/OneDrive-VisualDefenceInc/Projects/road_object_shared/raw_frames/nighttime/20250727201018_057639A/frame_00027.jpg,
/Users/tontran/Library/CloudStorage/OneDrive-VisualDefenceInc/Projects/road_object_shared/raw_frames/nighttime/20250727201018_057639A/frame_00028.jpg,
/Users/tontran/Library/CloudStorage/OneDrive-VisualDefenceInc/Projects/road_object_shared/raw_frames/nighttime/20250727201018_057639A/frame_00029.jpg,
/Users/tontran/Library/CloudStorage/OneDrive-VisualDefenceInc/Projects/road_object_shared/raw_frames/nighttime/20250727201018_057639A/frame_00030.jpg,
/Users/tontran/Library/CloudStorage/OneDrive-VisualDefenceInc/Projects/road_object_shared/raw_frames/nighttime/20250727201018_057639A/frame_00031.jpg,
/Users/tontran/Library/CloudStorage/OneDrive-VisualDefenceInc/Projects/road_object_shared/raw_frames/nighttime/20250727201018_057639A/frame_00032.jpg,
/Users/tontran/Library/CloudStorage/OneDrive-VisualDefenceInc/Projects/road_object_shared/raw_frames/nighttime/20250727201018_057639A/frame_00033.jpg,
/Users/tontran/Library/CloudStorage/OneDrive-VisualDefenceInc/Projects/road_object_shared/raw_frames/nighttime/20250727201018_057639A/frame_00034.jpg,
/Users/tontran/Library/CloudStorage/OneDrive-VisualDefenceInc/Projects/road_object_shared/raw_frames/nighttime/20250727201018_057639A/frame_00035.jpg,
/Users/tontran/Library/CloudStorage/OneDrive-VisualDefenceInc/Projects/road_object_shared/raw_frames/nighttime/20250727201018_057639A/frame_00036.jpg,
/Users/tontran/Library/CloudStorage/OneDrive-VisualDefenceInc/Projects/road_object_shared/raw_frames/nighttime/20250727201018_057639A/frame_00037.jpg,
/Users/tontran/Library/CloudStorage/OneDrive-VisualDefenceInc/Projects/road_object_shared/raw_frames/nighttime/20250727201018_057639A/frame_00038.jpg,
/Users/tontran/Library/CloudStorage/OneDrive-VisualDefenceInc/Projects/road_object_shared/raw_frames/nighttime/20250727201018_057639A/frame_00039.jpg,
/Users/tontran/Library/CloudStorage/OneDrive-VisualDefenceInc/Projects/road_object_shared/raw_frames/nighttime/20250727201018_057639A/frame_00040.jpg,
/Users/tontran/Library/CloudStorage/OneDrive-VisualDefenceInc/Projects/road_object_shared/raw_frames/nighttime/20250727201018_057639A/frame_00041.jpg,
/Users/tontran/Library/CloudStorage/OneDrive-VisualDefenceInc/Projects/road_object_shared/raw_frames/nighttime/20250727201018_057639A/frame_00042.jpg,
/Users/tontran/Library/CloudStorage/OneDrive-VisualDefenceInc/Projects/road_object_shared/raw_frames/nighttime/20250727201018_057639A/frame_00043.jpg,car
/Users/tontran/Library/CloudStorage/OneDrive-VisualDefenceInc/Projects/road_object_shared/raw_frames/nighttime/20250727201018_057639A/frame_00044.jpg,
/Users/tontran/Library/CloudStorage/OneDrive-VisualDefenceInc/Projects/road_object_shared/raw_frames/nighttime/20250727201018_057639A/frame_00045.jpg,
/Users/tontran/Library/CloudStorage/OneDrive-VisualDefenceInc/Projects/road_object_shared/raw_frames/nighttime/20250727201018_057639A/frame_00046.jpg,car
/Users/tontran/Library/CloudStorage/OneDrive-VisualDefenceInc/Projects/road_object_shared/raw_frames/nighttime/20250727201018_057639A/frame_00047.jpg,
/Users/tontran/Library/CloudStorage/OneDrive-VisualDefenceInc/Projects/road_object_shared/raw_frames/nighttime/20250727201118_057641A/frame_00000.jpg,car
/Users/tontran/Library/CloudStorage/OneDrive-VisualDefenceInc/Projects/road_object_shared/raw_frames/nighttime/20250727201118_057641A/frame_00001.jpg,
/Users/tontran/Library/CloudStorage/OneDrive-VisualDefenceInc/Projects/road_object_shared/raw_frames/nighttime/20250727201118_057641A/frame_00002.jpg,
/Users/tontran/Library/CloudStorage/OneDrive-VisualDefenceInc/Projects/road_object_shared/raw_frames/nighttime/20250727201118_057641A/frame_00003.jpg,
/Users/tontran/Library/CloudStorage/OneDrive-VisualDefenceInc/Projects/road_object_shared/raw_frames/nighttime/20250727201118_057641A/frame_00004.jpg,
/Users/tontran/Library/CloudStorage/OneDrive-VisualDefenceInc/Projects/road_object_shared/raw_frames/nighttime/20250727201118_057641A/frame_00005.jpg,truck
/Users/tontran/Library/CloudStorage/OneDrive-VisualDefenceInc/Projects/road_object_shared/raw_frames/nighttime/20250727201118_057641A/frame_00006.jpg,truck
/Users/tontran/Library/CloudStorage/OneDrive-VisualDefenceInc/Projects/road_object_shared/raw_frames/nighttime/20250727201118_057641A/frame_00007.jpg,truck
/Users/tontran/Library/CloudStorage/OneDrive-VisualDefenceInc/Projects/road_object_shared/raw_frames/nighttime/20250727201118_057641A/frame_00008.jpg,truck
/Users/tontran/Library/CloudStorage/OneDrive-VisualDefenceInc/Projects/road_object_shared/raw_frames/nighttime/20250727201118_057641A/frame_00009.jpg,truck
/Users/tontran/Library/CloudStorage/OneDrive-VisualDefenceInc/Projects/road_object_shared/raw_frames/nighttime/20250727201118_057641A/frame_00010.jpg,truck
/Users/tontran/Library/CloudStorage/OneDrive-VisualDefenceInc/Projects/road_object_shared/raw_frames/nighttime/20250727201118_057641A/frame_00011.jpg,
/Users/tontran/Library/CloudStorage/OneDrive-VisualDefenceInc/Projects/road_object_shared/raw_frames/nighttime/20250727201118_057641A/frame_00012.jpg,
/Users/tontran/Library/CloudStorage/OneDrive-VisualDefenceInc/Projects/road_object_shared/raw_frames/nighttime/20250727201118_057641A/frame_00013.jpg,
/Users/tontran/Library/CloudStorage/OneDrive-VisualDefenceInc/Projects/road_object_shared/raw_frames/nighttime/20250727201118_057641A/frame_00014.jpg,
/Users/tontran/Library/CloudStorage/OneDrive-VisualDefenceInc/Projects/road_object_shared/raw_frames/nighttime/20250727201118_057641A/frame_00015.jpg,
/Users/tontran/Library/CloudStorage/OneDrive-VisualDefenceInc/Projects/road_object_shared/raw_frames/nighttime/20250727201118_057641A/frame_00016.jpg,
/Users/tontran/Library/CloudStorage/OneDrive-VisualDefenceInc/Projects/road_object_shared/raw_frames/nighttime/20250727201118_057641A/frame_00017.jpg,
/Users/tontran/Library/CloudStorage/OneDrive-VisualDefenceInc/Projects/road_object_shared/raw_frames/nighttime/20250727201118_057641A/frame_00018.jpg,
/Users/tontran/Library/CloudStorage/OneDrive-VisualDefenceInc/Projects/road_object_shared/raw_frames/nighttime/20250727201118_057641A/frame_00019.jpg,
/Users/tontran/Library/CloudStorage/OneDrive-VisualDefenceInc/Projects/road_object_shared/raw_frames/nighttime/20250727201118_057641A/frame_00020.jpg,
/Users/tontran/Library/CloudStorage/OneDrive-VisualDefenceInc/Projects/road_object_shared/raw_frames/nighttime/20250727201118_057641A/frame_00021.jpg,
/Users/tontran/Library/CloudStorage/OneDrive-VisualDefenceInc/Projects/road_object_shared/raw_frames/nighttime/20250727201118_057641A/frame_00022.jpg,
/Users/tontran/Library/CloudStorage/OneDrive-VisualDefenceInc/Projects/road_object_shared/raw_frames/nighttime/20250727201118_057641A/frame_00023.jpg,
/Users/tontran/Library/CloudStorage/OneDrive-VisualDefenceInc/Projects/road_object_shared/raw_frames/nighttime/20250727201118_057641A/frame_00024.jpg,
/Users/tontran/Library/CloudStorage/OneDrive-VisualDefenceInc/Projects/road_object_shared/raw_frames/nighttime/20250727201118_057641A/frame_00025.jpg,
/Users/tontran/Library/CloudStorage/OneDrive-VisualDefenceInc/Projects/road_object_shared/raw_frames/nighttime/20250727201118_057641A/frame_00026.jpg,
/Users/tontran/Library/CloudStorage/OneDrive-VisualDefenceInc/Projects/road_object_shared/raw_frames/nighttime/20250727201118_057641A/frame_00027.jpg,truck
/Users/tontran/Library/CloudStorage/OneDrive-VisualDefenceInc/Projects/road_object_shared/raw_frames/nighttime/20250727201118_057641A/frame_00028.jpg,
/Users/tontran/Library/CloudStorage/OneDrive-VisualDefenceInc/Projects/road_object_shared/raw_frames/nighttime/20250727201118_057641A/frame_00029.jpg,car
/Users/tontran/Library/CloudStorage/OneDrive-VisualDefenceInc/Projects/road_object_shared/raw_frames/nighttime/20250727201118_057641A/frame_00030.jpg,
/Users/tontran/Library/CloudStorage/OneDrive-VisualDefenceInc/Projects/road_object_shared/raw_frames/nighttime/20250727201118_057641A/frame_00031.jpg,
/Users/tontran/Library/CloudStorage/OneDrive-VisualDefenceInc/Projects/road_object_shared/raw_frames/nighttime/20250727201118_057641A/frame_00032.jpg,
/Users/tontran/Library/CloudStorage/OneDrive-VisualDefenceInc/Projects/road_object_shared/raw_frames/nighttime/20250727201118_057641A/frame_00033.jpg,
/Users/tontran/Library/CloudStorage/OneDrive-VisualDefenceInc/Projects/road_object_shared/raw_frames/nighttime/20250727201118_057641A/frame_00034.jpg,
/Users/tontran/Library/CloudStorage/OneDrive-VisualDefenceInc/Projects/road_object_shared/raw_frames/nighttime/20250727201118_057641A/frame_00035.jpg,
/Users/tontran/Library/CloudStorage/OneDrive-VisualDefenceInc/Projects/road_object_shared/raw_frames/nighttime/20250727201118_057641A/frame_00036.jpg,car
/Users/tontran/Library/CloudStorage/OneDrive-VisualDefenceInc/Projects/road_object_shared/raw_frames/nighttime/20250727201118_057641A/frame_00037.jpg,truck
/Users/tontran/Library/CloudStorage/OneDrive-VisualDefenceInc/Projects/road_object_shared/raw_frames/nighttime/20250727201118_057641A/frame_00038.jpg,car
/Users/tontran/Library/CloudStorage/OneDrive-VisualDefenceInc/Projects/road_object_shared/raw_frames/nighttime/20250727201118_057641A/frame_00039.jpg,car
/Users/tontran/Library/CloudStorage/OneDrive-VisualDefenceInc/Projects/road_object_shared/raw_frames/nighttime/20250727201118_057641A/frame_00040.jpg,car
/Users/tontran/Library/CloudStorage/OneDrive-VisualDefenceInc/Projects/road_object_shared/raw_frames/nighttime/20250727201118_057641A/frame_00041.jpg,car
/Users/tontran/Library/CloudStorage/OneDrive-VisualDefenceInc/Projects/road_object_shared/raw_frames/nighttime/20250727201118_057641A/frame_00042.jpg,car
/Users/tontran/Library/CloudStorage/OneDrive-VisualDefenceInc/Projects/road_object_shared/raw_frames/nighttime/20250727201118_057641A/frame_00043.jpg,car
/Users/tontran/Library/CloudStorage/OneDrive-VisualDefenceInc/Projects/road_object_shared/raw_frames/nighttime/20250727201118_057641A/frame_00044.jpg,car
/Users/tontran/Library/CloudStorage/OneDrive-VisualDefenceInc/Projects/road_object_shared/raw_frames/nighttime/20250727201118_057641A/frame_00045.jpg,car
/Users/tontran/Library/CloudStorage/OneDrive-VisualDefenceInc/Projects/road_object_shared/raw_frames/nighttime/20250727201118_057641A/frame_00046.jpg,car
/Users/tontran/Library/CloudStorage/OneDrive-VisualDefenceInc/Projects/road_object_shared/raw_frames/nighttime/20250727201118_057641A/frame_00047.jpg,car
/Users/tontran/Library/CloudStorage/OneDrive-VisualDefenceInc/Projects/road_object_shared/raw_frames/nighttime/20250727201218_057643A/frame_00000.jpg,car
/Users/tontran/Library/CloudStorage/OneDrive-VisualDefenceInc/Projects/road_object_shared/raw_frames/nighttime/20250727201218_057643A/frame_00001.jpg,car
/Users/tontran/Library/CloudStorage/OneDrive-VisualDefenceInc/Projects/road_object_shared/raw_frames/nighttime/20250727201218_057643A/frame_00002.jpg,car
/Users/tontran/Library/CloudStorage/OneDrive-VisualDefenceInc/Projects/road_object_shared/raw_frames/nighttime/20250727201218_057643A/frame_00003.jpg,car
/Users/tontran/Library/CloudStorage/OneDrive-VisualDefenceInc/Projects/road_object_shared/raw_frames/nighttime/20250727201218_057643A/frame_00004.jpg,car
/Users/tontran/Library/CloudStorage/OneDrive-VisualDefenceInc/Projects/road_object_shared/raw_frames/nighttime/20250727201218_057643A/frame_00005.jpg,car
/Users/tontran/Library/CloudStorage/OneDrive-VisualDefenceInc/Projects/road_object_shared/raw_frames/nighttime/20250727201218_057643A/frame_00006.jpg,car
/Users/tontran/Library/CloudStorage/OneDrive-VisualDefenceInc/Projects/road_object_shared/raw_frames/nighttime/20250727201218_057643A/frame_00007.jpg,car
/Users/tontran/Library/CloudStorage/OneDrive-VisualDefenceInc/Projects/road_object_shared/raw_frames/nighttime/20250727201218_057643A/frame_00008.jpg,car
/Users/tontran/Library/CloudStorage/OneDrive-VisualDefenceInc/Projects/road_object_shared/raw_frames/nighttime/20250727201218_057643A/frame_00009.jpg,car
/Users/tontran/Library/CloudStorage/OneDrive-VisualDefenceInc/Projects/road_object_shared/raw_frames/nighttime/20250727201218_057643A/frame_00010.jpg,car
/Users/tontran/Library/CloudStorage/OneDrive-VisualDefenceInc/Projects/road_object_shared/raw_frames/nighttime/20250727201218_057643A/frame_00011.jpg,car
/Users/tontran/Library/CloudStorage/OneDrive-VisualDefenceInc/Projects/road_object_shared/raw_frames/nighttime/20250727201218_057643A/frame_00012.jpg,car
/Users/tontran/Library/CloudStorage/OneDrive-VisualDefenceInc/Projects/road_object_shared/raw_frames/nighttime/20250727201218_057643A/frame_00013.jpg,car
/Users/tontran/Library/CloudStorage/OneDrive-VisualDefenceInc/Projects/road_object_shared/raw_frames/nighttime/20250727201218_057643A/frame_00014.jpg,car
/Users/tontran/Library/CloudStorage/OneDrive-VisualDefenceInc/Projects/road_object_shared/raw_frames/nighttime/20250727201218_057643A/frame_00015.jpg,car
/Users/tontran/Library/CloudStorage/OneDrive-VisualDefenceInc/Projects/road_object_shared/raw_frames/nighttime/20250727201218_057643A/frame_00016.jpg,car
/Users/tontran/Library/CloudStorage/OneDrive-VisualDefenceInc/Projects/road_object_shared/raw_frames/nighttime/20250727201218_057643A/frame_00017.jpg,car
/Users/tontran/Library/CloudStorage/OneDrive-VisualDefenceInc/Projects/road_object_shared/raw_frames/nighttime/20250727201218_057643A/frame_00018.jpg,car
/Users/tontran/Library/CloudStorage/OneDrive-VisualDefenceInc/Projects/road_object_shared/raw_frames/nighttime/20250727201218_057643A/frame_00019.jpg,car
/Users/tontran/Library/CloudStorage/OneDrive-VisualDefenceInc/Projects/road_object_shared/raw_frames/nighttime/20250727201218_057643A/frame_00020.jpg,car
/Users/tontran/Library/CloudStorage/OneDrive-VisualDefenceInc/Projects/road_object_shared/raw_frames/nighttime/20250727201218_057643A/frame_00021.jpg,car
/Users/tontran/Library/CloudStorage/OneDrive-VisualDefenceInc/Projects/road_object_shared/raw_frames/nighttime/20250727201218_057643A/frame_00022.jpg,car
/Users/tontran/Library/CloudStorage/OneDrive-VisualDefenceInc/Projects/road_object_shared/raw_frames/nighttime/20250727201218_057643A/frame_00023.jpg,car
/Users/tontran/Library/CloudStorage/OneDrive-VisualDefenceInc/Projects/road_object_shared/raw_frames/nighttime/20250727201218_057643A/frame_00024.jpg,car
/Users/tontran/Library/CloudStorage/OneDrive-VisualDefenceInc/Projects/road_object_shared/raw_frames/nighttime/20250727201218_057643A/frame_00025.jpg,car
/Users/tontran/Library/CloudStorage/OneDrive-VisualDefenceInc/Projects/road_object_shared/raw_frames/nighttime/20250727201218_057643A/frame_00026.jpg,car
/Users/tontran/Library/CloudStorage/OneDrive-VisualDefenceInc/Projects/road_object_shared/raw_frames/nighttime/20250727201218_057643A/frame_00027.jpg,car
/Users/tontran/Library/CloudStorage/OneDrive-VisualDefenceInc/Projects/road_object_shared/raw_frames/nighttime/20250727201218_057643A/frame_00028.jpg,car
/Users/tontran/Library/CloudStorage/OneDrive-VisualDefenceInc/Projects/road_object_shared/raw_frames/nighttime/20250727201218_057643A/frame_00029.jpg,car
/Users/tontran/Library/CloudStorage/OneDrive-VisualDefenceInc/Projects/road_object_shared/raw_frames/nighttime/20250727201218_057643A/frame_00030.jpg,car
/Users/tontran/Library/CloudStorage/OneDrive-VisualDefenceInc/Projects/road_object_shared/raw_frames/nighttime/20250727201218_057643A/frame_00031.jpg,car
/Users/tontran/Library/CloudStorage/OneDrive-VisualDefenceInc/Projects/road_object_shared/raw_frames/nighttime/20250727201218_057643A/frame_00032.jpg,car
/Users/tontran/Library/CloudStorage/OneDrive-VisualDefenceInc/Projects/road_object_shared/raw_frames/nighttime/20250727201218_057643A/frame_00033.jpg,car
/Users/tontran/Library/CloudStorage/OneDrive-VisualDefenceInc/Projects/road_object_shared/raw_frames/nighttime/20250727201218_057643A/frame_00034.jpg,car
/Users/tontran/Library/CloudStorage/OneDrive-VisualDefenceInc/Projects/road_object_shared/raw_frames/nighttime/20250727201218_057643A/frame_00035.jpg,car
/Users/tontran/Library/CloudStorage/OneDrive-VisualDefenceInc/Projects/road_object_shared/raw_frames/nighttime/20250727201218_057643A/frame_00036.jpg,car
/Users/tontran/Library/CloudStorage/OneDrive-VisualDefenceInc/Projects/road_object_shared/raw_frames/nighttime/20250727201218_057643A/frame_00037.jpg,car
/Users/tontran/Library/CloudStorage/OneDrive-VisualDefenceInc/Projects/road_object_shared/raw_frames/nighttime/20250727201218_057643A/frame_00038.jpg,car
/Users/tontran/Library/CloudStorage/OneDrive-VisualDefenceInc/Projects/road_object_shared/raw_frames/nighttime/20250727201218_057643A/frame_00039.jpg,car
/Users/tontran/Library/CloudStorage/OneDrive-VisualDefenceInc/Projects/road_object_shared/raw_frames/nighttime/20250727201218_057643A/frame_00040.jpg,car
/Users/tontran/Library/CloudStorage/OneDrive-VisualDefenceInc/Projects/road_object_shared/raw_frames/nighttime/20250727201218_057643A/frame_00041.jpg,car
/Users/tontran/Library/CloudStorage/OneDrive-VisualDefenceInc/Projects/road_object_shared/raw_frames/nighttime/20250727201218_057643A/frame_00042.jpg,car
/Users/tontran/Library/CloudStorage/OneDrive-VisualDefenceInc/Projects/road_object_shared/raw_frames/nighttime/20250727201218_057643A/frame_00043.jpg,car
/Users/tontran/Library/CloudStorage/OneDrive-VisualDefenceInc/Projects/road_object_shared/raw_frames/nighttime/20250727201218_057643A/frame_00044.jpg,car
/Users/tontran/Library/CloudStorage/OneDrive-VisualDefenceInc/Projects/road_object_shared/raw_frames/nighttime/20250727201218_057643A/frame_00045.jpg,car
/Users/tontran/Library/CloudStorage/OneDrive-VisualDefenceInc/Projects/road_object_shared/raw_frames/nighttime/20250727201218_057643A/frame_00046.jpg,car
/Users/tontran/Library/CloudStorage/OneDrive-VisualDefenceInc/Projects/road_object_shared/raw_frames/nighttime/20250727201218_057643A/frame_00047.jpg,car
/Users/tontran/Library/CloudStorage/OneDrive-VisualDefenceInc/Projects/road_object_shared/raw_frames/nighttime/20250727201318_057645A/frame_00000.jpg,car
/Users/tontran/Library/CloudStorage/OneDrive-VisualDefenceInc/Projects/road_object_shared/raw_frames/nighttime/20250727201318_057645A/frame_00001.jpg,car
/Users/tontran/Library/CloudStorage/OneDrive-VisualDefenceInc/Projects/road_object_shared/raw_frames/nighttime/20250727201318_057645A/frame_00002.jpg,car
/Users/tontran/Library/CloudStorage/OneDrive-VisualDefenceInc/Projects/road_object_shared/raw_frames/nighttime/20250727201318_057645A/frame_00003.jpg,car
/Users/tontran/Library/CloudStorage/OneDrive-VisualDefenceInc/Projects/road_object_shared/raw_frames/nighttime/20250727201318_057645A/frame_00004.jpg,car
/Users/tontran/Library/CloudStorage/OneDrive-VisualDefenceInc/Projects/road_object_shared/raw_frames/nighttime/20250727201318_057645A/frame_00005.jpg,car
/Users/tontran/Library/CloudStorage/OneDrive-VisualDefenceInc/Projects/road_object_shared/raw_frames/nighttime/20250727201318_057645A/frame_00006.jpg,car
/Users/tontran/Library/CloudStorage/OneDrive-VisualDefenceInc/Projects/road_object_shared/raw_frames/nighttime/20250727201318_057645A/frame_00007.jpg,car
/Users/tontran/Library/CloudStorage/OneDrive-VisualDefenceInc/Projects/road_object_shared/raw_frames/nighttime/20250727201318_057645A/frame_00008.jpg,car
/Users/tontran/Library/CloudStorage/OneDrive-VisualDefenceInc/Projects/road_object_shared/raw_frames/nighttime/20250727201318_057645A/frame_00009.jpg,car
/Users/tontran/Library/CloudStorage/OneDrive-VisualDefenceInc/Projects/road_object_shared/raw_frames/nighttime/20250727201318_057645A/frame_00010.jpg,car
/Users/tontran/Library/CloudStorage/OneDrive-VisualDefenceInc/Projects/road_object_shared/raw_frames/nighttime/20250727201318_057645A/frame_00011.jpg,car
/Users/tontran/Library/CloudStorage/OneDrive-VisualDefenceInc/Projects/road_object_shared/raw_frames/nighttime/20250727201318_057645A/frame_00012.jpg,car
/Users/tontran/Library/CloudStorage/OneDrive-VisualDefenceInc/Projects/road_object_shared/raw_frames/nighttime/20250727201318_057645A/frame_00013.jpg,car
/Users/tontran/Library/CloudStorage/OneDrive-VisualDefenceInc/Projects/road_object_shared/raw_frames/nighttime/20250727201318_057645A/frame_00014.jpg,car
/Users/tontran/Library/CloudStorage/OneDrive-VisualDefenceInc/Projects/road_object_shared/raw_frames/nighttime/20250727201318_057645A/frame_00015.jpg,car
/Users/tontran/Library/CloudStorage/OneDrive-VisualDefenceInc/Projects/road_object_shared/raw_frames/nighttime/20250727201318_057645A/frame_00016.jpg,car
/Users/tontran/Library/CloudStorage/OneDrive-VisualDefenceInc/Projects/road_object_shared/raw_frames/nighttime/20250727201318_057645A/frame_00017.jpg,car
/Users/tontran/Library/CloudStorage/OneDrive-VisualDefenceInc/Projects/road_object_shared/raw_frames/nighttime/20250727201318_057645A/frame_00018.jpg,car
/Users/tontran/Library/CloudStorage/OneDrive-VisualDefenceInc/Projects/road_object_shared/raw_frames/nighttime/20250727201318_057645A/frame_00019.jpg,car
/Users/tontran/Library/CloudStorage/OneDrive-VisualDefenceInc/Projects/road_object_shared/raw_frames/nighttime/20250727201318_057645A/frame_00020.jpg,car
/Users/tontran/Library/CloudStorage/OneDrive-VisualDefenceInc/Projects/road_object_shared/raw_frames/nighttime/20250727201318_057645A/frame_00021.jpg,car
/Users/tontran/Library/CloudStorage/OneDrive-VisualDefenceInc/Projects/road_object_shared/raw_frames/nighttime/20250727201318_057645A/frame_00022.jpg,car
/Users/tontran/Library/CloudStorage/OneDrive-VisualDefenceInc/Projects/road_object_shared/raw_frames/nighttime/20250727201318_057645A/frame_00023.jpg,car
/Users/tontran/Library/CloudStorage/OneDrive-VisualDefenceInc/Projects/road_object_shared/raw_frames/nighttime/20250727201318_057645A/frame_00024.jpg,car
/Users/tontran/Library/CloudStorage/OneDrive-VisualDefenceInc/Projects/road_object_shared/raw_frames/nighttime/20250727201318_057645A/frame_00025.jpg,car
/Users/tontran/Library/CloudStorage/OneDrive-VisualDefenceInc/Projects/road_object_shared/raw_frames/nighttime/20250727201318_057645A/frame_00026.jpg,car
/Users/tontran/Library/CloudStorage/OneDrive-VisualDefenceInc/Projects/road_object_shared/raw_frames/nighttime/20250727201318_057645A/frame_00027.jpg,car
/Users/tontran/Library/CloudStorage/OneDrive-VisualDefenceInc/Projects/road_object_shared/raw_frames/nighttime/20250727201318_057645A/frame_00028.jpg,car
/Users/tontran/Library/CloudStorage/OneDrive-VisualDefenceInc/Projects/road_object_shared/raw_frames/nighttime/20250727201318_057645A/frame_00029.jpg,car
/Users/tontran/Library/CloudStorage/OneDrive-VisualDefenceInc/Projects/road_object_shared/raw_frames/nighttime/20250727201318_057645A/frame_00030.jpg,car
/Users/tontran/Library/CloudStorage/OneDrive-VisualDefenceInc/Projects/road_object_shared/raw_frames/nighttime/20250727201318_057645A/frame_00031.jpg,car
/Users/tontran/Library/CloudStorage/OneDrive-VisualDefenceInc/Projects/road_object_shared/raw_frames/nighttime/20250727201318_057645A/frame_00032.jpg,car
/Users/tontran/Library/CloudStorage/OneDrive-VisualDefenceInc/Projects/road_object_shared/raw_frames/nighttime/20250727201318_057645A/frame_00033.jpg,car
/Users/tontran/Library/CloudStorage/OneDrive-VisualDefenceInc/Projects/road_object_shared/raw_frames/nighttime/20250727201318_057645A/frame_00034.jpg,car
/Users/tontran/Library/CloudStorage/OneDrive-VisualDefenceInc/Projects/road_object_shared/raw_frames/nighttime/20250727201318_057645A/frame_00035.jpg,car
/Users/tontran/Library/CloudStorage/OneDrive-VisualDefenceInc/Projects/road_object_shared/raw_frames/nighttime/20250727201318_057645A/frame_00036.jpg,car
/Users/tontran/Library/CloudStorage/OneDrive-VisualDefenceInc/Projects/road_object_shared/raw_frames/nighttime/20250727201318_057645A/frame_00037.jpg,car
/Users/tontran/Library/CloudStorage/OneDrive-VisualDefenceInc/Projects/road_object_shared/raw_frames/nighttime/20250727201318_057645A/frame_00038.jpg,car
/Users/tontran/Library/CloudStorage/OneDrive-VisualDefenceInc/Projects/road_object_shared/raw_frames/nighttime/20250727201318_057645A/frame_00039.jpg,car
/Users/tontran/Library/CloudStorage/OneDrive-VisualDefenceInc/Projects/road_object_shared/raw_frames/nighttime/20250727201318_057645A/frame_00040.jpg,
/Users/tontran/Library/CloudStorage/OneDrive-VisualDefenceInc/Projects/road_object_shared/raw_frames/nighttime/20250727201318_057645A/frame_00041.jpg,
/Users/tontran/Library/CloudStorage/OneDrive-VisualDefenceInc/Projects/road_object_shared/raw_frames/nighttime/20250727201318_057645A/frame_00042.jpg,
/Users/tontran/Library/CloudStorage/OneDrive-VisualDefenceInc/Projects/road_object_shared/raw_frames/nighttime/20250727201318_057645A/frame_00043.jpg,
/Users/tontran/Library/CloudStorage/OneDrive-VisualDefenceInc/Projects/road_object_shared/raw_frames/nighttime/20250727201318_057645A/frame_00044.jpg,
/Users/tontran/Library/CloudStorage/OneDrive-VisualDefenceInc/Projects/road_object_shared/raw_frames/nighttime/20250727201318_057645A/frame_00045.jpg,
/Users/tontran/Library/CloudStorage/OneDrive-VisualDefenceInc/Projects/road_object_shared/raw_frames/nighttime/20250727201318_057645A/frame_00046.jpg,
/Users/tontran/Library/CloudStorage/OneDrive-VisualDefenceInc/Projects/road_object_shared/raw_frames/nighttime/20250727201318_057645A/frame_00047.jpg,
/Users/tontran/Library/CloudStorage/OneDrive-VisualDefenceInc/Projects/road_object_shared/raw_frames/nighttime/20250727201418_057647A/frame_00000.jpg,car
/Users/tontran/Library/CloudStorage/OneDrive-VisualDefenceInc/Projects/road_object_shared/raw_frames/nighttime/20250727201418_057647A/frame_00001.jpg,car
/Users/tontran/Library/CloudStorage/OneDrive-VisualDefenceInc/Projects/road_object_shared/raw_frames/nighttime/20250727201418_057647A/frame_00002.jpg,car
/Users/tontran/Library/CloudStorage/OneDrive-VisualDefenceInc/Projects/road_object_shared/raw_frames/nighttime/20250727201418_057647A/frame_00003.jpg,car
/Users/tontran/Library/CloudStorage/OneDrive-VisualDefenceInc/Projects/road_object_shared/raw_frames/nighttime/20250727201418_057647A/frame_00004.jpg,car
/Users/tontran/Library/CloudStorage/OneDrive-VisualDefenceInc/Projects/road_object_shared/raw_frames/nighttime/20250727201418_057647A/frame_00005.jpg,car
/Users/tontran/Library/CloudStorage/OneDrive-VisualDefenceInc/Projects/road_object_shared/raw_frames/nighttime/20250727201418_057647A/frame_00006.jpg,car
/Users/tontran/Library/CloudStorage/OneDrive-VisualDefenceInc/Projects/road_object_shared/raw_frames/nighttime/20250727201418_057647A/frame_00007.jpg,car
/Users/tontran/Library/CloudStorage/OneDrive-VisualDefenceInc/Projects/road_object_shared/raw_frames/nighttime/20250727201418_057647A/frame_00008.jpg,car
/Users/tontran/Library/CloudStorage/OneDrive-VisualDefenceInc/Projects/road_object_shared/raw_frames/nighttime/20250727201418_057647A/frame_00009.jpg,car
/Users/tontran/Library/CloudStorage/OneDrive-VisualDefenceInc/Projects/road_object_shared/raw_frames/nighttime/20250727201418_057647A/frame_00010.jpg,car
/Users/tontran/Library/CloudStorage/OneDrive-VisualDefenceInc/Projects/road_object_shared/raw_frames/nighttime/20250727201418_057647A/frame_00011.jpg,car
/Users/tontran/Library/CloudStorage/OneDrive-VisualDefenceInc/Projects/road_object_shared/raw_frames/nighttime/20250727201418_057647A/frame_00012.jpg,car
/Users/tontran/Library/CloudStorage/OneDrive-VisualDefenceInc/Projects/road_object_shared/raw_frames/nighttime/20250727201418_057647A/frame_00013.jpg,car
/Users/tontran/Library/CloudStorage/OneDrive-VisualDefenceInc/Projects/road_object_shared/raw_frames/nighttime/20250727201418_057647A/frame_00014.jpg,car
/Users/tontran/Library/CloudStorage/OneDrive-VisualDefenceInc/Projects/road_object_shared/raw_frames/nighttime/20250727201418_057647A/frame_00015.jpg,car
/Users/tontran/Library/CloudStorage/OneDrive-VisualDefenceInc/Projects/road_object_shared/raw_frames/nighttime/20250727201418_057647A/frame_00016.jpg,car
/Users/tontran/Library/CloudStorage/OneDrive-VisualDefenceInc/Projects/road_object_shared/raw_frames/nighttime/20250727201418_057647A/frame_00017.jpg,car
/Users/tontran/Library/CloudStorage/OneDrive-VisualDefenceInc/Projects/road_object_shared/raw_frames/nighttime/20250727201418_057647A/frame_00018.jpg,car
/Users/tontran/Library/CloudStorage/OneDrive-VisualDefenceInc/Projects/road_object_shared/raw_frames/nighttime/20250727201418_057647A/frame_00019.jpg,car
/Users/tontran/Library/CloudStorage/OneDrive-VisualDefenceInc/Projects/road_object_shared/raw_frames/nighttime/20250727201418_057647A/frame_00020.jpg,car
/Users/tontran/Library/CloudStorage/OneDrive-VisualDefenceInc/Projects/road_object_shared/raw_frames/nighttime/20250727201418_057647A/frame_00021.jpg,car
/Users/tontran/Library/CloudStorage/OneDrive-VisualDefenceInc/Projects/road_object_shared/raw_frames/nighttime/20250727201418_057647A/frame_00022.jpg,car
/Users/tontran/Library/CloudStorage/OneDrive-VisualDefenceInc/Projects/road_object_shared/raw_frames/nighttime/20250727201418_057647A/frame_00023.jpg,car
/Users/tontran/Library/CloudStorage/OneDrive-VisualDefenceInc/Projects/road_object_shared/raw_frames/nighttime/20250727201418_057647A/frame_00024.jpg,car
/Users/tontran/Library/CloudStorage/OneDrive-VisualDefenceInc/Projects/road_object_shared/raw_frames/nighttime/20250727201418_057647A/frame_00025.jpg,car
/Users/tontran/Library/CloudStorage/OneDrive-VisualDefenceInc/Projects/road_object_shared/raw_frames/nighttime/20250727201418_057647A/frame_00026.jpg,car
/Users/tontran/Library/CloudStorage/OneDrive-VisualDefenceInc/Projects/road_object_shared/raw_frames/nighttime/20250727201418_057647A/frame_00027.jpg,car
/Users/tontran/Library/CloudStorage/OneDrive-VisualDefenceInc/Projects/road_object_shared/raw_frames/nighttime/20250727201418_057647A/frame_00028.jpg,car
/Users/tontran/Library/CloudStorage/OneDrive-VisualDefenceInc/Projects/road_object_shared/raw_frames/nighttime/20250727201418_057647A/frame_00029.jpg,car
/Users/tontran/Library/CloudStorage/OneDrive-VisualDefenceInc/Projects/road_object_shared/raw_frames/nighttime/20250727201418_057647A/frame_00030.jpg,car
/Users/tontran/Library/CloudStorage/OneDrive-VisualDefenceInc/Projects/road_object_shared/raw_frames/nighttime/20250727201418_057647A/frame_00031.jpg,car
/Users/tontran/Library/CloudStorage/OneDrive-VisualDefenceInc/Projects/road_object_shared/raw_frames/nighttime/20250727201418_057647A/frame_00032.jpg,car
/Users/tontran/Library/CloudStorage/OneDrive-VisualDefenceInc/Projects/road_object_shared/raw_frames/nighttime/20250727201418_057647A/frame_00033.jpg,car
/Users/tontran/Library/CloudStorage/OneDrive-VisualDefenceInc/Projects/road_object_shared/raw_frames/nighttime/20250727201418_057647A/frame_00034.jpg,car
/Users/tontran/Library/CloudStorage/OneDrive-VisualDefenceInc/Projects/road_object_shared/raw_frames/nighttime/20250727201418_057647A/frame_00035.jpg,car
/Users/tontran/Library/CloudStorage/OneDrive-VisualDefenceInc/Projects/road_object_shared/raw_frames/nighttime/20250727201418_057647A/frame_00036.jpg,car
/Users/tontran/Library/CloudStorage/OneDrive-VisualDefenceInc/Projects/road_object_shared/raw_frames/nighttime/20250727201418_057647A/frame_00037.jpg,car
/Users/tontran/Library/CloudStorage/OneDrive-VisualDefenceInc/Projects/road_object_shared/raw_frames/nighttime/20250727201418_057647A/frame_00038.jpg,car
/Users/tontran/Library/CloudStorage/OneDrive-VisualDefenceInc/Projects/road_object_shared/raw_frames/nighttime/20250727201418_057647A/frame_00039.jpg,car
/Users/tontran/Library/CloudStorage/OneDrive-VisualDefenceInc/Projects/road_object_shared/raw_frames/nighttime/20250727201418_057647A/frame_00040.jpg,car
/Users/tontran/Library/CloudStorage/OneDrive-VisualDefenceInc/Projects/road_object_shared/raw_frames/nighttime/20250727201418_057647A/frame_00041.jpg,car
/Users/tontran/Library/CloudStorage/OneDrive-VisualDefenceInc/Projects/road_object_shared/raw_frames/nighttime/20250727201418_057647A/frame_00042.jpg,car
/Users/tontran/Library/CloudStorage/OneDrive-VisualDefenceInc/Projects/road_object_shared/raw_frames/nighttime/20250727201418_057647A/frame_00043.jpg,car
/Users/tontran/Library/CloudStorage/OneDrive-VisualDefenceInc/Projects/road_object_shared/raw_frames/nighttime/20250727201418_057647A/frame_00044.jpg,car
/Users/tontran/Library/CloudStorage/OneDrive-VisualDefenceInc/Projects/road_object_shared/raw_frames/nighttime/20250727201418_057647A/frame_00045.jpg,car
/Users/tontran/Library/CloudStorage/OneDrive-VisualDefenceInc/Projects/road_object_shared/raw_frames/nighttime/20250727201418_057647A/frame_00046.jpg,car
/Users/tontran/Library/CloudStorage/OneDrive-VisualDefenceInc/Projects/road_object_shared/raw_frames/nighttime/20250727201418_057647A/frame_00047.jpg,car
/Users/tontran/Library/CloudStorage/OneDrive-VisualDefenceInc/Projects/road_object_shared/raw_frames/nighttime/20250727201518_057649A/frame_00000.jpg,car
/Users/tontran/Library/CloudStorage/OneDrive-VisualDefenceInc/Projects/road_object_shared/raw_frames/nighttime/20250727201518_057649A/frame_00001.jpg,car
/Users/tontran/Library/CloudStorage/OneDrive-VisualDefenceInc/Projects/road_object_shared/raw_frames/nighttime/20250727201518_057649A/frame_00002.jpg,car
/Users/tontran/Library/CloudStorage/OneDrive-VisualDefenceInc/Projects/road_object_shared/raw_frames/nighttime/20250727201518_057649A/frame_00003.jpg,car
/Users/tontran/Library/CloudStorage/OneDrive-VisualDefenceInc/Projects/road_object_shared/raw_frames/nighttime/20250727201518_057649A/frame_00004.jpg,car
/Users/tontran/Library/CloudStorage/OneDrive-VisualDefenceInc/Projects/road_object_shared/raw_frames/nighttime/20250727201518_057649A/frame_00005.jpg,car
/Users/tontran/Library/CloudStorage/OneDrive-VisualDefenceInc/Projects/road_object_shared/raw_frames/nighttime/20250727201518_057649A/frame_00006.jpg,car
/Users/tontran/Library/CloudStorage/OneDrive-VisualDefenceInc/Projects/road_object_shared/raw_frames/nighttime/20250727201518_057649A/frame_00007.jpg,car
/Users/tontran/Library/CloudStorage/OneDrive-VisualDefenceInc/Projects/road_object_shared/raw_frames/nighttime/20250727201518_057649A/frame_00008.jpg,car
/Users/tontran/Library/CloudStorage/OneDrive-VisualDefenceInc/Projects/road_object_shared/raw_frames/nighttime/20250727201518_057649A/frame_00009.jpg,car
/Users/tontran/Library/CloudStorage/OneDrive-VisualDefenceInc/Projects/road_object_shared/raw_frames/nighttime/20250727201518_057649A/frame_00010.jpg,car
/Users/tontran/Library/CloudStorage/OneDrive-VisualDefenceInc/Projects/road_object_shared/raw_frames/nighttime/20250727201518_057649A/frame_00011.jpg,car
/Users/tontran/Library/CloudStorage/OneDrive-VisualDefenceInc/Projects/road_object_shared/raw_frames/nighttime/20250727201518_057649A/frame_00012.jpg,car
/Users/tontran/Library/CloudStorage/OneDrive-VisualDefenceInc/Projects/road_object_shared/raw_frames/nighttime/20250727201518_057649A/frame_00013.jpg,car
/Users/tontran/Library/CloudStorage/OneDrive-VisualDefenceInc/Projects/road_object_shared/raw_frames/nighttime/20250727201518_057649A/frame_00014.jpg,car
/Users/tontran/Library/CloudStorage/OneDrive-VisualDefenceInc/Projects/road_object_shared/raw_frames/nighttime/20250727201518_057649A/frame_00015.jpg,car
/Users/tontran/Library/CloudStorage/OneDrive-VisualDefenceInc/Projects/road_object_shared/raw_frames/nighttime/20250727201518_057649A/frame_00016.jpg,car
/Users/tontran/Library/CloudStorage/OneDrive-VisualDefenceInc/Projects/road_object_shared/raw_frames/nighttime/20250727201518_057649A/frame_00017.jpg,car
/Users/tontran/Library/CloudStorage/OneDrive-VisualDefenceInc/Projects/road_object_shared/raw_frames/nighttime/20250727201518_057649A/frame_00018.jpg,car
/Users/tontran/Library/CloudStorage/OneDrive-VisualDefenceInc/Projects/road_object_shared/raw_frames/nighttime/20250727201518_057649A/frame_00019.jpg,car
/Users/tontran/Library/CloudStorage/OneDrive-VisualDefenceInc/Projects/road_object_shared/raw_frames/nighttime/20250727201518_057649A/frame_00020.jpg,car
/Users/tontran/Library/CloudStorage/OneDrive-VisualDefenceInc/Projects/road_object_shared/raw_frames/nighttime/20250727201518_057649A/frame_00021.jpg,car
/Users/tontran/Library/CloudStorage/OneDrive-VisualDefenceInc/Projects/road_object_shared/raw_frames/nighttime/20250727201518_057649A/frame_00022.jpg,car
/Users/tontran/Library/CloudStorage/OneDrive-VisualDefenceInc/Projects/road_object_shared/raw_frames/nighttime/20250727201518_057649A/frame_00023.jpg,car
/Users/tontran/Library/CloudStorage/OneDrive-VisualDefenceInc/Projects/road_object_shared/raw_frames/nighttime/20250727201518_057649A/frame_00024.jpg,car
/Users/tontran/Library/CloudStorage/OneDrive-VisualDefenceInc/Projects/road_object_shared/raw_frames/nighttime/20250727201518_057649A/frame_00025.jpg,car
/Users/tontran/Library/CloudStorage/OneDrive-VisualDefenceInc/Projects/road_object_shared/raw_frames/nighttime/20250727201518_057649A/frame_00026.jpg,car
/Users/tontran/Library/CloudStorage/OneDrive-VisualDefenceInc/Projects/road_object_shared/raw_frames/nighttime/20250727201518_057649A/frame_00027.jpg,car
/Users/tontran/Library/CloudStorage/OneDrive-VisualDefenceInc/Projects/road_object_shared/raw_frames/nighttime/20250727201518_057649A/frame_00028.jpg,car
/Users/tontran/Library/CloudStorage/OneDrive-VisualDefenceInc/Projects/road_object_shared/raw_frames/nighttime/20250727201518_057649A/frame_00029.jpg,car
/Users/tontran/Library/CloudStorage/OneDrive-VisualDefenceInc/Projects/road_object_shared/raw_frames/nighttime/20250727201518_057649A/frame_00030.jpg,car
/Users/tontran/Library/CloudStorage/OneDrive-VisualDefenceInc/Projects/road_object_shared/raw_frames/nighttime/20250727201518_057649A/frame_00031.jpg,car
/Users/tontran/Library/CloudStorage/OneDrive-VisualDefenceInc/Projects/road_object_shared/raw_frames/nighttime/20250727201518_057649A/frame_00032.jpg,car
/Users/tontran/Library/CloudStorage/OneDrive-VisualDefenceInc/Projects/road_object_shared/raw_frames/nighttime/20250727201518_057649A/frame_00033.jpg,car
/Users/tontran/Library/CloudStorage/OneDrive-VisualDefenceInc/Projects/road_object_shared/raw_frames/nighttime/20250727201518_057649A/frame_00034.jpg,car
/Users/tontran/Library/CloudStorage/OneDrive-VisualDefenceInc/Projects/road_object_shared/raw_frames/nighttime/20250727201518_057649A/frame_00035.jpg,car
/Users/tontran/Library/CloudStorage/OneDrive-VisualDefenceInc/Projects/road_object_shared/raw_frames/nighttime/20250727201518_057649A/frame_00036.jpg,car
/Users/tontran/Library/CloudStorage/OneDrive-VisualDefenceInc/Projects/road_object_shared/raw_frames/nighttime/20250727201518_057649A/frame_00037.jpg,car
/Users/tontran/Library/CloudStorage/OneDrive-VisualDefenceInc/Projects/road_object_shared/raw_frames/nighttime/20250727201518_057649A/frame_00038.jpg,car
/Users/tontran/Library/CloudStorage/OneDrive-VisualDefenceInc/Projects/road_object_shared/raw_frames/nighttime/20250727201518_057649A/frame_00039.jpg,car
/Users/tontran/Library/CloudStorage/OneDrive-VisualDefenceInc/Projects/road_object_shared/raw_frames/nighttime/20250727201518_057649A/frame_00040.jpg,car
/Users/tontran/Library/CloudStorage/OneDrive-VisualDefenceInc/Projects/road_object_shared/raw_frames/nighttime/20250727201518_057649A/frame_00041.jpg,car
/Users/tontran/Library/CloudStorage/OneDrive-VisualDefenceInc/Projects/road_object_shared/raw_frames/nighttime/20250727201518_057649A/frame_00042.jpg,car
/Users/tontran/Library/CloudStorage/OneDrive-VisualDefenceInc/Projects/road_object_shared/raw_frames/nighttime/20250727201518_057649A/frame_00043.jpg,car
/Users/tontran/Library/CloudStorage/OneDrive-VisualDefenceInc/Projects/road_object_shared/raw_frames/nighttime/20250727201518_057649A/frame_00044.jpg,car
/Users/tontran/Library/CloudStorage/OneDrive-VisualDefenceInc/Projects/road_object_shared/raw_frames/nighttime/20250727201518_057649A/frame_00045.jpg,car
/Users/tontran/Library/CloudStorage/OneDrive-VisualDefenceInc/Projects/road_object_shared/raw_frames/nighttime/20250727201518_057649A/frame_00046.jpg,car
/Users/tontran/Library/CloudStorage/OneDrive-VisualDefenceInc/Projects/road_object_shared/raw_frames/nighttime/20250727201518_057649A/frame_00047.jpg,car
